CareerField,CareerLevel,EducationLevel,MonthlyIncome
Manufacturing,Entry,Associate Degree,4288
Engineering,Mid,Bachelor's Degree,7090
Construction,Entry,Associate Degree,4734
Media,Entry,Master's Degree,7082
Real Estate,Mid,High School,4753
Media,Mid,Bachelor's Degree,7422
Technology,Entry,Master's Degree,8075
Engineering,Entry,Bachelor's Degree,7199
Forestry,Mid,Master's Degree,7591
Agriculture,Entry,Bachelor's Degree,7432
Transportation,Senior,High School,3729
Finance,Senior,Bachelor's Degree,7288
Legal,Entry,Associate Degree,5101
Manufacturing,Senior,Bachelor's Degree,7505
Technology,Mid,Associate Degree,4862
Energy,Entry,Master's Degree,6407
Construction,Mid,Associate Degree,5491
Energy,Mid,Associate Degree,4645
Transportation,Senior,Master's Degree,8122
Mining,Entry,Master's Degree,7341
Technology,Entry,Associate Degree,5619
Fishing,Senior,Bachelor's Degree,7807
Logistics,Entry,Associate Degree,4561
Fishing,Mid,Associate Degree,5036
Agriculture,Mid,High School,3853
Logistics,Entry,Master's Degree,9342
Manufacturing,Mid,Bachelor's Degree,6723
Construction,Mid,PhD,8961
Technology,Mid,High School,4078
Technology,Entry,Associate Degree,4435
Manufacturing,Entry,Bachelor's Degree,8016
Agriculture,Senior,High School,4244
Construction,Mid,High School,3941
Legal,Mid,Master's Degree,8163
Logistics,Entry,Associate Degree,5565
Healthcare,Entry,Master's Degree,7030
Defense,Entry,Master's Degree,7110
Legal,Entry,Bachelor's Degree,6933
Engineering,Entry,Associate Degree,4195
Finance,Senior,Master's Degree,8154
Construction,Mid,Associate Degree,4452
Logistics,Entry,Bachelor's Degree,7687
Logistics,Mid,Associate Degree,4051
Logistics,Mid,High School,4821
Construction,Mid,Associate Degree,4751
Mining,Entry,Bachelor's Degree,6731
Forestry,Mid,High School,3804
Government,Entry,Master's Degree,9029
Healthcare,Mid,Associate Degree,4494
Fishing,Mid,Bachelor's Degree,5774
Manufacturing,Mid,High School,4348
Mining,Entry,Bachelor's Degree,7981
Media,Entry,Bachelor's Degree,7671
Agriculture,Mid,Bachelor's Degree,6842
Technology,Senior,Bachelor's Degree,7388
Mining,Mid,Associate Degree,4135
Engineering,Mid,Bachelor's Degree,7893
Government,Mid,Bachelor's Degree,5846
Government,Mid,Master's Degree,7530
Media,Mid,Master's Degree,8501
Retail,Mid,Associate Degree,5284
Mining,Senior,Associate Degree,5075
Healthcare,Entry,Associate Degree,4599
Legal,Entry,Bachelor's Degree,7016
Agriculture,Senior,Master's Degree,9162
Energy,Entry,High School,4447
Transportation,Entry,High School,3581
Manufacturing,Senior,Associate Degree,5080
Retail,Senior,Master's Degree,8072
Energy,Mid,Associate Degree,4940
Media,Mid,Bachelor's Degree,5557
Finance,Mid,Master's Degree,6916
Mining,Senior,Master's Degree,7321
Logistics,Mid,High School,3410
Forestry,Senior,Associate Degree,4358
Energy,Mid,Master's Degree,8676
Agriculture,Mid,Bachelor's Degree,6783
Government,Mid,Master's Degree,7752
Finance,Mid,Bachelor's Degree,7717
Real Estate,Senior,Bachelor's Degree,6336
Real Estate,Entry,Associate Degree,5273
Agriculture,Senior,High School,4226
Manufacturing,Entry,PhD,9421
Forestry,Mid,High School,4776
Healthcare,Entry,Associate Degree,4415
Media,Entry,Associate Degree,4803
Finance,Senior,Associate Degree,4128
Education,Senior,Master's Degree,8813
Logistics,Entry,Bachelor's Degree,7798
Fishing,Entry,Master's Degree,8801
Manufacturing,Mid,Associate Degree,4313
Forestry,Mid,Master's Degree,8126
Media,Mid,Bachelor's Degree,6757
Real Estate,Mid,Bachelor's Degree,7998
Transportation,Mid,Master's Degree,8061
Agriculture,Mid,Master's Degree,7268
Fishing,Mid,Master's Degree,6567
Healthcare,Mid,Associate Degree,4434
Transportation,Entry,Bachelor's Degree,5975
Retail,Entry,Associate Degree,5370
Mining,Entry,Bachelor's Degree,7814
Transportation,Mid,Bachelor's Degree,7604
Mining,Mid,Bachelor's Degree,7602
Retail,Mid,Bachelor's Degree,7108
Agriculture,Mid,Bachelor's Degree,7219
Fishing,Entry,Associate Degree,4753
Energy,Entry,Bachelor's Degree,5991
Legal,Mid,High School,3773
Education,Mid,High School,3711
Healthcare,Senior,Master's Degree,7971
Manufacturing,Mid,Master's Degree,7589
Construction,Senior,Bachelor's Degree,6571
Transportation,Senior,High School,4464
Media,Senior,Bachelor's Degree,6814
Forestry,Entry,Master's Degree,7885
Forestry,Entry,Bachelor's Degree,6282
Technology,Mid,Master's Degree,6682
Legal,Mid,Bachelor's Degree,6736
Engineering,Senior,Bachelor's Degree,6700
Energy,Senior,Bachelor's Degree,7321
Retail,Mid,Master's Degree,7572
Government,Entry,Master's Degree,9169
Defense,Entry,Master's Degree,7323
Transportation,Entry,Associate Degree,4389
Education,Entry,Associate Degree,5311
Real Estate,Entry,High School,4357
Manufacturing,Entry,Bachelor's Degree,5539
Healthcare,Mid,Master's Degree,8060
Finance,Mid,Master's Degree,9068
Fishing,Mid,High School,4777
Mining,Entry,Bachelor's Degree,5875
Government,Senior,PhD,11621
Energy,Mid,Bachelor's Degree,5931
Media,Entry,High School,4109
Technology,Entry,Associate Degree,5214
Finance,Mid,Associate Degree,4210
Education,Mid,Bachelor's Degree,7695
Construction,Senior,Associate Degree,3837
Energy,Senior,Bachelor's Degree,7948
Media,Entry,Associate Degree,3824
Media,Senior,Master's Degree,7302
Education,Entry,PhD,10033
Agriculture,Entry,Bachelor's Degree,7168
Government,Entry,Bachelor's Degree,7679
Defense,Entry,Bachelor's Degree,7844
Finance,Entry,Associate Degree,4311
Real Estate,Mid,Bachelor's Degree,6368
Construction,Entry,High School,4329
Real Estate,Entry,High School,3363
Healthcare,Mid,Associate Degree,3811
Education,Senior,Master's Degree,8087
Real Estate,Mid,High School,3523
Legal,Mid,Bachelor's Degree,6841
Mining,Senior,High School,4309
Mining,Mid,Bachelor's Degree,7918
Finance,Mid,Associate Degree,5233
Engineering,Mid,Master's Degree,6867
Engineering,Mid,Master's Degree,9223
Education,Senior,Associate Degree,4425
Mining,Mid,Associate Degree,5033
Manufacturing,Mid,Master's Degree,7884
Transportation,Mid,High School,4002
Fishing,Senior,High School,4739
Engineering,Entry,Bachelor's Degree,5542
Healthcare,Senior,Associate Degree,4396
Transportation,Mid,High School,3812
Forestry,Entry,Associate Degree,5467
Fishing,Senior,High School,4116
Healthcare,Mid,High School,4215
Transportation,Mid,Bachelor's Degree,5469
Engineering,Entry,Master's Degree,7135
Healthcare,Mid,High School,4402
Forestry,Senior,Master's Degree,8916
Energy,Mid,Master's Degree,9018
Finance,Mid,Bachelor's Degree,5760
Retail,Mid,Associate Degree,5256
Mining,Senior,High School,4812
Retail,Mid,Bachelor's Degree,5513
Construction,Mid,Master's Degree,6444
Agriculture,Entry,Bachelor's Degree,6049
Legal,Mid,Bachelor's Degree,7369
Logistics,Mid,High School,3588
Manufacturing,Mid,Associate Degree,5276
Technology,Entry,Associate Degree,5698
Healthcare,Entry,Associate Degree,5609
Fishing,Mid,Bachelor's Degree,6121
Construction,Mid,Associate Degree,5614
Real Estate,Mid,High School,3420
Agriculture,Entry,Associate Degree,4269
Government,Mid,PhD,11158
Mining,Senior,Bachelor's Degree,7796
Education,Mid,Associate Degree,4128
Real Estate,Mid,Master's Degree,8200
Forestry,Mid,Bachelor's Degree,7390
Manufacturing,Mid,Master's Degree,8437
Education,Senior,Master's Degree,7688
Real Estate,Senior,Master's Degree,9321
Healthcare,Senior,Master's Degree,7186
Government,Mid,Master's Degree,9076
Engineering,Mid,Bachelor's Degree,6882
Transportation,Entry,Master's Degree,8389
Government,Mid,Bachelor's Degree,5367
Construction,Entry,Master's Degree,6688
Retail,Entry,Master's Degree,8617
Healthcare,Entry,Associate Degree,4494
Education,Entry,Master's Degree,6546
Defense,Mid,Bachelor's Degree,7886
Defense,Mid,High School,3716
Construction,Entry,Bachelor's Degree,6164
Energy,Entry,Bachelor's Degree,7814
Retail,Mid,High School,4672
Fishing,Entry,Associate Degree,5580
Real Estate,Entry,Master's Degree,7531
Energy,Mid,Associate Degree,4368
Defense,Mid,Master's Degree,8605
Healthcare,Senior,High School,4655
Forestry,Mid,Bachelor's Degree,6971
Construction,Entry,Bachelor's Degree,7807
Forestry,Senior,Associate Degree,5374
Healthcare,Mid,Master's Degree,9082
Manufacturing,Mid,Associate Degree,4316
Education,Senior,Master's Degree,8509
Construction,Entry,PhD,9601
Manufacturing,Mid,Master's Degree,7866
Legal,Mid,Associate Degree,3987
Logistics,Mid,Associate Degree,3910
Fishing,Entry,High School,3844
Healthcare,Entry,Associate Degree,5711
Government,Entry,Master's Degree,6791
Transportation,Entry,High School,4111
Forestry,Mid,PhD,11094
Defense,Mid,Master's Degree,9123
Education,Senior,High School,4547
Logistics,Senior,Associate Degree,5277
Energy,Entry,Bachelor's Degree,6042
Forestry,Mid,PhD,8777
Logistics,Mid,Bachelor's Degree,7933
Technology,Entry,Associate Degree,4127
Defense,Entry,Master's Degree,9000
Technology,Mid,Bachelor's Degree,6848
Defense,Entry,Master's Degree,7709
Healthcare,Mid,Bachelor's Degree,5738
Forestry,Entry,High School,4189
Education,Senior,Bachelor's Degree,7748
Finance,Mid,High School,4182
Government,Entry,Master's Degree,9216
Energy,Senior,Master's Degree,7923
Logistics,Mid,Master's Degree,6810
Transportation,Entry,Bachelor's Degree,6558
Finance,Entry,Master's Degree,7402
Manufacturing,Senior,Associate Degree,4281
Energy,Mid,Bachelor's Degree,6754
Agriculture,Mid,Associate Degree,4476
Education,Mid,Associate Degree,3858
Transportation,Mid,Associate Degree,4821
Government,Entry,Master's Degree,6472
Defense,Entry,High School,3625
Media,Mid,Bachelor's Degree,7810
Government,Entry,Associate Degree,5667
Healthcare,Entry,High School,4091
Forestry,Entry,Bachelor's Degree,6451
Logistics,Entry,Bachelor's Degree,7098
Healthcare,Entry,PhD,10604
Forestry,Entry,Associate Degree,4589
Engineering,Mid,Associate Degree,4363
Transportation,Mid,Bachelor's Degree,5742
Technology,Mid,High School,4119
Finance,Entry,Bachelor's Degree,6257
Retail,Entry,Associate Degree,4076
Construction,Senior,Associate Degree,4167
Government,Senior,Master's Degree,6403
Retail,Entry,Associate Degree,4220
Agriculture,Entry,Associate Degree,5661
Logistics,Mid,High School,3650
Energy,Entry,Associate Degree,5045
Forestry,Senior,Bachelor's Degree,5415
Fishing,Mid,Bachelor's Degree,5747
Education,Senior,Bachelor's Degree,7756
Engineering,Mid,Bachelor's Degree,6079
Retail,Mid,High School,4295
Energy,Mid,PhD,8273
Fishing,Mid,Bachelor's Degree,5580
Technology,Mid,Bachelor's Degree,5751
Transportation,Mid,PhD,9775
Defense,Entry,Associate Degree,4845
Government,Senior,Master's Degree,9328
Retail,Mid,High School,3475
Mining,Entry,Associate Degree,4253
Technology,Mid,PhD,11615
Legal,Entry,Master's Degree,8580
Forestry,Mid,Associate Degree,4956
Defense,Senior,Master's Degree,9276
Agriculture,Mid,Bachelor's Degree,5553
Construction,Senior,High School,4620
Defense,Mid,High School,4238
Legal,Senior,Bachelor's Degree,6803
Technology,Senior,Associate Degree,4859
Forestry,Entry,High School,4322
Mining,Senior,Associate Degree,4772
Legal,Mid,Associate Degree,5331
Logistics,Senior,Master's Degree,9157
Technology,Mid,Master's Degree,8827
Transportation,Entry,Master's Degree,7861
Real Estate,Entry,Bachelor's Degree,7829
Finance,Entry,Associate Degree,4848
Energy,Entry,Bachelor's Degree,7922
Agriculture,Senior,Master's Degree,6526
Logistics,Mid,Master's Degree,7544
Engineering,Senior,Bachelor's Degree,6479
Logistics,Entry,Master's Degree,7772
Energy,Entry,Bachelor's Degree,6439
Government,Entry,Associate Degree,4951
Defense,Entry,Master's Degree,8170
Energy,Senior,High School,3867
Transportation,Senior,Associate Degree,5515
Healthcare,Senior,Associate Degree,4481
Technology,Mid,High School,4268
Technology,Mid,High School,4049
Education,Mid,High School,3637
Healthcare,Senior,Bachelor's Degree,5740
Construction,Mid,Bachelor's Degree,7633
Defense,Mid,PhD,9109
Fishing,Mid,Associate Degree,4355
Energy,Senior,Master's Degree,7258
Manufacturing,Senior,Bachelor's Degree,6593
Transportation,Entry,Bachelor's Degree,5732
Real Estate,Entry,Bachelor's Degree,5812
Technology,Mid,High School,3942
Technology,Entry,Associate Degree,5031
Finance,Mid,High School,3412
Transportation,Entry,Bachelor's Degree,6467
Fishing,Mid,Associate Degree,5087
Real Estate,Senior,High School,4086
Media,Entry,High School,4743
Transportation,Mid,Bachelor's Degree,7126
Construction,Entry,Master's Degree,7018
Real Estate,Mid,High School,3595
Energy,Senior,Associate Degree,3926
Logistics,Entry,Associate Degree,5687
Energy,Entry,Master's Degree,6985
Defense,Entry,PhD,11159
Manufacturing,Senior,Bachelor's Degree,5665
Transportation,Entry,High School,3600
Forestry,Senior,Master's Degree,9186
Real Estate,Entry,Bachelor's Degree,6709
Defense,Mid,Bachelor's Degree,5900
Media,Mid,Bachelor's Degree,7105
Mining,Senior,PhD,8691
Transportation,Senior,Bachelor's Degree,6829
Technology,Entry,Bachelor's Degree,6594
Mining,Senior,Master's Degree,9062
Fishing,Mid,Bachelor's Degree,5860
Construction,Mid,Bachelor's Degree,7704
Agriculture,Mid,Bachelor's Degree,7590
Finance,Mid,Associate Degree,4542
Construction,Mid,Bachelor's Degree,7934
Fishing,Mid,High School,3516
Energy,Mid,Bachelor's Degree,5652
Legal,Entry,Bachelor's Degree,7544
Government,Entry,Master's Degree,8386
Finance,Entry,Master's Degree,6825
Logistics,Entry,Bachelor's Degree,6888
Media,Senior,Bachelor's Degree,7678
Forestry,Mid,Bachelor's Degree,7310
Agriculture,Entry,Master's Degree,8742
Education,Senior,Associate Degree,5671
Finance,Entry,Master's Degree,8696
Forestry,Entry,Associate Degree,4528
Manufacturing,Entry,Master's Degree,6986
Transportation,Entry,High School,4573
Mining,Mid,Master's Degree,8928
Agriculture,Mid,Master's Degree,7473
Construction,Senior,High School,3883
Healthcare,Senior,Bachelor's Degree,7515
Legal,Senior,Bachelor's Degree,6663
Construction,Mid,High School,4560
Healthcare,Mid,Bachelor's Degree,7811
Education,Entry,High School,3283
Transportation,Entry,Bachelor's Degree,5423
Fishing,Mid,High School,4194
Agriculture,Mid,Associate Degree,4455
Real Estate,Senior,High School,3299
Agriculture,Mid,Bachelor's Degree,6822
Retail,Entry,Bachelor's Degree,7340
Real Estate,Senior,High School,4212
Mining,Entry,Master's Degree,6449
Finance,Entry,Master's Degree,7645
Energy,Entry,Bachelor's Degree,7849
Healthcare,Entry,Master's Degree,9201
Healthcare,Senior,Master's Degree,8423
Education,Entry,PhD,9478
Forestry,Mid,High School,3590
Education,Mid,Associate Degree,4557
Defense,Entry,Associate Degree,4608
Defense,Mid,Bachelor's Degree,5746
Construction,Mid,PhD,8893
Manufacturing,Senior,Bachelor's Degree,6574
Real Estate,Senior,Bachelor's Degree,6519
Engineering,Mid,High School,4455
Manufacturing,Entry,Bachelor's Degree,5993
Media,Entry,High School,3401
Agriculture,Entry,Bachelor's Degree,5839
Technology,Entry,Associate Degree,4770
Manufacturing,Mid,Master's Degree,9487
Fishing,Entry,Associate Degree,5140
Finance,Senior,Bachelor's Degree,6557
Healthcare,Mid,Master's Degree,7789
Energy,Entry,High School,4720
Technology,Mid,PhD,11646
Energy,Mid,Bachelor's Degree,5827
Legal,Senior,Bachelor's Degree,6488
Real Estate,Mid,Bachelor's Degree,6940
Media,Mid,Bachelor's Degree,6416
Agriculture,Mid,Master's Degree,9271
Manufacturing,Mid,Bachelor's Degree,5816
Government,Entry,Associate Degree,5351
Real Estate,Mid,High School,3780
Engineering,Entry,High School,3831
Education,Senior,Associate Degree,4351
Media,Entry,Bachelor's Degree,5589
Real Estate,Mid,Master's Degree,6539
Energy,Entry,Master's Degree,6964
Manufacturing,Entry,Bachelor's Degree,7411
Energy,Entry,Bachelor's Degree,6686
Defense,Entry,High School,3255
Construction,Entry,Associate Degree,5256
Technology,Entry,Bachelor's Degree,7356
Real Estate,Entry,Associate Degree,3939
Agriculture,Mid,Bachelor's Degree,5884
Manufacturing,Entry,Bachelor's Degree,5728
Finance,Mid,Associate Degree,4235
Legal,Mid,Master's Degree,7263
Forestry,Entry,PhD,11723
Construction,Senior,High School,4070
Forestry,Entry,High School,4106
Engineering,Mid,Master's Degree,6390
Agriculture,Mid,Bachelor's Degree,6384
Energy,Entry,Associate Degree,4133
Mining,Mid,Master's Degree,8726
Manufacturing,Senior,Master's Degree,6404
Real Estate,Entry,High School,4298
Construction,Senior,High School,4269
Technology,Mid,Associate Degree,5639
Energy,Senior,Associate Degree,4338
Healthcare,Entry,Bachelor's Degree,6141
Finance,Senior,Bachelor's Degree,6142
Real Estate,Mid,Bachelor's Degree,5964
Manufacturing,Entry,Associate Degree,5164
Media,Entry,Master's Degree,7779
Transportation,Entry,Bachelor's Degree,6892
Education,Entry,Bachelor's Degree,6013
Defense,Entry,Master's Degree,7150
Education,Senior,Master's Degree,9226
Finance,Entry,Bachelor's Degree,6402
Construction,Senior,Bachelor's Degree,7403
Mining,Senior,Bachelor's Degree,5600
Legal,Entry,Associate Degree,3964
Retail,Mid,High School,3342
Media,Mid,Associate Degree,4818
Government,Entry,High School,3852
Forestry,Senior,PhD,11353
Technology,Mid,Bachelor's Degree,5497
Retail,Entry,Bachelor's Degree,6464
Technology,Mid,Associate Degree,4578
Forestry,Mid,Bachelor's Degree,5644
Legal,Entry,Bachelor's Degree,6248
Engineering,Mid,High School,3229
Forestry,Senior,Master's Degree,9525
Retail,Entry,Master's Degree,7271
Finance,Mid,High School,3924
Real Estate,Mid,Bachelor's Degree,7068
Construction,Entry,Master's Degree,7574
Government,Entry,High School,4422
Energy,Mid,High School,4812
Defense,Entry,Master's Degree,9470
Fishing,Mid,Associate Degree,4167
Legal,Mid,High School,3642
Mining,Mid,Bachelor's Degree,7038
Agriculture,Entry,Bachelor's Degree,7799
Manufacturing,Mid,Associate Degree,4148
Technology,Senior,Master's Degree,9382
Logistics,Mid,Associate Degree,4287
Finance,Mid,Master's Degree,9362
Engineering,Senior,Bachelor's Degree,8008
Real Estate,Senior,Master's Degree,6558
Agriculture,Senior,Associate Degree,4338
Real Estate,Mid,Associate Degree,4580
Government,Entry,Master's Degree,8867
Energy,Entry,High School,3748
Logistics,Entry,PhD,11515
Engineering,Mid,Associate Degree,5064
Media,Mid,Bachelor's Degree,7821
Technology,Entry,Associate Degree,4682
Mining,Entry,Master's Degree,7501
Defense,Entry,Master's Degree,8020
Government,Entry,Bachelor's Degree,7273
Mining,Mid,Master's Degree,8753
Real Estate,Entry,Associate Degree,5149
Government,Entry,Associate Degree,4459
Energy,Senior,Bachelor's Degree,6866
Education,Senior,PhD,10378
Media,Mid,Associate Degree,3844
Construction,Entry,Associate Degree,5699
Technology,Mid,Bachelor's Degree,6370
Manufacturing,Entry,Bachelor's Degree,6209
Real Estate,Senior,Master's Degree,7620
Construction,Mid,PhD,8193
Finance,Mid,Bachelor's Degree,7161
Mining,Mid,Associate Degree,4753
Transportation,Mid,Master's Degree,8230
Mining,Entry,Associate Degree,4579
Agriculture,Mid,Associate Degree,4401
Legal,Entry,Associate Degree,5151
Education,Entry,Master's Degree,7507
Energy,Entry,Associate Degree,4039
Education,Mid,High School,3722
Agriculture,Mid,Associate Degree,5588
Retail,Mid,High School,3557
Agriculture,Mid,Master's Degree,9539
Energy,Mid,High School,3635
Technology,Entry,PhD,11391
Construction,Entry,Bachelor's Degree,7537
Legal,Entry,Associate Degree,4348
Mining,Entry,Associate Degree,4274
Defense,Entry,High School,3537
Energy,Entry,Master's Degree,8095
Logistics,Mid,High School,4177
Government,Entry,Master's Degree,8055
Finance,Entry,Bachelor's Degree,6785
Healthcare,Mid,PhD,9688
Agriculture,Entry,High School,4240
Transportation,Entry,PhD,9447
Fishing,Senior,PhD,10019
Defense,Entry,Bachelor's Degree,7183
Government,Entry,Associate Degree,4587
Engineering,Mid,Bachelor's Degree,7770
Government,Senior,Master's Degree,6441
Mining,Entry,High School,4797
Legal,Entry,High School,4075
Energy,Senior,Bachelor's Degree,6342
Engineering,Mid,PhD,9809
Transportation,Entry,Master's Degree,8046
Transportation,Entry,High School,3738
Forestry,Mid,Associate Degree,5465
Construction,Senior,Associate Degree,4997
Healthcare,Mid,Associate Degree,4132
Technology,Mid,Associate Degree,4819
Construction,Entry,Master's Degree,8346
Transportation,Entry,Master's Degree,6476
Technology,Entry,High School,3896
Construction,Entry,Bachelor's Degree,7940
Defense,Mid,Bachelor's Degree,6959
Media,Mid,Associate Degree,5316
Defense,Mid,High School,4352
Transportation,Mid,High School,4269
Technology,Mid,Bachelor's Degree,7538
Media,Mid,Bachelor's Degree,7298
Finance,Mid,Master's Degree,8239
Forestry,Entry,Bachelor's Degree,5481
Manufacturing,Entry,Bachelor's Degree,5947
Transportation,Senior,Bachelor's Degree,5555
Logistics,Entry,Associate Degree,5032
Engineering,Senior,Associate Degree,4916
Agriculture,Entry,Bachelor's Degree,6576
Engineering,Mid,Master's Degree,7022
Agriculture,Senior,Associate Degree,5308
Defense,Entry,High School,3801
Retail,Senior,Master's Degree,7237
Real Estate,Mid,High School,3616
Government,Entry,High School,4299
Real Estate,Entry,High School,3348
Media,Mid,Associate Degree,3971
Education,Mid,Associate Degree,4917
Healthcare,Mid,Bachelor's Degree,6812
Logistics,Mid,Master's Degree,9261
Mining,Entry,Associate Degree,4184
Retail,Mid,Master's Degree,6862
Fishing,Mid,Bachelor's Degree,7769
Government,Entry,High School,3300
Transportation,Senior,Associate Degree,4028
Retail,Entry,Master's Degree,9033
Fishing,Mid,Bachelor's Degree,5819
Logistics,Mid,High School,4724
Real Estate,Mid,Master's Degree,8265
Manufacturing,Mid,Bachelor's Degree,5427
Legal,Senior,Bachelor's Degree,7728
Media,Entry,High School,4776
Agriculture,Entry,Associate Degree,4835
Manufacturing,Senior,High School,4758
Mining,Entry,Bachelor's Degree,7006
Logistics,Entry,PhD,10452
Energy,Senior,Bachelor's Degree,6649
Engineering,Mid,Associate Degree,4352
Energy,Entry,High School,4493
Forestry,Mid,Bachelor's Degree,6956
Retail,Mid,High School,3321
Engineering,Entry,Associate Degree,4127
Energy,Senior,Bachelor's Degree,6335
Logistics,Entry,Bachelor's Degree,5363
Construction,Senior,Bachelor's Degree,6450
Construction,Mid,Bachelor's Degree,8019
Energy,Mid,Bachelor's Degree,7446
Government,Senior,Bachelor's Degree,5727
Transportation,Entry,Bachelor's Degree,6251
Technology,Entry,High School,3399
Healthcare,Mid,Associate Degree,4508
Engineering,Mid,Bachelor's Degree,6617
Real Estate,Mid,Associate Degree,4859
Technology,Entry,Associate Degree,3848
Defense,Mid,High School,4731
Forestry,Senior,Associate Degree,5363
Agriculture,Mid,Bachelor's Degree,7166
Engineering,Entry,Bachelor's Degree,5873
Healthcare,Mid,Bachelor's Degree,7968
Agriculture,Mid,PhD,11337
Legal,Mid,Associate Degree,5505
Education,Entry,Associate Degree,4233
Government,Entry,Master's Degree,9311
Transportation,Entry,Master's Degree,6489
Government,Senior,Associate Degree,5155
Legal,Entry,Bachelor's Degree,7649
Legal,Mid,Master's Degree,7032
Manufacturing,Mid,PhD,8259
Real Estate,Senior,Associate Degree,5445
Energy,Senior,Master's Degree,6579
Media,Senior,Bachelor's Degree,5458
Transportation,Mid,Bachelor's Degree,7988
Finance,Mid,Master's Degree,8866
Agriculture,Mid,Associate Degree,4565
Manufacturing,Entry,Bachelor's Degree,6564
Forestry,Senior,Associate Degree,4113
Real Estate,Entry,Associate Degree,4799
Agriculture,Senior,Master's Degree,7687
Technology,Senior,Bachelor's Degree,7396
Fishing,Mid,Bachelor's Degree,7070
Real Estate,Mid,High School,3615
Construction,Mid,High School,4404
Agriculture,Mid,Master's Degree,8375
Legal,Mid,Associate Degree,5241
Defense,Mid,Bachelor's Degree,5489
Mining,Mid,Bachelor's Degree,7147
Logistics,Entry,Master's Degree,7664
Education,Entry,High School,3370
Government,Entry,Bachelor's Degree,6445
Engineering,Senior,High School,4227
Government,Mid,PhD,10589
Forestry,Mid,Associate Degree,4337
Government,Mid,Associate Degree,4400
Media,Senior,High School,3745
Government,Mid,Associate Degree,4180
Real Estate,Entry,Associate Degree,5639
Legal,Entry,Bachelor's Degree,5522
Technology,Entry,Bachelor's Degree,6251
Construction,Entry,Bachelor's Degree,5467
Energy,Entry,Master's Degree,8325
Forestry,Mid,Master's Degree,9211
Fishing,Mid,Bachelor's Degree,5540
Logistics,Entry,PhD,9139
Agriculture,Mid,High School,3512
Agriculture,Mid,High School,4632
Defense,Entry,Associate Degree,4835
Education,Mid,Bachelor's Degree,7471
Mining,Senior,Bachelor's Degree,5713
Construction,Entry,High School,4526
Retail,Entry,Associate Degree,4999
Engineering,Entry,Bachelor's Degree,6013
Healthcare,Entry,Master's Degree,6772
Agriculture,Entry,Master's Degree,9561
Finance,Mid,Associate Degree,5282
Technology,Entry,Bachelor's Degree,7447
Finance,Senior,PhD,9505
Energy,Senior,Master's Degree,8832
Forestry,Entry,Associate Degree,5678
Healthcare,Senior,Associate Degree,5214
Technology,Entry,High School,4829
Healthcare,Entry,Bachelor's Degree,6968
Agriculture,Entry,Master's Degree,9222
Legal,Entry,Bachelor's Degree,5827
Logistics,Entry,Bachelor's Degree,6114
Transportation,Senior,Bachelor's Degree,6131
Forestry,Mid,Associate Degree,4474
Media,Entry,Associate Degree,4536
Technology,Mid,Master's Degree,8549
Healthcare,Mid,Associate Degree,3961
Retail,Mid,High School,4614
Transportation,Senior,Bachelor's Degree,7551
Agriculture,Entry,Bachelor's Degree,6727
Government,Entry,PhD,8045
Healthcare,Mid,Associate Degree,4165
Construction,Mid,Associate Degree,4451
Real Estate,Mid,Master's Degree,7571
Technology,Entry,Bachelor's Degree,6470
Construction,Entry,Associate Degree,5540
Logistics,Mid,Master's Degree,8372
Forestry,Mid,Bachelor's Degree,5369
Manufacturing,Entry,Bachelor's Degree,7804
Agriculture,Mid,High School,3576
Mining,Mid,Master's Degree,9174
Engineering,Entry,Bachelor's Degree,6976
Finance,Entry,Associate Degree,4559
Education,Mid,High School,4088
Technology,Entry,Bachelor's Degree,7229
Finance,Mid,Master's Degree,9306
Mining,Senior,PhD,8394
Media,Entry,Master's Degree,6919
Legal,Entry,High School,3446
Legal,Mid,Associate Degree,5569
Legal,Entry,Bachelor's Degree,6999
Construction,Mid,High School,4799
Engineering,Mid,Bachelor's Degree,6385
Manufacturing,Senior,Bachelor's Degree,6186
Forestry,Entry,PhD,10180
Energy,Mid,Bachelor's Degree,7778
Legal,Mid,Bachelor's Degree,6424
Retail,Entry,High School,3481
Education,Senior,High School,4150
Construction,Senior,Master's Degree,7134
Forestry,Senior,Associate Degree,5489
Retail,Mid,Associate Degree,4628
Manufacturing,Entry,Master's Degree,6575
Agriculture,Entry,Master's Degree,9187
Real Estate,Mid,Bachelor's Degree,6559
Media,Senior,Associate Degree,3897
Technology,Entry,Master's Degree,8806
Education,Entry,Master's Degree,7903
Logistics,Senior,Associate Degree,5388
Defense,Senior,High School,4021
Education,Senior,High School,4726
Construction,Mid,Master's Degree,9404
Construction,Entry,Master's Degree,7085
Healthcare,Mid,High School,4081
Fishing,Mid,Bachelor's Degree,5866
Agriculture,Senior,Master's Degree,6433
Real Estate,Entry,Master's Degree,6922
Construction,Entry,Bachelor's Degree,7837
Media,Entry,High School,4426
Real Estate,Entry,PhD,9309
Legal,Senior,Bachelor's Degree,6946
Forestry,Entry,Master's Degree,7418
Finance,Entry,Bachelor's Degree,7819
Construction,Senior,Master's Degree,9480
Technology,Entry,Associate Degree,5438
Agriculture,Mid,Bachelor's Degree,7067
Legal,Entry,High School,3487
Real Estate,Senior,High School,3783
Engineering,Senior,High School,4507
Education,Senior,Master's Degree,6928
Manufacturing,Mid,Bachelor's Degree,6029
Fishing,Mid,Master's Degree,9357
Finance,Senior,Associate Degree,4021
Retail,Senior,Master's Degree,8250
Manufacturing,Entry,Bachelor's Degree,6456
Logistics,Entry,High School,4676
Legal,Entry,PhD,9318
Education,Mid,Associate Degree,4697
Media,Entry,Associate Degree,4221
Transportation,Mid,Associate Degree,4465
Construction,Senior,Bachelor's Degree,7534
Real Estate,Senior,High School,3257
Logistics,Mid,Associate Degree,5091
Engineering,Mid,Associate Degree,5020
Construction,Entry,High School,4694
Finance,Entry,Bachelor's Degree,5901
Education,Mid,PhD,8565
Government,Senior,PhD,8155
Forestry,Mid,Bachelor's Degree,6801
Agriculture,Senior,Associate Degree,4503
Logistics,Entry,Master's Degree,7862
Government,Entry,High School,4263
Defense,Senior,Associate Degree,4716
Media,Entry,High School,3875
Defense,Entry,Bachelor's Degree,6645
Transportation,Senior,Bachelor's Degree,6890
Defense,Entry,Master's Degree,8606
Media,Mid,High School,3786
Education,Entry,Associate Degree,3863
Defense,Entry,Associate Degree,5657
Media,Mid,Bachelor's Degree,6918
Retail,Entry,Bachelor's Degree,7514
Media,Entry,Bachelor's Degree,7513
Agriculture,Mid,High School,4173
Retail,Entry,High School,3462
Defense,Entry,PhD,8246
Finance,Mid,High School,4005
Manufacturing,Mid,Bachelor's Degree,5486
Technology,Entry,Associate Degree,3934
Energy,Mid,Bachelor's Degree,6056
Mining,Mid,Master's Degree,8466
Manufacturing,Entry,Master's Degree,7885
Media,Mid,Associate Degree,4595
Finance,Mid,High School,4026
Legal,Senior,Associate Degree,4484
Manufacturing,Mid,Associate Degree,4693
Construction,Entry,Associate Degree,5299
Retail,Senior,High School,4091
Transportation,Mid,High School,4452
Engineering,Entry,Bachelor's Degree,7601
Education,Mid,Bachelor's Degree,6028
Construction,Senior,Associate Degree,3957
Agriculture,Entry,Associate Degree,3822
Retail,Mid,High School,4013
Healthcare,Mid,High School,3593
Technology,Senior,Associate Degree,4701
Government,Entry,High School,4648
Legal,Entry,Master's Degree,8843
Technology,Mid,Master's Degree,8069
Transportation,Senior,Associate Degree,4394
Finance,Entry,Bachelor's Degree,7840
Fishing,Senior,Bachelor's Degree,7624
Media,Entry,Master's Degree,7735
Media,Mid,High School,3601
Finance,Entry,Associate Degree,5519
Forestry,Senior,Bachelor's Degree,6488
Mining,Senior,Associate Degree,5353
Real Estate,Mid,High School,4537
Transportation,Mid,Bachelor's Degree,6047
Education,Mid,Associate Degree,5686
Fishing,Mid,Master's Degree,9235
Energy,Senior,Bachelor's Degree,6973
Government,Entry,Bachelor's Degree,5527
Retail,Senior,Associate Degree,4869
Construction,Entry,Associate Degree,5364
Engineering,Senior,Master's Degree,7141
Media,Mid,Bachelor's Degree,5803
Mining,Entry,Master's Degree,8732
Healthcare,Entry,Associate Degree,5682
Finance,Entry,High School,3704
Real Estate,Senior,Associate Degree,4979
Media,Entry,High School,3988
Education,Mid,Bachelor's Degree,7304
Energy,Senior,Master's Degree,6982
Retail,Senior,Associate Degree,5140
Mining,Mid,Bachelor's Degree,6857
Legal,Senior,Associate Degree,4774
Transportation,Senior,Bachelor's Degree,6543
Retail,Entry,High School,4308
Transportation,Entry,Master's Degree,8071
Finance,Entry,High School,3434
Legal,Mid,PhD,10091
Mining,Entry,Bachelor's Degree,7061
Defense,Mid,Master's Degree,6867
Logistics,Entry,PhD,10902
Construction,Entry,Master's Degree,6430
Healthcare,Entry,High School,4758
Fishing,Senior,High School,3302
Fishing,Entry,Master's Degree,9314
Agriculture,Entry,High School,3526
Legal,Senior,Bachelor's Degree,5923
Finance,Entry,Bachelor's Degree,5565
Agriculture,Entry,Master's Degree,7405
Manufacturing,Senior,Bachelor's Degree,7682
Energy,Mid,High School,3501
Retail,Mid,High School,3976
Fishing,Entry,Master's Degree,8124
Logistics,Entry,High School,3868
Legal,Mid,High School,4456
Logistics,Senior,Associate Degree,5640
Government,Senior,Master's Degree,9154
Mining,Entry,PhD,11509
Education,Senior,Bachelor's Degree,6843
Government,Mid,High School,3370
Legal,Entry,High School,3736
Finance,Mid,High School,4534
Real Estate,Entry,Master's Degree,6564
Healthcare,Entry,Bachelor's Degree,5412
Education,Senior,Bachelor's Degree,6866
Manufacturing,Entry,Bachelor's Degree,6919
Real Estate,Mid,Bachelor's Degree,7905
Logistics,Mid,Bachelor's Degree,7004
Government,Mid,High School,3957
Finance,Senior,Bachelor's Degree,6063
Government,Entry,Associate Degree,5048
Education,Mid,Master's Degree,8859
Engineering,Mid,High School,3229
Media,Entry,Bachelor's Degree,5407
Government,Entry,Associate Degree,5599
Construction,Entry,Associate Degree,5390
Retail,Entry,Associate Degree,5059
Forestry,Mid,Bachelor's Degree,7871
Logistics,Mid,Master's Degree,6759
Healthcare,Mid,Bachelor's Degree,8008
Manufacturing,Entry,High School,4672
Healthcare,Mid,Bachelor's Degree,6950
Energy,Mid,Associate Degree,5219
Healthcare,Senior,High School,4616
Media,Mid,Associate Degree,5009
Finance,Entry,High School,4610
Energy,Senior,Associate Degree,4661
Healthcare,Mid,Associate Degree,5574
Real Estate,Entry,Bachelor's Degree,6582
Defense,Mid,Bachelor's Degree,5393
Technology,Entry,PhD,11601
Healthcare,Entry,Associate Degree,4257
Real Estate,Entry,High School,4415
Retail,Senior,Bachelor's Degree,7068
Mining,Senior,Master's Degree,9554
Education,Entry,High School,3353
Construction,Mid,Master's Degree,8495
Fishing,Mid,Bachelor's Degree,7130
Government,Senior,Bachelor's Degree,7103
Logistics,Senior,Associate Degree,3959
Legal,Entry,High School,4611
Logistics,Senior,Bachelor's Degree,7082
Technology,Entry,Master's Degree,7238
Technology,Entry,Master's Degree,9142
Media,Senior,High School,3720
Legal,Mid,Associate Degree,4588
Construction,Entry,Bachelor's Degree,6930
Education,Entry,Master's Degree,8191
Legal,Entry,Associate Degree,4427
Government,Senior,High School,3852
Legal,Mid,Master's Degree,6409
Technology,Mid,Associate Degree,4802
Energy,Mid,Associate Degree,4907
Education,Entry,High School,4274
Transportation,Mid,Bachelor's Degree,6805
Real Estate,Senior,Bachelor's Degree,5855
Energy,Entry,Associate Degree,5247
Media,Entry,Associate Degree,5517
Mining,Mid,High School,4312
Construction,Mid,Associate Degree,4101
Defense,Entry,Bachelor's Degree,6708
Logistics,Entry,High School,3799
Defense,Mid,Bachelor's Degree,6729
Transportation,Entry,Bachelor's Degree,7535
Government,Senior,Bachelor's Degree,5707
Finance,Mid,Associate Degree,4918
Education,Mid,Bachelor's Degree,5878
Legal,Mid,Bachelor's Degree,7458
Fishing,Mid,High School,3594
Forestry,Entry,Master's Degree,8092
Healthcare,Senior,Bachelor's Degree,7106
Logistics,Entry,Master's Degree,7183
Manufacturing,Mid,Master's Degree,8535
Finance,Mid,Associate Degree,4168
Healthcare,Entry,Associate Degree,4162
Real Estate,Entry,Bachelor's Degree,6432
Manufacturing,Entry,Bachelor's Degree,7735
Healthcare,Entry,Associate Degree,4284
Forestry,Entry,Bachelor's Degree,7566
Transportation,Entry,Associate Degree,4132
Legal,Entry,High School,3906
Transportation,Mid,Bachelor's Degree,7505
Energy,Senior,Bachelor's Degree,5671
Engineering,Mid,High School,3702
Fishing,Entry,Bachelor's Degree,6935
Agriculture,Entry,Associate Degree,5348
Agriculture,Mid,Associate Degree,4105
Legal,Mid,Associate Degree,4613
Finance,Senior,Master's Degree,7185
Agriculture,Entry,Bachelor's Degree,5831
Legal,Entry,High School,3507
Legal,Mid,Associate Degree,4555
Finance,Mid,Associate Degree,5643
Engineering,Mid,Associate Degree,3981
Manufacturing,Entry,Bachelor's Degree,7139
Logistics,Entry,Associate Degree,4928
Healthcare,Entry,Associate Degree,4808
Mining,Mid,High School,3545
Retail,Mid,Bachelor's Degree,6737
Forestry,Mid,High School,3923
Mining,Senior,Bachelor's Degree,6385
Healthcare,Mid,Master's Degree,7630
Government,Entry,Master's Degree,7179
Forestry,Entry,Bachelor's Degree,6462
Finance,Entry,Bachelor's Degree,5794
Logistics,Mid,High School,3843
Real Estate,Mid,Associate Degree,5574
Defense,Entry,Associate Degree,5325
Finance,Mid,Associate Degree,3860
Healthcare,Mid,Master's Degree,7283
Transportation,Senior,Master's Degree,8312
Fishing,Mid,Associate Degree,5310
Energy,Mid,Bachelor's Degree,6382
Fishing,Entry,PhD,8284
Government,Mid,Master's Degree,9089
Defense,Senior,Master's Degree,8607
Defense,Senior,Associate Degree,4239
Logistics,Entry,Associate Degree,4439
Forestry,Mid,Associate Degree,5131
Manufacturing,Entry,Associate Degree,4319
Transportation,Entry,Bachelor's Degree,5905
Transportation,Entry,Bachelor's Degree,5976
Education,Entry,Associate Degree,4529
Fishing,Mid,High School,4749
Engineering,Entry,Associate Degree,4969
Finance,Entry,Bachelor's Degree,5354
Education,Senior,Bachelor's Degree,7476
Manufacturing,Mid,Master's Degree,9008
Logistics,Entry,High School,3687
Media,Mid,Bachelor's Degree,7872
Transportation,Mid,Associate Degree,5357
Mining,Senior,Bachelor's Degree,7154
Logistics,Senior,Master's Degree,7736
Education,Entry,High School,4154
Education,Mid,PhD,9949
Fishing,Entry,High School,3689
Engineering,Mid,Associate Degree,5613
Healthcare,Entry,Master's Degree,9256
Fishing,Entry,High School,4832
Defense,Senior,Master's Degree,7063
Mining,Senior,High School,4731
Education,Senior,Associate Degree,5149
Agriculture,Entry,Associate Degree,4992
Real Estate,Mid,Master's Degree,7190
Defense,Senior,High School,4733
Construction,Senior,Bachelor's Degree,7020
Retail,Entry,Master's Degree,8453
Logistics,Entry,High School,4413
Healthcare,Entry,Bachelor's Degree,6950
Education,Entry,High School,4437
Legal,Senior,Bachelor's Degree,5640
Healthcare,Mid,Master's Degree,7329
Education,Entry,Master's Degree,8812
Education,Senior,High School,3833
Manufacturing,Mid,Master's Degree,7554
Legal,Entry,Associate Degree,4983
Legal,Mid,Associate Degree,4576
Construction,Entry,Bachelor's Degree,5672
Forestry,Mid,High School,3585
Finance,Entry,Associate Degree,5643
Energy,Mid,Associate Degree,3832
Legal,Mid,High School,3523
Government,Mid,Master's Degree,9223
Finance,Senior,Associate Degree,4434
Government,Mid,Master's Degree,7130
Manufacturing,Entry,High School,4243
Agriculture,Entry,Bachelor's Degree,7386
Manufacturing,Entry,Master's Degree,6585
Defense,Entry,Bachelor's Degree,5570
Manufacturing,Entry,Associate Degree,4821
Logistics,Mid,Bachelor's Degree,7580
Energy,Entry,PhD,9045
Technology,Entry,Master's Degree,8280
Finance,Mid,Bachelor's Degree,6307
Media,Mid,Master's Degree,8012
Transportation,Entry,High School,3270
Agriculture,Mid,Bachelor's Degree,6507
Manufacturing,Mid,Associate Degree,5488
Construction,Mid,Bachelor's Degree,7317
Finance,Entry,Master's Degree,7685
Technology,Senior,Associate Degree,4617
Transportation,Mid,High School,3476
Manufacturing,Mid,High School,3254
Manufacturing,Entry,Bachelor's Degree,7507
Forestry,Entry,Associate Degree,5391
Government,Entry,Associate Degree,4132
Finance,Mid,Master's Degree,7506
Real Estate,Entry,Master's Degree,8328
Manufacturing,Entry,Associate Degree,4834
Education,Mid,Associate Degree,5560
Retail,Entry,Master's Degree,9122
Construction,Mid,Master's Degree,6569
Defense,Entry,Bachelor's Degree,5606
Mining,Mid,Bachelor's Degree,5784
Transportation,Mid,PhD,11549
Finance,Entry,Master's Degree,6502
Finance,Entry,Associate Degree,5403
Energy,Mid,Master's Degree,7711
Forestry,Senior,Master's Degree,7580
Legal,Entry,High School,3615
Construction,Entry,PhD,9587
Defense,Mid,Associate Degree,4924
Energy,Entry,Bachelor's Degree,5876
Mining,Senior,Associate Degree,5366
Energy,Mid,Bachelor's Degree,5950
Manufacturing,Mid,Bachelor's Degree,7686
Fishing,Mid,Associate Degree,4358
Retail,Mid,Bachelor's Degree,6294
Fishing,Mid,High School,4403
Construction,Mid,Bachelor's Degree,7936
Construction,Mid,Master's Degree,9481
Manufacturing,Mid,Bachelor's Degree,7081
Forestry,Senior,High School,3499
Technology,Mid,Master's Degree,6678
Fishing,Entry,High School,3937
Mining,Mid,High School,3977
Energy,Senior,Master's Degree,6742
Manufacturing,Mid,Associate Degree,4251
Construction,Entry,Associate Degree,4193
Finance,Mid,Associate Degree,3934
Media,Entry,Master's Degree,6740
Forestry,Mid,High School,4146
Defense,Entry,Master's Degree,7541
Mining,Mid,Associate Degree,4636
Media,Mid,Associate Degree,5547
Fishing,Mid,Master's Degree,8785
Real Estate,Senior,Associate Degree,3993
Agriculture,Mid,Associate Degree,4171
Technology,Entry,High School,3240
Mining,Mid,High School,4597
Forestry,Entry,Associate Degree,5441
Construction,Mid,High School,3266
Construction,Entry,Bachelor's Degree,5586
Media,Mid,Master's Degree,7834
Construction,Entry,Bachelor's Degree,7281
Legal,Senior,Master's Degree,7111
Healthcare,Senior,Associate Degree,5376
Engineering,Mid,Bachelor's Degree,6407
Engineering,Entry,Associate Degree,4357
Media,Senior,Bachelor's Degree,7720
Government,Mid,Associate Degree,5169
Education,Mid,Bachelor's Degree,6628
Agriculture,Mid,Master's Degree,7789
Legal,Entry,Bachelor's Degree,5701
Manufacturing,Senior,Associate Degree,4388
Finance,Entry,Master's Degree,7549
Agriculture,Mid,Bachelor's Degree,7394
Technology,Senior,Master's Degree,7288
Manufacturing,Mid,Associate Degree,5039
Defense,Entry,Bachelor's Degree,6626
Manufacturing,Entry,Associate Degree,5518
Legal,Entry,Bachelor's Degree,5522
Engineering,Mid,Bachelor's Degree,7245
Manufacturing,Entry,Bachelor's Degree,7314
Real Estate,Senior,Master's Degree,7022
Education,Entry,Associate Degree,4587
Mining,Mid,Bachelor's Degree,6364
Legal,Senior,Master's Degree,6580
Transportation,Entry,PhD,9579
Legal,Mid,Associate Degree,5020
Transportation,Senior,High School,3636
Retail,Mid,Bachelor's Degree,6366
Agriculture,Entry,Associate Degree,5578
Defense,Senior,Master's Degree,8185
Retail,Mid,Master's Degree,6738
Construction,Mid,High School,4672
Finance,Mid,High School,3255
Mining,Mid,Bachelor's Degree,5538
Finance,Mid,Bachelor's Degree,8014
Defense,Mid,High School,4401
Media,Entry,Bachelor's Degree,6748
Mining,Mid,Associate Degree,4456
Defense,Entry,Bachelor's Degree,6488
Finance,Entry,High School,3838
Mining,Entry,Associate Degree,4837
Defense,Entry,Associate Degree,4878
Logistics,Entry,Master's Degree,6780
Logistics,Mid,High School,4038
Agriculture,Mid,Master's Degree,7385
Agriculture,Entry,Associate Degree,4964
Agriculture,Mid,Bachelor's Degree,6993
Transportation,Senior,Associate Degree,4494
Retail,Mid,Associate Degree,4471
Engineering,Entry,Bachelor's Degree,5954
Manufacturing,Entry,Associate Degree,3847
Mining,Mid,Bachelor's Degree,6475
Logistics,Mid,Bachelor's Degree,6972
Healthcare,Senior,Associate Degree,3822
Defense,Mid,High School,3331
Manufacturing,Entry,Bachelor's Degree,5650
Logistics,Senior,Bachelor's Degree,5637
Healthcare,Entry,PhD,8848
Finance,Entry,Bachelor's Degree,6651
Manufacturing,Mid,Associate Degree,4211
Real Estate,Entry,Bachelor's Degree,6727
Construction,Mid,Master's Degree,8404
Government,Entry,Master's Degree,8054
Engineering,Entry,Bachelor's Degree,5771
Mining,Entry,High School,3399
Manufacturing,Entry,Associate Degree,4284
Finance,Entry,Associate Degree,5610
Media,Entry,High School,4584
Real Estate,Entry,Bachelor's Degree,5424
Agriculture,Entry,Associate Degree,5595
Education,Entry,Master's Degree,9065
Education,Mid,High School,3413
Mining,Entry,Associate Degree,4105
Fishing,Entry,Master's Degree,7761
Media,Senior,Associate Degree,4794
Legal,Entry,High School,4593
Retail,Entry,Master's Degree,6721
Retail,Mid,Associate Degree,5201
Construction,Senior,Master's Degree,7757
Legal,Mid,Master's Degree,8874
Manufacturing,Entry,Bachelor's Degree,5500
Defense,Mid,High School,3282
Retail,Entry,Bachelor's Degree,5929
Energy,Mid,Master's Degree,7550
Defense,Mid,Associate Degree,4718
Government,Mid,Associate Degree,5547
Healthcare,Entry,High School,3382
Media,Entry,Bachelor's Degree,5666
Education,Mid,Associate Degree,5095
Finance,Mid,Bachelor's Degree,7816
Energy,Senior,Bachelor's Degree,5890
Energy,Senior,Bachelor's Degree,5715
Legal,Mid,Bachelor's Degree,6599
Education,Entry,Bachelor's Degree,5765
Logistics,Entry,Bachelor's Degree,6399
Forestry,Mid,PhD,9697
Fishing,Senior,Master's Degree,8828
Education,Mid,Bachelor's Degree,5584
Legal,Mid,Bachelor's Degree,7092
Technology,Senior,Bachelor's Degree,7762
Fishing,Senior,Bachelor's Degree,6057
Legal,Entry,Bachelor's Degree,6385
Fishing,Entry,Associate Degree,4146
Construction,Senior,Bachelor's Degree,6585
Engineering,Mid,High School,4136
Logistics,Senior,Bachelor's Degree,5959
Mining,Senior,Associate Degree,4117
Healthcare,Mid,Master's Degree,8652
Transportation,Senior,Associate Degree,4151
Forestry,Entry,Associate Degree,5683
Finance,Mid,Bachelor's Degree,6098
Logistics,Entry,Bachelor's Degree,7190
Education,Entry,Master's Degree,9441
Legal,Mid,Associate Degree,4427
Media,Senior,PhD,11328
Technology,Entry,Master's Degree,6665
Mining,Entry,Associate Degree,4106
Real Estate,Mid,High School,4821
Defense,Entry,Bachelor's Degree,5705
Education,Mid,Master's Degree,8792
Energy,Mid,Associate Degree,5669
Construction,Mid,Associate Degree,4332
Agriculture,Entry,Bachelor's Degree,6745
Healthcare,Mid,Associate Degree,4744
Manufacturing,Entry,Bachelor's Degree,6952
Retail,Senior,High School,4008
Retail,Mid,Master's Degree,7430
Logistics,Senior,Associate Degree,3844
Defense,Senior,Master's Degree,9422
Retail,Senior,High School,4323
Transportation,Entry,Associate Degree,4502
Mining,Mid,Master's Degree,8144
Agriculture,Senior,Bachelor's Degree,5790
Technology,Mid,High School,4271
Engineering,Mid,High School,4782
Transportation,Entry,Bachelor's Degree,6360
Finance,Mid,Master's Degree,9412
Fishing,Entry,Associate Degree,5476
Forestry,Mid,Associate Degree,5288
Defense,Entry,High School,3906
Agriculture,Entry,Bachelor's Degree,7182
Finance,Entry,Master's Degree,8566
Mining,Mid,High School,3260
Manufacturing,Mid,Master's Degree,8790
Transportation,Mid,Bachelor's Degree,6029
Logistics,Mid,Master's Degree,9532
Manufacturing,Senior,High School,4033
Energy,Senior,High School,3902
Legal,Entry,Bachelor's Degree,5388
Transportation,Mid,Master's Degree,7927
Mining,Entry,Associate Degree,3966
Construction,Mid,Bachelor's Degree,7874
Mining,Mid,Bachelor's Degree,7624
Logistics,Entry,Associate Degree,5192
Forestry,Entry,Bachelor's Degree,6507
Healthcare,Mid,Bachelor's Degree,6662
Engineering,Mid,Master's Degree,8143
Defense,Entry,High School,4419
Media,Senior,Bachelor's Degree,6492
Manufacturing,Entry,Associate Degree,4523
Transportation,Mid,Associate Degree,3933
Engineering,Mid,Associate Degree,3899
Mining,Mid,Associate Degree,4475
Mining,Mid,Associate Degree,4677
Retail,Senior,High School,3777
Engineering,Entry,Bachelor's Degree,7999
Technology,Entry,Associate Degree,4485
Real Estate,Senior,Bachelor's Degree,5581
Logistics,Mid,Associate Degree,4475
Technology,Entry,Associate Degree,4721
Healthcare,Mid,High School,3808
Construction,Senior,Master's Degree,7943
Forestry,Entry,Bachelor's Degree,5641
Forestry,Senior,Bachelor's Degree,7125
Fishing,Entry,Associate Degree,5583
Finance,Entry,PhD,9333
Government,Mid,Associate Degree,5143
Legal,Entry,High School,3996
Media,Entry,Bachelor's Degree,5981
Defense,Entry,PhD,8987
Media,Entry,Master's Degree,9561
Mining,Senior,Associate Degree,3867
Retail,Mid,Associate Degree,4625
Transportation,Senior,Associate Degree,4982
Healthcare,Mid,Master's Degree,8806
Government,Senior,Bachelor's Degree,7193
Agriculture,Mid,Bachelor's Degree,6053
Energy,Entry,High School,4407
Construction,Mid,Bachelor's Degree,7535
Legal,Entry,Associate Degree,5539
Retail,Entry,Associate Degree,5402
Technology,Senior,PhD,11355
Engineering,Mid,Bachelor's Degree,7426
Mining,Mid,Associate Degree,4015
Agriculture,Senior,Master's Degree,6646
Fishing,Mid,Master's Degree,6791
Finance,Entry,Bachelor's Degree,5875
Manufacturing,Mid,Bachelor's Degree,6490
Transportation,Senior,Associate Degree,5672
Real Estate,Mid,High School,3929
Energy,Entry,Master's Degree,7962
Healthcare,Mid,Bachelor's Degree,6865
Logistics,Mid,Associate Degree,4169
Legal,Mid,Associate Degree,5686
Manufacturing,Entry,Associate Degree,5245
Energy,Entry,Bachelor's Degree,7433
Healthcare,Entry,Bachelor's Degree,6985
Government,Entry,Master's Degree,9226
Energy,Entry,High School,3541
Agriculture,Senior,High School,3834
Technology,Senior,Bachelor's Degree,6166
Agriculture,Mid,PhD,10467
Defense,Entry,High School,3998
Retail,Entry,Master's Degree,6565
Engineering,Mid,Associate Degree,4239
Media,Entry,High School,4322
Retail,Entry,High School,3624
Logistics,Entry,High School,4814
Education,Entry,Master's Degree,8256
Retail,Mid,Master's Degree,9433
Agriculture,Senior,Bachelor's Degree,7510
Manufacturing,Mid,High School,3888
Engineering,Entry,Master's Degree,8387
Technology,Mid,High School,3517
Education,Senior,High School,4809
Logistics,Senior,Bachelor's Degree,5873
Technology,Mid,PhD,9031
Legal,Entry,High School,3943
Education,Senior,Master's Degree,9407
Mining,Mid,High School,3852
Engineering,Entry,Bachelor's Degree,6815
Construction,Senior,Bachelor's Degree,7466
Transportation,Senior,Master's Degree,8280
Forestry,Entry,Master's Degree,9343
Construction,Senior,High School,4815
Forestry,Mid,Associate Degree,5467
Government,Entry,Master's Degree,6926
Energy,Senior,Associate Degree,5045
Defense,Senior,PhD,9536
Logistics,Senior,Master's Degree,7709
Retail,Entry,Associate Degree,5083
Logistics,Mid,Bachelor's Degree,6925
Forestry,Entry,Bachelor's Degree,7625
Energy,Mid,Associate Degree,4635
Fishing,Senior,Associate Degree,4998
Real Estate,Entry,High School,3595
Real Estate,Entry,Associate Degree,3872
Defense,Entry,Bachelor's Degree,7606
Construction,Mid,Associate Degree,5605
Government,Senior,Associate Degree,5677
Manufacturing,Mid,Bachelor's Degree,6897
Finance,Entry,Bachelor's Degree,7505
Education,Entry,Associate Degree,4702
Energy,Mid,Master's Degree,7061
Energy,Senior,Bachelor's Degree,7855
Retail,Entry,High School,4354
Forestry,Mid,Associate Degree,5223
Government,Mid,PhD,9018
Mining,Mid,Master's Degree,7763
Government,Mid,Master's Degree,8881
Media,Entry,Master's Degree,9062
Healthcare,Entry,High School,3921
Forestry,Senior,Associate Degree,4590
Manufacturing,Mid,Bachelor's Degree,5587
Technology,Entry,Bachelor's Degree,5889
Transportation,Entry,Bachelor's Degree,7903
Mining,Mid,High School,4344
Defense,Senior,Master's Degree,7931
Forestry,Senior,Master's Degree,7759
Defense,Entry,Associate Degree,4481
Transportation,Mid,Associate Degree,5172
Retail,Mid,PhD,9644
Mining,Entry,Master's Degree,6827
Defense,Mid,Associate Degree,4641
Manufacturing,Entry,Master's Degree,6731
Retail,Mid,Bachelor's Degree,8019
Legal,Mid,Bachelor's Degree,6184
Legal,Mid,Bachelor's Degree,5732
Real Estate,Mid,Bachelor's Degree,7019
Finance,Entry,Bachelor's Degree,6946
Manufacturing,Mid,Associate Degree,5365
Real Estate,Entry,Bachelor's Degree,5554
Mining,Mid,High School,3441
Technology,Mid,Associate Degree,4598
Engineering,Entry,Associate Degree,4014
Manufacturing,Mid,High School,4786
Education,Senior,Associate Degree,4373
Forestry,Entry,Associate Degree,4051
Real Estate,Mid,Master's Degree,8788
Media,Entry,High School,4580
Legal,Entry,Master's Degree,8444
Media,Entry,Master's Degree,7772
Logistics,Mid,Associate Degree,4465
Education,Entry,Bachelor's Degree,5734
Defense,Entry,Associate Degree,5530
Construction,Entry,Master's Degree,8099
Government,Entry,PhD,10738
Energy,Entry,High School,3526
Media,Mid,High School,3646
Engineering,Senior,High School,3453
Finance,Senior,Master's Degree,6797
Government,Senior,Associate Degree,5694
Media,Mid,Associate Degree,5364
Fishing,Entry,Associate Degree,4838
Fishing,Mid,Associate Degree,5182
Finance,Mid,PhD,10859
Agriculture,Entry,Bachelor's Degree,7428
Fishing,Senior,Master's Degree,7749
Healthcare,Mid,Associate Degree,4236
Media,Mid,Bachelor's Degree,5442
Engineering,Mid,Associate Degree,4875
Mining,Entry,Associate Degree,5290
Legal,Entry,Bachelor's Degree,5737
Transportation,Entry,High School,3272
Healthcare,Senior,Associate Degree,4417
Finance,Entry,Bachelor's Degree,5729
Transportation,Mid,Master's Degree,9051
Retail,Senior,Master's Degree,7712
Forestry,Entry,Master's Degree,8355
Real Estate,Mid,Bachelor's Degree,6582
Logistics,Entry,High School,3226
Construction,Mid,Bachelor's Degree,7793
Retail,Mid,Bachelor's Degree,6196
Defense,Senior,Bachelor's Degree,7837
Fishing,Entry,High School,4477
Technology,Senior,High School,4355
Legal,Mid,Associate Degree,4702
Mining,Entry,Associate Degree,3985
Education,Mid,Associate Degree,5350
Retail,Mid,Associate Degree,3963
Mining,Entry,Master's Degree,9422
Legal,Mid,High School,4553
Fishing,Mid,Bachelor's Degree,6088
Retail,Mid,Associate Degree,4913
Finance,Entry,Bachelor's Degree,7450
Fishing,Entry,High School,3426
Education,Entry,Bachelor's Degree,5846
Transportation,Senior,Associate Degree,5420
Technology,Entry,Associate Degree,5564
Energy,Mid,PhD,10058
Energy,Senior,Master's Degree,6716
Legal,Entry,Master's Degree,8540
Finance,Entry,High School,4244
Retail,Mid,Bachelor's Degree,5658
Technology,Senior,Bachelor's Degree,6031
Manufacturing,Entry,Associate Degree,4942
Technology,Mid,Bachelor's Degree,5477
Real Estate,Mid,Bachelor's Degree,6367
Education,Mid,Master's Degree,8325
Government,Entry,Associate Degree,4494
Transportation,Entry,Associate Degree,5291
Healthcare,Senior,Bachelor's Degree,6248
Mining,Entry,Master's Degree,9136
Retail,Senior,Bachelor's Degree,7021
Real Estate,Entry,High School,3754
Transportation,Senior,Associate Degree,3845
Manufacturing,Senior,Associate Degree,3930
Energy,Entry,Associate Degree,4361
Government,Senior,Master's Degree,9263
Forestry,Mid,Bachelor's Degree,7589
Logistics,Senior,High School,4663
Agriculture,Entry,Master's Degree,7916
Forestry,Entry,Associate Degree,4583
Manufacturing,Entry,Bachelor's Degree,6701
Education,Mid,High School,4823
Logistics,Mid,Bachelor's Degree,6304
Fishing,Entry,Associate Degree,4506
Finance,Senior,High School,4033
Real Estate,Mid,PhD,9523
Fishing,Mid,Master's Degree,7683
Energy,Entry,Bachelor's Degree,7133
Defense,Mid,Master's Degree,8974
Transportation,Senior,Associate Degree,5052
Logistics,Mid,Master's Degree,8897
Finance,Mid,Bachelor's Degree,6159
Agriculture,Mid,High School,3340
Agriculture,Mid,Associate Degree,5528
Real Estate,Mid,PhD,10544
Defense,Entry,Associate Degree,5064
Media,Entry,Associate Degree,3813
Transportation,Mid,Bachelor's Degree,7214
Healthcare,Entry,Master's Degree,8582
Defense,Mid,Master's Degree,9255
Healthcare,Mid,Associate Degree,5227
Construction,Entry,High School,3246
Engineering,Mid,Associate Degree,4813
Healthcare,Mid,High School,3458
Media,Entry,Bachelor's Degree,5758
Finance,Senior,Master's Degree,7230
Forestry,Entry,Master's Degree,8725
Healthcare,Mid,Associate Degree,4288
Finance,Senior,Associate Degree,4254
Retail,Entry,Bachelor's Degree,6363
Real Estate,Senior,PhD,11075
Fishing,Mid,Associate Degree,4556
Transportation,Senior,PhD,9214
Healthcare,Mid,High School,3228
Technology,Mid,Associate Degree,5055
Transportation,Entry,Bachelor's Degree,6837
Logistics,Mid,Bachelor's Degree,7461
Agriculture,Mid,Master's Degree,7778
Media,Entry,High School,3271
Forestry,Mid,Associate Degree,5149
Retail,Entry,Bachelor's Degree,7636
Manufacturing,Entry,Master's Degree,6645
Defense,Mid,High School,3879
Forestry,Mid,PhD,9161
Real Estate,Senior,Bachelor's Degree,6638
Government,Mid,PhD,10711
Energy,Mid,Master's Degree,8035
Legal,Entry,PhD,10330
Real Estate,Senior,Bachelor's Degree,7675
Technology,Mid,Bachelor's Degree,6878
Government,Entry,Master's Degree,7907
Finance,Mid,Bachelor's Degree,7528
Retail,Senior,Bachelor's Degree,7266
Retail,Entry,Associate Degree,4289
Government,Senior,Master's Degree,9492
Construction,Mid,Master's Degree,7980
Construction,Mid,Associate Degree,4119
Fishing,Mid,Associate Degree,3838
Media,Entry,PhD,10103
Mining,Senior,Master's Degree,6662
Energy,Entry,Bachelor's Degree,7161
Healthcare,Mid,Master's Degree,7537
Logistics,Mid,Associate Degree,5435
Fishing,Entry,Bachelor's Degree,7304
Real Estate,Senior,PhD,8318
Forestry,Mid,Associate Degree,5560
Government,Mid,Bachelor's Degree,7985
Education,Entry,High School,3678
Media,Mid,Bachelor's Degree,7852
Real Estate,Mid,Bachelor's Degree,6313
Healthcare,Entry,Associate Degree,5288
Healthcare,Entry,Master's Degree,6559
Manufacturing,Entry,High School,4764
Energy,Entry,Master's Degree,7272
Forestry,Mid,Bachelor's Degree,5409
Transportation,Entry,High School,4682
Transportation,Mid,Associate Degree,5333
Education,Senior,High School,4209
Transportation,Mid,Master's Degree,8456
Legal,Entry,Associate Degree,5587
Education,Entry,Bachelor's Degree,6847
Transportation,Senior,Bachelor's Degree,6495
Forestry,Mid,High School,4530
Technology,Entry,Master's Degree,6948
Retail,Mid,Associate Degree,5675
Forestry,Entry,Associate Degree,4088
Media,Mid,Master's Degree,6841
Energy,Mid,Master's Degree,6785
Media,Mid,High School,3572
Engineering,Mid,Master's Degree,8957
Construction,Entry,High School,3359
Education,Entry,Master's Degree,8619
Logistics,Senior,Bachelor's Degree,6230
Construction,Mid,High School,3387
Media,Entry,Master's Degree,8412
Legal,Mid,Bachelor's Degree,7345
Agriculture,Entry,Bachelor's Degree,5904
Construction,Entry,Master's Degree,6521
Logistics,Mid,Bachelor's Degree,5681
Media,Mid,Bachelor's Degree,6449
Agriculture,Entry,Master's Degree,7887
Forestry,Entry,Bachelor's Degree,6810
Fishing,Senior,Bachelor's Degree,6655
Healthcare,Entry,Bachelor's Degree,6403
Logistics,Senior,Master's Degree,6494
Real Estate,Senior,Bachelor's Degree,5864
Healthcare,Senior,Bachelor's Degree,6423
Mining,Mid,High School,3659
Manufacturing,Senior,PhD,9857
Real Estate,Entry,High School,3595
Mining,Entry,Associate Degree,5000
Agriculture,Mid,Bachelor's Degree,6886
Media,Mid,PhD,8053
Engineering,Mid,Bachelor's Degree,7373
Mining,Entry,PhD,10971
Mining,Entry,High School,3521
Legal,Mid,Bachelor's Degree,6702
Technology,Mid,Associate Degree,4026
Fishing,Mid,High School,4138
Manufacturing,Entry,High School,4143
Legal,Entry,Associate Degree,5695
Manufacturing,Mid,Bachelor's Degree,5662
Education,Mid,High School,3317
Manufacturing,Mid,Bachelor's Degree,6028
Fishing,Mid,High School,4047
Forestry,Entry,Associate Degree,4253
Forestry,Mid,Master's Degree,7053
Transportation,Mid,High School,4315
Healthcare,Mid,Bachelor's Degree,5547
Government,Entry,Bachelor's Degree,5404
Education,Mid,High School,3426
Education,Mid,PhD,11703
Transportation,Entry,Master's Degree,8803
Transportation,Mid,Bachelor's Degree,6222
Logistics,Mid,Bachelor's Degree,7340
Logistics,Senior,Bachelor's Degree,7296
Technology,Entry,Associate Degree,5044
Legal,Entry,Associate Degree,5220
Manufacturing,Senior,Bachelor's Degree,7185
Transportation,Entry,Associate Degree,4624
Defense,Mid,Associate Degree,4487
Legal,Mid,Associate Degree,4290
Real Estate,Entry,Bachelor's Degree,7030
Manufacturing,Mid,Bachelor's Degree,6860
Mining,Mid,High School,4075
Media,Entry,High School,3617
Agriculture,Mid,Bachelor's Degree,6572
Education,Mid,PhD,8671
Fishing,Mid,Master's Degree,6481
Logistics,Senior,Master's Degree,7517
Forestry,Entry,Associate Degree,5113
Manufacturing,Mid,Associate Degree,3829
Logistics,Mid,PhD,11513
Healthcare,Senior,Master's Degree,6739
Education,Entry,Associate Degree,5601
Defense,Mid,Associate Degree,4380
Mining,Mid,Bachelor's Degree,5542
Construction,Senior,Bachelor's Degree,5528
Legal,Entry,High School,3489
Technology,Mid,Bachelor's Degree,7309
Healthcare,Mid,Master's Degree,8588
Real Estate,Entry,High School,4359
Real Estate,Entry,Master's Degree,7059
Healthcare,Senior,High School,4003
Engineering,Entry,Master's Degree,7431
Defense,Mid,High School,4757
Construction,Entry,High School,3621
Engineering,Senior,Associate Degree,5526
Construction,Entry,Associate Degree,4837
Retail,Mid,Associate Degree,5714
Retail,Mid,High School,4744
Transportation,Senior,Bachelor's Degree,7887
Mining,Mid,Master's Degree,6603
Legal,Mid,High School,3716
Real Estate,Entry,Associate Degree,5612
Media,Mid,Bachelor's Degree,7080
Fishing,Entry,Associate Degree,4944
Education,Mid,Associate Degree,4233
Fishing,Entry,Master's Degree,9333
Manufacturing,Entry,Bachelor's Degree,5515
Government,Senior,Master's Degree,6394
Agriculture,Mid,Bachelor's Degree,7403
Government,Mid,PhD,9655
Education,Mid,Master's Degree,9524
Defense,Entry,Bachelor's Degree,7598
Agriculture,Mid,Associate Degree,5714
Logistics,Entry,Bachelor's Degree,6367
Technology,Entry,Associate Degree,4509
Energy,Entry,Associate Degree,4433
Logistics,Senior,High School,3628
Transportation,Entry,Master's Degree,7303
Agriculture,Entry,Bachelor's Degree,5877
Technology,Entry,Associate Degree,5691
Transportation,Senior,Bachelor's Degree,7452
Fishing,Mid,Bachelor's Degree,7185
Mining,Senior,Associate Degree,4172
Mining,Entry,Associate Degree,4956
Retail,Entry,Bachelor's Degree,7387
Technology,Senior,Bachelor's Degree,6305
Finance,Mid,High School,3607
Education,Entry,High School,4022
Finance,Entry,Bachelor's Degree,7291
Engineering,Mid,Associate Degree,5585
Legal,Mid,Bachelor's Degree,5405
Agriculture,Entry,Bachelor's Degree,5886
Education,Senior,Associate Degree,5650
Transportation,Senior,Bachelor's Degree,7676
Agriculture,Mid,Master's Degree,9333
Education,Entry,Associate Degree,4550
Legal,Entry,Bachelor's Degree,6260
Technology,Senior,Bachelor's Degree,7353
Education,Senior,Master's Degree,9330
Defense,Senior,Master's Degree,9258
Forestry,Senior,Bachelor's Degree,6791
Government,Mid,Associate Degree,4271
Media,Entry,Associate Degree,5408
Logistics,Senior,High School,3395
Media,Entry,Bachelor's Degree,6290
Logistics,Entry,Associate Degree,3936
Fishing,Mid,Associate Degree,4493
Government,Entry,High School,4510
Logistics,Entry,Bachelor's Degree,7774
Logistics,Mid,Master's Degree,8495
Media,Senior,Associate Degree,5181
Transportation,Senior,Associate Degree,5331
Engineering,Entry,High School,3323
Agriculture,Senior,Associate Degree,5210
Legal,Mid,Bachelor's Degree,6634
Government,Entry,High School,4510
Technology,Mid,Associate Degree,4861
Education,Entry,Master's Degree,9344
Construction,Mid,High School,3516
Energy,Mid,High School,3348
Real Estate,Senior,Master's Degree,8194
Energy,Entry,Bachelor's Degree,6308
Agriculture,Mid,Master's Degree,8792
Defense,Mid,Associate Degree,3993
Construction,Entry,High School,3224
Retail,Entry,Bachelor's Degree,5452
Education,Mid,Master's Degree,6509
Finance,Entry,High School,4012
Logistics,Entry,Associate Degree,4451
Agriculture,Mid,Master's Degree,6683
Real Estate,Senior,Master's Degree,6483
Energy,Mid,Bachelor's Degree,5361
Government,Entry,Associate Degree,4227
Agriculture,Senior,Master's Degree,6413
Technology,Senior,Associate Degree,4709
Engineering,Entry,Associate Degree,4494
Retail,Entry,Bachelor's Degree,6544
Media,Senior,Bachelor's Degree,7090
Engineering,Entry,Bachelor's Degree,6217
Real Estate,Mid,Bachelor's Degree,6268
Real Estate,Entry,High School,4676
Government,Entry,Master's Degree,7626
Finance,Mid,Master's Degree,6652
Government,Entry,High School,3854
Government,Entry,Bachelor's Degree,6124
Agriculture,Senior,Bachelor's Degree,7844
Healthcare,Mid,Master's Degree,6721
Healthcare,Mid,High School,4753
Forestry,Mid,High School,3254
Construction,Entry,Master's Degree,6919
Healthcare,Senior,Bachelor's Degree,7844
Manufacturing,Entry,Bachelor's Degree,6402
Technology,Entry,Master's Degree,7792
Fishing,Entry,Master's Degree,6578
Education,Entry,Bachelor's Degree,7475
Healthcare,Entry,High School,3474
Construction,Entry,Bachelor's Degree,6053
Engineering,Mid,Master's Degree,7909
Transportation,Entry,Bachelor's Degree,5677
Education,Mid,Bachelor's Degree,5624
Fishing,Entry,High School,4087
Fishing,Senior,Master's Degree,8545
Finance,Mid,Associate Degree,4760
Agriculture,Senior,High School,3544
Defense,Mid,Master's Degree,8914
Energy,Mid,High School,3500
Energy,Senior,High School,3893
Finance,Mid,Associate Degree,4260
Real Estate,Mid,Bachelor's Degree,6949
Media,Mid,Associate Degree,5209
Government,Entry,Associate Degree,4544
Education,Entry,Bachelor's Degree,6218
Energy,Entry,Master's Degree,6943
Construction,Mid,Master's Degree,7333
Government,Mid,Master's Degree,8680
Legal,Mid,Associate Degree,5005
Mining,Mid,Bachelor's Degree,7089
Defense,Entry,PhD,9782
Media,Entry,High School,4259
Transportation,Mid,Associate Degree,3921
Forestry,Entry,Master's Degree,7466
Government,Senior,Bachelor's Degree,7649
Media,Mid,Associate Degree,4655
Government,Senior,Bachelor's Degree,6417
Real Estate,Mid,Bachelor's Degree,6068
Government,Entry,Associate Degree,5057
Transportation,Entry,Master's Degree,7851
Mining,Mid,High School,3262
Finance,Mid,Associate Degree,5301
Real Estate,Mid,High School,3716
Forestry,Entry,Bachelor's Degree,7919
Government,Senior,Bachelor's Degree,7257
Logistics,Mid,High School,4626
Manufacturing,Mid,Master's Degree,7240
Government,Senior,Associate Degree,4735
Energy,Entry,Bachelor's Degree,7387
Transportation,Mid,Associate Degree,5691
Defense,Mid,Bachelor's Degree,5620
Technology,Mid,Bachelor's Degree,5924
Logistics,Entry,Associate Degree,5353
Fishing,Entry,Master's Degree,6405
Government,Senior,Bachelor's Degree,6261
Fishing,Mid,Master's Degree,8781
Forestry,Mid,Associate Degree,5027
Forestry,Entry,Bachelor's Degree,5617
Finance,Mid,Master's Degree,7694
Retail,Entry,Associate Degree,5533
Mining,Mid,High School,4676
Legal,Mid,High School,3658
Technology,Mid,High School,3329
Agriculture,Entry,High School,4752
Manufacturing,Entry,Bachelor's Degree,6378
Defense,Entry,Associate Degree,3945
Construction,Mid,Bachelor's Degree,7743
Construction,Senior,Master's Degree,7011
Media,Mid,Bachelor's Degree,5812
Government,Mid,Associate Degree,4086
Mining,Mid,Bachelor's Degree,7502
Mining,Mid,PhD,7919
Agriculture,Senior,Bachelor's Degree,7441
Real Estate,Entry,Associate Degree,5255
Energy,Mid,High School,4197
Education,Mid,Associate Degree,4694
Healthcare,Senior,Master's Degree,6914
Engineering,Mid,Bachelor's Degree,5586
Logistics,Mid,Bachelor's Degree,7681
Mining,Senior,Bachelor's Degree,7499
Agriculture,Mid,Bachelor's Degree,7690
Retail,Mid,High School,4212
Finance,Senior,High School,4558
Agriculture,Entry,High School,4279
Education,Mid,Bachelor's Degree,6171
Agriculture,Entry,Associate Degree,4936
Finance,Mid,Bachelor's Degree,7220
Logistics,Senior,High School,4354
Legal,Mid,Bachelor's Degree,6652
Fishing,Mid,Bachelor's Degree,6907
Finance,Mid,Bachelor's Degree,7027
Finance,Entry,Associate Degree,5240
Defense,Entry,Master's Degree,9127
Logistics,Entry,Master's Degree,7214
Healthcare,Senior,Master's Degree,8170
Real Estate,Mid,Bachelor's Degree,6791
Energy,Entry,High School,3895
Manufacturing,Senior,Associate Degree,4792
Agriculture,Entry,Bachelor's Degree,5653
Fishing,Mid,Bachelor's Degree,5635
Real Estate,Entry,High School,4389
Forestry,Mid,Master's Degree,9464
Forestry,Entry,High School,4748
Logistics,Entry,High School,4114
Energy,Entry,Associate Degree,5683
Finance,Mid,Bachelor's Degree,6869
Real Estate,Senior,Bachelor's Degree,6074
Education,Entry,Bachelor's Degree,7031
Legal,Senior,High School,4133
Retail,Mid,Bachelor's Degree,5998
Technology,Mid,High School,4102
Logistics,Mid,Associate Degree,4894
Finance,Mid,Bachelor's Degree,6574
Real Estate,Entry,High School,4175
Defense,Entry,Bachelor's Degree,7636
Forestry,Entry,Bachelor's Degree,6735
Legal,Mid,Bachelor's Degree,5375
Transportation,Mid,High School,4198
Finance,Mid,Associate Degree,5603
Construction,Mid,Bachelor's Degree,6856
Finance,Mid,Bachelor's Degree,5600
Media,Senior,Bachelor's Degree,6941
Media,Senior,PhD,9439
Real Estate,Mid,Master's Degree,9514
Education,Mid,Master's Degree,8560
Retail,Entry,Master's Degree,7033
Real Estate,Entry,Bachelor's Degree,7543
Technology,Entry,Bachelor's Degree,6518
Legal,Entry,Bachelor's Degree,5585
Agriculture,Mid,Bachelor's Degree,7860
Healthcare,Mid,Master's Degree,9565
Fishing,Entry,Master's Degree,8733
Transportation,Mid,Associate Degree,5460
Retail,Entry,Associate Degree,5646
Logistics,Mid,Associate Degree,5060
Retail,Entry,High School,4181
Agriculture,Entry,High School,4188
Construction,Entry,Bachelor's Degree,6090
Energy,Mid,Master's Degree,9108
Education,Senior,High School,3397
Technology,Entry,High School,4632
Finance,Entry,Associate Degree,4529
Forestry,Entry,Associate Degree,4984
Fishing,Mid,Master's Degree,6462
Education,Senior,Bachelor's Degree,5593
Healthcare,Mid,PhD,10841
Government,Entry,Bachelor's Degree,6116
Construction,Senior,Associate Degree,5263
Forestry,Mid,Bachelor's Degree,6905
Legal,Senior,Bachelor's Degree,7475
Manufacturing,Mid,PhD,10045
Legal,Entry,Associate Degree,5713
Defense,Mid,Bachelor's Degree,7336
Healthcare,Entry,High School,3467
Real Estate,Entry,Master's Degree,7980
Education,Entry,High School,4394
Government,Entry,Master's Degree,6930
Energy,Senior,Master's Degree,8531
Logistics,Entry,Bachelor's Degree,7364
Real Estate,Senior,Bachelor's Degree,7166
Manufacturing,Entry,Associate Degree,4517
Government,Mid,High School,3989
Agriculture,Entry,Bachelor's Degree,7264
Legal,Mid,Master's Degree,6635
Mining,Entry,Associate Degree,4170
Retail,Senior,Bachelor's Degree,7025
Education,Entry,Associate Degree,5109
Defense,Entry,Bachelor's Degree,6618
Energy,Mid,Bachelor's Degree,7839
Legal,Mid,Associate Degree,5325
Education,Mid,Bachelor's Degree,5842
Mining,Senior,Bachelor's Degree,6063
Technology,Mid,Associate Degree,5713
Media,Mid,Bachelor's Degree,7238
Engineering,Senior,PhD,8468
Defense,Entry,Associate Degree,4843
Transportation,Entry,Bachelor's Degree,6711
Legal,Mid,Associate Degree,5693
Construction,Entry,High School,3698
Manufacturing,Senior,High School,3720
Technology,Entry,Master's Degree,8128
Education,Mid,Associate Degree,4904
Manufacturing,Senior,Master's Degree,8336
Retail,Entry,Bachelor's Degree,5768
Forestry,Mid,Bachelor's Degree,7473
Education,Mid,Bachelor's Degree,6113
Forestry,Mid,Associate Degree,3975
Engineering,Entry,High School,3328
Manufacturing,Entry,PhD,11803
Energy,Entry,High School,4559
Legal,Mid,Bachelor's Degree,5753
Technology,Entry,High School,3969
Education,Entry,Bachelor's Degree,7623
Agriculture,Mid,Associate Degree,5257
Energy,Entry,Bachelor's Degree,6575
Education,Entry,Master's Degree,6782
Defense,Entry,Master's Degree,8945
Mining,Senior,Associate Degree,4737
Construction,Entry,Associate Degree,4774
Transportation,Entry,High School,3902
Transportation,Mid,PhD,11468
Engineering,Senior,High School,4191
Fishing,Mid,Bachelor's Degree,6496
Government,Entry,Bachelor's Degree,6027
Real Estate,Entry,Master's Degree,8518
Agriculture,Entry,Master's Degree,8262
Technology,Entry,Bachelor's Degree,7527
Healthcare,Senior,High School,3265
Energy,Entry,High School,3561
Engineering,Mid,High School,4528
Education,Mid,Master's Degree,6718
Technology,Entry,Bachelor's Degree,6696
Healthcare,Entry,Bachelor's Degree,5932
Retail,Entry,Associate Degree,5403
Real Estate,Mid,Bachelor's Degree,6992
Technology,Entry,Bachelor's Degree,6021
Mining,Mid,High School,4182
Construction,Senior,High School,4581
Retail,Entry,Associate Degree,5433
Real Estate,Mid,Bachelor's Degree,6252
Fishing,Entry,Bachelor's Degree,6956
Mining,Entry,Bachelor's Degree,5731
Technology,Entry,Associate Degree,3986
Media,Entry,Bachelor's Degree,6232
Finance,Senior,Bachelor's Degree,7291
Logistics,Senior,Bachelor's Degree,5649
Education,Mid,Master's Degree,7485
Legal,Mid,Bachelor's Degree,7770
Legal,Senior,High School,4308
Healthcare,Mid,Bachelor's Degree,6314
Defense,Entry,PhD,9971
Logistics,Mid,Bachelor's Degree,7745
Logistics,Mid,Master's Degree,6435
Manufacturing,Entry,Associate Degree,5696
Construction,Senior,High School,3661
Logistics,Mid,High School,4670
Real Estate,Mid,Bachelor's Degree,6327
Fishing,Senior,Bachelor's Degree,5613
Healthcare,Entry,Associate Degree,5220
Retail,Entry,High School,3898
Agriculture,Mid,Bachelor's Degree,5519
Logistics,Entry,Bachelor's Degree,6682
Real Estate,Mid,Bachelor's Degree,7333
Legal,Senior,High School,3260
Transportation,Senior,Associate Degree,4639
Real Estate,Entry,High School,4624
Media,Mid,Master's Degree,8329
Manufacturing,Senior,High School,4109
Engineering,Mid,Associate Degree,5428
Manufacturing,Entry,Bachelor's Degree,7286
Government,Entry,Master's Degree,7904
Forestry,Entry,Bachelor's Degree,6092
Retail,Entry,High School,3493
Engineering,Entry,Master's Degree,8741
Fishing,Mid,Master's Degree,8688
Education,Entry,Bachelor's Degree,6125
Mining,Entry,Bachelor's Degree,6689
Manufacturing,Mid,Associate Degree,5296
Education,Mid,Master's Degree,6573
Transportation,Entry,High School,4078
Logistics,Mid,Master's Degree,9399
Mining,Mid,High School,4809
Real Estate,Mid,Bachelor's Degree,7290
Manufacturing,Mid,Bachelor's Degree,7786
Logistics,Mid,Master's Degree,7560
Real Estate,Mid,Bachelor's Degree,6370
Transportation,Entry,Bachelor's Degree,7030
Legal,Senior,Associate Degree,5592
Defense,Entry,Master's Degree,8924
Media,Senior,Associate Degree,4919
Real Estate,Senior,Master's Degree,8720
Retail,Entry,High School,4106
Logistics,Senior,Associate Degree,3929
Legal,Entry,High School,3487
Manufacturing,Senior,Associate Degree,4051
Transportation,Entry,Bachelor's Degree,6333
Retail,Senior,Bachelor's Degree,5787
Energy,Mid,Bachelor's Degree,6840
Technology,Entry,Bachelor's Degree,6140
Agriculture,Entry,Associate Degree,4597
Forestry,Entry,Master's Degree,7465
Agriculture,Entry,High School,3682
Real Estate,Mid,Master's Degree,6784
Energy,Entry,High School,3767
Engineering,Mid,High School,4822
Education,Senior,Master's Degree,9101
Government,Entry,High School,3289
Retail,Senior,Bachelor's Degree,6018
Construction,Mid,Bachelor's Degree,5808
Healthcare,Mid,Associate Degree,4055
Mining,Senior,Bachelor's Degree,7573
Finance,Senior,Master's Degree,6513
Real Estate,Senior,Bachelor's Degree,5660
Construction,Senior,Master's Degree,7613
Legal,Entry,High School,4830
Technology,Entry,Master's Degree,8875
Logistics,Senior,Bachelor's Degree,7301
Media,Mid,High School,3784
Real Estate,Senior,Associate Degree,5508
Logistics,Senior,Bachelor's Degree,6373
Healthcare,Entry,Associate Degree,5600
Government,Entry,Master's Degree,8764
Mining,Entry,Associate Degree,5553
Retail,Mid,Associate Degree,5663
Defense,Mid,Master's Degree,6444
Mining,Senior,Bachelor's Degree,6112
Construction,Entry,Associate Degree,4484
Energy,Mid,High School,4469
Energy,Entry,Bachelor's Degree,5352
Mining,Mid,Master's Degree,8526
Defense,Entry,High School,3295
Education,Mid,Associate Degree,5431
Engineering,Mid,Associate Degree,5429
Transportation,Entry,Bachelor's Degree,6801
Agriculture,Senior,Associate Degree,5660
Retail,Mid,Bachelor's Degree,6648
Defense,Senior,High School,4775
Defense,Senior,Associate Degree,4743
Agriculture,Entry,Bachelor's Degree,7441
Transportation,Mid,Master's Degree,8266
Technology,Entry,Bachelor's Degree,7308
Forestry,Senior,Master's Degree,6803
Healthcare,Mid,Bachelor's Degree,6398
Technology,Entry,Associate Degree,4634
Forestry,Mid,Master's Degree,7083
Real Estate,Mid,Master's Degree,7513
Technology,Senior,High School,4658
Defense,Entry,Associate Degree,4075
Defense,Entry,High School,3271
Media,Senior,Bachelor's Degree,6529
Logistics,Mid,Bachelor's Degree,7548
Education,Mid,Master's Degree,7204
Logistics,Senior,Bachelor's Degree,7540
Media,Mid,Bachelor's Degree,7238
Real Estate,Senior,Bachelor's Degree,6734
Logistics,Entry,Master's Degree,8868
Construction,Senior,Associate Degree,3814
Agriculture,Entry,Bachelor's Degree,7132
Real Estate,Mid,Associate Degree,5081
Agriculture,Senior,Bachelor's Degree,6670
Defense,Mid,Bachelor's Degree,5389
Fishing,Senior,High School,4248
Finance,Mid,Master's Degree,7516
Education,Senior,High School,4039
Legal,Mid,Bachelor's Degree,5897
Mining,Entry,High School,3801
Logistics,Entry,Master's Degree,8815
Healthcare,Mid,Associate Degree,5439
Construction,Entry,Master's Degree,8065
Engineering,Mid,High School,4092
Logistics,Entry,High School,3925
Energy,Senior,Associate Degree,5031
Mining,Mid,Bachelor's Degree,7567
Construction,Senior,Associate Degree,5432
Media,Mid,High School,4761
Fishing,Senior,Bachelor's Degree,7714
Legal,Senior,Master's Degree,7949
Engineering,Entry,Bachelor's Degree,7240
Retail,Entry,Bachelor's Degree,5445
Mining,Mid,Associate Degree,5132
Defense,Mid,Bachelor's Degree,6460
Legal,Mid,Master's Degree,6618
Media,Entry,Bachelor's Degree,7176
Healthcare,Senior,Bachelor's Degree,7657
Legal,Entry,Bachelor's Degree,6326
Manufacturing,Entry,Associate Degree,4858
Education,Senior,High School,4805
Logistics,Mid,Associate Degree,4756
Finance,Entry,Master's Degree,7609
Retail,Entry,PhD,10041
Agriculture,Senior,Bachelor's Degree,7989
Government,Entry,Master's Degree,6909
Energy,Mid,High School,3301
Construction,Mid,Associate Degree,4310
Agriculture,Entry,High School,4236
Retail,Mid,Associate Degree,5653
Forestry,Mid,Bachelor's Degree,7278
Education,Mid,Master's Degree,7420
Legal,Mid,Bachelor's Degree,7689
Legal,Entry,High School,4058
Retail,Entry,High School,3430
Construction,Entry,Bachelor's Degree,7962
Agriculture,Mid,High School,3239
Defense,Mid,Bachelor's Degree,6208
Transportation,Mid,Associate Degree,4664
Defense,Mid,Associate Degree,4640
Retail,Senior,Bachelor's Degree,5836
Education,Mid,Associate Degree,4126
Mining,Mid,Bachelor's Degree,6707
Finance,Entry,Bachelor's Degree,5642
Finance,Senior,Bachelor's Degree,7236
Manufacturing,Mid,Master's Degree,7096
Logistics,Mid,Bachelor's Degree,7685
Transportation,Mid,Bachelor's Degree,5747
Healthcare,Entry,PhD,10386
Real Estate,Mid,Bachelor's Degree,6666
Mining,Mid,Master's Degree,8898
Government,Entry,High School,4236
Technology,Mid,Bachelor's Degree,7104
Manufacturing,Mid,High School,3385
Finance,Mid,Bachelor's Degree,6207
Engineering,Mid,Bachelor's Degree,7387
Forestry,Entry,Bachelor's Degree,6463
Fishing,Senior,Master's Degree,7100
Engineering,Entry,Associate Degree,4555
Healthcare,Mid,Bachelor's Degree,5635
Logistics,Entry,Bachelor's Degree,7385
Media,Entry,Associate Degree,4554
Energy,Entry,Associate Degree,4578
Transportation,Senior,Master's Degree,8223
Media,Entry,High School,4762
Logistics,Entry,Bachelor's Degree,7502
Transportation,Mid,High School,4106
Technology,Entry,Bachelor's Degree,6394
Finance,Senior,Bachelor's Degree,7698
Energy,Mid,Bachelor's Degree,5583
Transportation,Entry,Master's Degree,9338
Energy,Mid,High School,4817
Real Estate,Entry,Associate Degree,5421
Healthcare,Mid,Master's Degree,8074
Education,Entry,Associate Degree,4393
Retail,Entry,Bachelor's Degree,5825
Real Estate,Mid,Bachelor's Degree,7143
Fishing,Mid,Bachelor's Degree,7128
Manufacturing,Mid,Bachelor's Degree,6232
Forestry,Mid,Bachelor's Degree,5501
Real Estate,Senior,Master's Degree,8602
Government,Mid,High School,4582
Fishing,Entry,Associate Degree,3896
Construction,Mid,Master's Degree,8000
Healthcare,Mid,Associate Degree,4212
Engineering,Entry,Bachelor's Degree,7383
Real Estate,Mid,PhD,11230
Construction,Mid,Associate Degree,5672
Government,Mid,Master's Degree,8684
Education,Mid,Master's Degree,6865
Transportation,Mid,Associate Degree,4458
Manufacturing,Mid,Associate Degree,5365
Finance,Mid,Associate Degree,4748
Construction,Entry,Associate Degree,4187
Transportation,Entry,Master's Degree,6725
Finance,Mid,Associate Degree,5391
Engineering,Entry,Bachelor's Degree,6231
Energy,Mid,Bachelor's Degree,7432
Manufacturing,Entry,High School,4687
Technology,Senior,Master's Degree,7178
Government,Mid,Associate Degree,5015
Education,Entry,Master's Degree,9056
Technology,Entry,Associate Degree,4145
Engineering,Entry,Associate Degree,4148
Logistics,Mid,Associate Degree,4052
Logistics,Entry,Associate Degree,4757
Logistics,Mid,PhD,8221
Media,Entry,High School,4764
Fishing,Senior,Master's Degree,8162
Healthcare,Mid,Master's Degree,8615
Mining,Entry,Bachelor's Degree,7748
Fishing,Entry,Bachelor's Degree,7106
Healthcare,Senior,High School,4430
Government,Entry,Master's Degree,6593
Healthcare,Mid,Associate Degree,4288
Defense,Senior,Associate Degree,5153
Education,Mid,High School,3876
Construction,Mid,High School,3895
Energy,Mid,Associate Degree,4667
Logistics,Entry,PhD,11456
Finance,Mid,Master's Degree,7861
Forestry,Entry,Bachelor's Degree,7616
Real Estate,Entry,PhD,11416
Mining,Entry,Associate Degree,4485
Construction,Entry,High School,4517
Retail,Mid,Bachelor's Degree,7839
Technology,Entry,High School,4595
Government,Entry,High School,3301
Manufacturing,Entry,Associate Degree,5509
Fishing,Entry,Master's Degree,7229
Defense,Senior,Bachelor's Degree,7087
Forestry,Mid,High School,3241
Government,Senior,Associate Degree,5505
Logistics,Mid,Master's Degree,7000
Mining,Entry,Master's Degree,8728
Finance,Mid,Associate Degree,4877
Mining,Entry,Bachelor's Degree,7464
Legal,Mid,Bachelor's Degree,5648
Legal,Mid,High School,4467
Logistics,Entry,Bachelor's Degree,5651
Healthcare,Senior,Master's Degree,6761
Finance,Senior,Master's Degree,9196
Manufacturing,Entry,Master's Degree,6884
Legal,Senior,Bachelor's Degree,7076
Education,Entry,Associate Degree,5559
Media,Entry,Master's Degree,8690
Manufacturing,Entry,Bachelor's Degree,7330
Transportation,Entry,Bachelor's Degree,7938
Construction,Entry,Master's Degree,7652
Engineering,Senior,Bachelor's Degree,6007
Fishing,Entry,Associate Degree,5167
Technology,Entry,Bachelor's Degree,7443
Transportation,Mid,Bachelor's Degree,7703
Mining,Entry,High School,3306
Healthcare,Senior,Bachelor's Degree,7876
Transportation,Entry,High School,4182
Defense,Mid,Bachelor's Degree,6732
Defense,Entry,Bachelor's Degree,7739
Agriculture,Entry,Associate Degree,4732
Transportation,Senior,High School,4008
Construction,Mid,High School,3392
Real Estate,Senior,Bachelor's Degree,6714
Healthcare,Mid,Master's Degree,8617
Forestry,Entry,Master's Degree,9250
Engineering,Senior,High School,4815
Manufacturing,Senior,High School,3327
Mining,Mid,High School,4259
Technology,Mid,Master's Degree,6837
Government,Mid,Bachelor's Degree,6284
Healthcare,Entry,Bachelor's Degree,7299
Energy,Entry,Bachelor's Degree,6395
Finance,Entry,Master's Degree,7294
Engineering,Mid,Master's Degree,7632
Finance,Mid,Bachelor's Degree,5359
Education,Mid,Associate Degree,5598
Engineering,Senior,Bachelor's Degree,7945
Technology,Entry,Associate Degree,4931
Fishing,Entry,Master's Degree,9292
Defense,Mid,Master's Degree,8564
Construction,Senior,Bachelor's Degree,5773
Transportation,Entry,Bachelor's Degree,6514
Retail,Entry,Master's Degree,7999
Real Estate,Senior,Master's Degree,8749
Energy,Entry,Associate Degree,5369
Manufacturing,Senior,High School,3788
Finance,Mid,Master's Degree,7634
Mining,Entry,Associate Degree,5164
Media,Entry,Associate Degree,4763
Defense,Mid,Associate Degree,5235
Forestry,Entry,Associate Degree,4449
Engineering,Mid,Associate Degree,3947
Finance,Mid,Master's Degree,6552
Mining,Mid,Master's Degree,8459
Healthcare,Mid,Master's Degree,6448
Construction,Entry,Associate Degree,5124
Forestry,Mid,Bachelor's Degree,5832
Real Estate,Senior,Bachelor's Degree,7421
Fishing,Entry,Master's Degree,7430
Media,Mid,Master's Degree,8553
Engineering,Entry,Master's Degree,6413
Fishing,Mid,Associate Degree,5070
Education,Mid,Associate Degree,5359
Construction,Senior,Associate Degree,5501
Defense,Entry,Associate Degree,5598
Construction,Senior,High School,3880
Healthcare,Entry,Master's Degree,9346
Technology,Mid,Bachelor's Degree,5807
Logistics,Entry,Associate Degree,4654
Logistics,Senior,High School,4093
Manufacturing,Mid,Bachelor's Degree,5865
Government,Entry,Bachelor's Degree,5372
Engineering,Entry,High School,3451
Media,Entry,High School,4813
Defense,Entry,High School,3494
Healthcare,Senior,High School,4148
Defense,Entry,Bachelor's Degree,6126
Healthcare,Entry,Bachelor's Degree,5776
Finance,Entry,High School,3238
Real Estate,Entry,Associate Degree,5300
Construction,Mid,High School,3764
Fishing,Entry,Bachelor's Degree,6979
Logistics,Mid,High School,3885
Forestry,Mid,Bachelor's Degree,6398
Energy,Entry,Associate Degree,4959
Agriculture,Entry,Bachelor's Degree,6100
Construction,Senior,Associate Degree,4125
Logistics,Senior,Bachelor's Degree,5924
Real Estate,Mid,Associate Degree,5378
Finance,Mid,High School,3720
Energy,Mid,Associate Degree,5028
Logistics,Entry,Bachelor's Degree,6883
Manufacturing,Mid,PhD,9261
Agriculture,Senior,Associate Degree,5561
Healthcare,Mid,Master's Degree,9371
Education,Entry,High School,4068
Forestry,Entry,Bachelor's Degree,7829
Real Estate,Mid,Master's Degree,8528
Forestry,Entry,Associate Degree,5181
Construction,Entry,Associate Degree,4709
Fishing,Mid,High School,3351
Transportation,Mid,Associate Degree,5377
Healthcare,Senior,High School,3646
Agriculture,Senior,High School,3322
Defense,Mid,Associate Degree,5414
Finance,Mid,Bachelor's Degree,6161
Energy,Entry,High School,3672
Real Estate,Mid,Associate Degree,3960
Transportation,Mid,Associate Degree,4995
Healthcare,Mid,High School,3335
Manufacturing,Senior,Bachelor's Degree,7912
Real Estate,Entry,Associate Degree,5321
Real Estate,Senior,High School,4539
Logistics,Senior,Associate Degree,4863
Real Estate,Entry,Bachelor's Degree,6482
Energy,Mid,High School,3508
Transportation,Entry,Master's Degree,9214
Media,Senior,Associate Degree,4397
Government,Mid,Master's Degree,8202
Energy,Entry,Bachelor's Degree,5511
Agriculture,Mid,High School,4218
Construction,Mid,Bachelor's Degree,6623
Mining,Mid,Associate Degree,5479
Fishing,Entry,PhD,7982
Energy,Senior,Master's Degree,9116
Energy,Senior,Bachelor's Degree,6527
Retail,Mid,Bachelor's Degree,6569
Manufacturing,Senior,High School,4042
Technology,Mid,Bachelor's Degree,5383
Retail,Entry,Bachelor's Degree,5778
Finance,Entry,Associate Degree,4870
Healthcare,Entry,Bachelor's Degree,5589
Real Estate,Entry,Bachelor's Degree,7304
Healthcare,Senior,Bachelor's Degree,7120
Construction,Mid,Bachelor's Degree,6132
Transportation,Entry,Master's Degree,7192
Retail,Mid,Master's Degree,6992
Energy,Mid,High School,4697
Defense,Entry,Master's Degree,7691
Mining,Entry,Bachelor's Degree,6650
Mining,Mid,Bachelor's Degree,7947
Forestry,Senior,High School,4446
Mining,Senior,Bachelor's Degree,6526
Fishing,Senior,Bachelor's Degree,7125
Finance,Entry,Associate Degree,5181
Technology,Entry,Bachelor's Degree,5926
Retail,Entry,Associate Degree,5170
Forestry,Entry,Bachelor's Degree,6150
Education,Entry,Associate Degree,4912
Logistics,Mid,High School,3958
Government,Entry,Master's Degree,8635
Finance,Entry,Bachelor's Degree,5934
Healthcare,Entry,High School,4215
Retail,Senior,Associate Degree,4076
Engineering,Senior,High School,4004
Energy,Mid,Master's Degree,7626
Energy,Mid,PhD,8389
Agriculture,Entry,High School,3232
Education,Mid,Bachelor's Degree,6639
Construction,Mid,High School,4752
Real Estate,Entry,Associate Degree,4122
Defense,Entry,Master's Degree,9532
Agriculture,Entry,High School,4554
Fishing,Mid,Master's Degree,7541
Legal,Entry,Bachelor's Degree,5871
Education,Senior,High School,3801
Logistics,Mid,High School,3906
Mining,Entry,High School,3282
Legal,Mid,Associate Degree,5587
Engineering,Entry,Associate Degree,4623
Engineering,Mid,High School,3968
Real Estate,Mid,Master's Degree,8119
Healthcare,Senior,Master's Degree,7840
Defense,Entry,High School,3551
Real Estate,Mid,High School,3898
Construction,Mid,Associate Degree,5256
Logistics,Mid,Associate Degree,5558
Engineering,Mid,Master's Degree,9110
Fishing,Mid,Bachelor's Degree,6591
Mining,Senior,Bachelor's Degree,7774
Transportation,Entry,Bachelor's Degree,6599
Forestry,Mid,High School,3452
Government,Entry,Bachelor's Degree,7451
Real Estate,Entry,Associate Degree,4976
Mining,Mid,Associate Degree,5177
Logistics,Senior,High School,4368
Engineering,Mid,Associate Degree,5521
Transportation,Mid,Master's Degree,7510
Technology,Mid,PhD,10338
Finance,Senior,High School,3992
Energy,Entry,Bachelor's Degree,6325
Agriculture,Mid,Master's Degree,8752
Agriculture,Entry,High School,4464
Education,Senior,Bachelor's Degree,7343
Construction,Senior,High School,3404
Real Estate,Mid,Master's Degree,8620
Finance,Mid,Bachelor's Degree,5923
Healthcare,Mid,Associate Degree,4601
Education,Entry,Master's Degree,8147
Education,Entry,Bachelor's Degree,6712
Manufacturing,Mid,Master's Degree,8195
Government,Mid,Master's Degree,6781
Defense,Mid,Associate Degree,5387
Healthcare,Mid,Associate Degree,4971
Government,Entry,Associate Degree,4030
Construction,Entry,PhD,7906
Media,Mid,High School,3658
Transportation,Senior,Associate Degree,4206
Energy,Entry,Associate Degree,4662
Logistics,Entry,Bachelor's Degree,5812
Transportation,Mid,High School,4280
Defense,Mid,High School,4399
Media,Entry,Master's Degree,6452
Government,Senior,Associate Degree,4432
Energy,Entry,Associate Degree,4497
Energy,Entry,Associate Degree,4460
Legal,Entry,Master's Degree,8900
Engineering,Entry,Bachelor's Degree,6495
Agriculture,Entry,Associate Degree,3881
Agriculture,Senior,Associate Degree,5371
Defense,Entry,Master's Degree,9349
Media,Mid,High School,4498
Retail,Entry,Master's Degree,8118
Agriculture,Mid,Master's Degree,7671
Technology,Entry,Associate Degree,4817
Legal,Entry,High School,4382
Education,Entry,Master's Degree,8969
Real Estate,Entry,Master's Degree,9006
Media,Senior,PhD,11378
Healthcare,Entry,Bachelor's Degree,7762
Retail,Entry,High School,4263
Energy,Mid,Master's Degree,8499
Mining,Entry,Bachelor's Degree,7073
Mining,Mid,Bachelor's Degree,7991
Media,Entry,Bachelor's Degree,6460
Technology,Mid,Master's Degree,8420
Government,Entry,Bachelor's Degree,6273
Engineering,Senior,Associate Degree,5517
Retail,Mid,Associate Degree,4984
Real Estate,Mid,Associate Degree,5648
Government,Entry,Bachelor's Degree,6559
Retail,Entry,Associate Degree,4995
Fishing,Mid,High School,4665
Agriculture,Mid,High School,4211
Finance,Mid,Bachelor's Degree,7257
Media,Mid,Associate Degree,4077
Education,Mid,Master's Degree,8219
Forestry,Entry,Master's Degree,7732
Transportation,Mid,Bachelor's Degree,6171
Healthcare,Entry,Master's Degree,8793
Forestry,Entry,Associate Degree,4209
Finance,Mid,Associate Degree,4846
Defense,Entry,Associate Degree,4573
Retail,Mid,PhD,8106
Manufacturing,Entry,High School,4468
Real Estate,Senior,Master's Degree,7171
Logistics,Mid,Bachelor's Degree,6586
Agriculture,Entry,Associate Degree,5246
Engineering,Entry,Master's Degree,7470
Engineering,Entry,Bachelor's Degree,6882
Fishing,Entry,Associate Degree,5573
Transportation,Senior,PhD,10269
Engineering,Mid,High School,3460
Logistics,Entry,High School,3863
Transportation,Senior,Bachelor's Degree,7222
Energy,Senior,Bachelor's Degree,7884
Media,Entry,High School,3384
Education,Mid,Master's Degree,7922
Mining,Senior,Master's Degree,9130
Fishing,Mid,Bachelor's Degree,5510
Government,Entry,Master's Degree,8752
Fishing,Entry,Associate Degree,4305
Agriculture,Entry,High School,3324
Agriculture,Entry,PhD,9380
Retail,Senior,Associate Degree,5304
Logistics,Senior,Bachelor's Degree,7644
Retail,Entry,High School,3591
Engineering,Mid,Master's Degree,8271
Construction,Entry,Bachelor's Degree,7200
Fishing,Mid,Master's Degree,7591
Technology,Mid,Master's Degree,6906
Logistics,Entry,Bachelor's Degree,7567
Media,Entry,Master's Degree,7691
Media,Mid,High School,4033
Defense,Entry,PhD,11572
Legal,Mid,Bachelor's Degree,7993
Transportation,Entry,PhD,10719
Fishing,Entry,Master's Degree,8617
Legal,Mid,Associate Degree,4620
Real Estate,Entry,Bachelor's Degree,6986
Technology,Mid,Master's Degree,9220
Retail,Senior,Master's Degree,7864
Manufacturing,Mid,Associate Degree,4844
Manufacturing,Mid,Bachelor's Degree,7035
Energy,Entry,High School,3306
Logistics,Entry,Associate Degree,3898
Technology,Entry,Bachelor's Degree,7532
Engineering,Mid,Master's Degree,9248
Engineering,Entry,Associate Degree,3951
Retail,Entry,High School,3877
Construction,Mid,Master's Degree,8595
Engineering,Mid,Bachelor's Degree,7732
Education,Mid,Master's Degree,7055
Agriculture,Mid,High School,3760
Government,Senior,PhD,11134
Energy,Mid,Associate Degree,5155
Agriculture,Mid,Associate Degree,4945
Agriculture,Entry,Associate Degree,3908
Transportation,Entry,Associate Degree,4839
Energy,Senior,High School,4214
Finance,Entry,Bachelor's Degree,5534
Healthcare,Entry,Master's Degree,7432
Technology,Entry,High School,3776
Defense,Mid,Bachelor's Degree,6670
Forestry,Mid,Bachelor's Degree,7882
Forestry,Mid,Bachelor's Degree,6458
Education,Mid,PhD,8024
Forestry,Entry,Bachelor's Degree,7365
Media,Entry,PhD,8762
Retail,Mid,Bachelor's Degree,5757
Retail,Entry,Associate Degree,5682
Education,Senior,PhD,8656
Forestry,Entry,Associate Degree,4552
Retail,Entry,High School,4728
Engineering,Senior,Associate Degree,3831
Real Estate,Entry,Associate Degree,4676
Engineering,Entry,High School,4269
Forestry,Entry,Bachelor's Degree,7751
Defense,Mid,Bachelor's Degree,5796
Energy,Entry,Associate Degree,4458
Energy,Entry,High School,4573
Finance,Entry,Bachelor's Degree,5650
Education,Entry,Bachelor's Degree,6729
Mining,Mid,Bachelor's Degree,7610
Fishing,Mid,Associate Degree,4408
Construction,Mid,Associate Degree,4180
Fishing,Entry,Bachelor's Degree,5497
Defense,Senior,Bachelor's Degree,5556
Healthcare,Entry,Master's Degree,9513
Real Estate,Entry,Associate Degree,4939
Energy,Mid,Bachelor's Degree,6991
Government,Entry,Bachelor's Degree,6721
Finance,Entry,Master's Degree,7267
Finance,Entry,Bachelor's Degree,6790
Logistics,Senior,High School,4402
Technology,Senior,PhD,8617
Engineering,Entry,Associate Degree,5072
Real Estate,Entry,Bachelor's Degree,6881
Education,Entry,Master's Degree,9135
Fishing,Entry,Master's Degree,6387
Energy,Mid,Bachelor's Degree,7854
Mining,Senior,Associate Degree,4567
Education,Mid,Master's Degree,8942
Agriculture,Senior,Bachelor's Degree,6860
Fishing,Entry,Associate Degree,4049
Agriculture,Entry,Associate Degree,5390
Transportation,Entry,Associate Degree,4170
Healthcare,Entry,High School,4764
Healthcare,Mid,Bachelor's Degree,8006
Media,Entry,Bachelor's Degree,5649
Real Estate,Senior,Associate Degree,4879
Media,Entry,High School,3768
Education,Entry,High School,4596
Mining,Entry,Bachelor's Degree,6442
Healthcare,Senior,Bachelor's Degree,7129
Transportation,Entry,Master's Degree,6977
Construction,Mid,High School,4396
Real Estate,Entry,Associate Degree,5118
Manufacturing,Mid,High School,4233
Retail,Mid,Bachelor's Degree,7632
Finance,Mid,Associate Degree,5329
Manufacturing,Entry,High School,3380
Transportation,Mid,Master's Degree,6403
Engineering,Senior,Master's Degree,7134
Transportation,Mid,Bachelor's Degree,6646
Construction,Mid,Associate Degree,5208
Defense,Mid,Bachelor's Degree,7033
Government,Mid,Bachelor's Degree,5825
Healthcare,Mid,Bachelor's Degree,5703
Retail,Entry,Bachelor's Degree,7724
Construction,Mid,Bachelor's Degree,7147
Education,Senior,PhD,9174
Energy,Mid,Associate Degree,4598
Engineering,Mid,Bachelor's Degree,7075
Government,Mid,High School,3966
Retail,Entry,Associate Degree,4657
Energy,Entry,PhD,9525
Energy,Entry,Master's Degree,8431
Finance,Entry,Associate Degree,4116
Healthcare,Entry,Bachelor's Degree,7141
Defense,Mid,High School,3230
Retail,Entry,Associate Degree,4635
Transportation,Entry,High School,4067
Finance,Mid,Bachelor's Degree,6439
Energy,Mid,Associate Degree,5405
Manufacturing,Entry,Bachelor's Degree,6585
Transportation,Mid,Master's Degree,9069
Technology,Senior,Associate Degree,5070
Government,Mid,Master's Degree,7017
Retail,Mid,Bachelor's Degree,7289
Real Estate,Mid,Bachelor's Degree,7463
Energy,Entry,High School,3898
Transportation,Entry,High School,4612
Agriculture,Entry,Associate Degree,4596
Logistics,Entry,Bachelor's Degree,5507
Government,Entry,Associate Degree,4365
Technology,Mid,High School,4402
Technology,Entry,Associate Degree,4779
Finance,Mid,Associate Degree,4223
Media,Entry,PhD,11384
Energy,Senior,High School,4719
Healthcare,Mid,Bachelor's Degree,7290
Media,Entry,Bachelor's Degree,7401
Energy,Entry,Bachelor's Degree,5519
Agriculture,Entry,Associate Degree,4120
Technology,Mid,Bachelor's Degree,6471
Manufacturing,Senior,Bachelor's Degree,6383
Government,Mid,Master's Degree,6796
Defense,Mid,Associate Degree,4722
Education,Mid,Associate Degree,5167
Manufacturing,Mid,Bachelor's Degree,5673
Manufacturing,Mid,Master's Degree,6911
Finance,Entry,Master's Degree,9283
Education,Mid,Master's Degree,7214
Construction,Mid,Associate Degree,5645
Education,Senior,Bachelor's Degree,7646
Real Estate,Mid,High School,4785
Healthcare,Mid,High School,3974
Healthcare,Entry,High School,4607
Real Estate,Entry,Bachelor's Degree,6120
Finance,Mid,Bachelor's Degree,6561
Manufacturing,Entry,Bachelor's Degree,5713
Real Estate,Mid,Associate Degree,5639
Logistics,Mid,Bachelor's Degree,7708
Manufacturing,Entry,PhD,8648
Energy,Senior,Associate Degree,5026
Education,Entry,High School,4427
Technology,Mid,Bachelor's Degree,6523
Technology,Entry,Associate Degree,5049
Mining,Mid,High School,3332
Education,Senior,Associate Degree,5171
Energy,Mid,Associate Degree,5405
Real Estate,Mid,Master's Degree,6807
Mining,Mid,Bachelor's Degree,6731
Education,Senior,High School,4745
Engineering,Entry,Associate Degree,4113
Logistics,Senior,High School,4216
Engineering,Mid,Master's Degree,8343
Finance,Entry,Bachelor's Degree,8013
Legal,Mid,Bachelor's Degree,6032
Engineering,Mid,Bachelor's Degree,6593
Finance,Mid,High School,3884
Construction,Senior,Bachelor's Degree,6672
Education,Entry,Associate Degree,4644
Fishing,Senior,Bachelor's Degree,5722
Education,Senior,Bachelor's Degree,7227
Energy,Mid,Associate Degree,5627
Media,Entry,Associate Degree,4392
Government,Senior,Bachelor's Degree,5359
Construction,Mid,Master's Degree,9206
Logistics,Mid,Bachelor's Degree,5710
Legal,Mid,Associate Degree,5399
Agriculture,Entry,High School,3420
Legal,Entry,High School,3494
Construction,Entry,High School,3257
Construction,Entry,Bachelor's Degree,6723
Education,Mid,Master's Degree,7496
Forestry,Entry,Associate Degree,5609
Real Estate,Entry,Master's Degree,6408
Legal,Mid,Associate Degree,5711
Mining,Entry,Associate Degree,5462
Agriculture,Entry,Bachelor's Degree,7019
Transportation,Senior,Master's Degree,8103
Media,Mid,Associate Degree,5549
Legal,Mid,High School,4009
Manufacturing,Mid,PhD,11643
Healthcare,Senior,Bachelor's Degree,7062
Media,Mid,PhD,11664
Forestry,Senior,Bachelor's Degree,6283
Logistics,Senior,Associate Degree,4021
Mining,Mid,Master's Degree,8778
Media,Entry,Associate Degree,4534
Mining,Mid,Associate Degree,5503
Defense,Senior,Associate Degree,5273
Logistics,Mid,Master's Degree,6675
Media,Senior,Bachelor's Degree,5905
Retail,Senior,Bachelor's Degree,7143
Mining,Entry,High School,3331
Energy,Senior,Associate Degree,3864
Education,Mid,Associate Degree,5152
Agriculture,Entry,Master's Degree,6531
Legal,Senior,Bachelor's Degree,6817
Real Estate,Mid,Master's Degree,6519
Logistics,Mid,High School,4099
Education,Senior,Bachelor's Degree,6828
Mining,Senior,Associate Degree,5145
Construction,Entry,Master's Degree,9056
Education,Entry,High School,4507
Government,Entry,Bachelor's Degree,7255
Logistics,Mid,High School,4536
Real Estate,Entry,PhD,9731
Forestry,Senior,Master's Degree,8422
Retail,Senior,High School,4417
Real Estate,Entry,Bachelor's Degree,5705
Construction,Senior,Bachelor's Degree,7066
Defense,Senior,Associate Degree,4612
Forestry,Entry,Bachelor's Degree,6354
Government,Entry,Bachelor's Degree,5600
Education,Entry,High School,3463
Healthcare,Senior,Associate Degree,5691
Manufacturing,Mid,High School,3769
Real Estate,Mid,Bachelor's Degree,7002
Healthcare,Mid,High School,3482
Forestry,Mid,Master's Degree,8870
Fishing,Senior,Associate Degree,4148
Government,Entry,Associate Degree,5415
Technology,Entry,Master's Degree,6415
Defense,Entry,High School,4621
Education,Entry,Master's Degree,8744
Fishing,Mid,Master's Degree,7966
Defense,Entry,Associate Degree,4401
Media,Mid,Bachelor's Degree,5753
Transportation,Senior,Bachelor's Degree,7743
Energy,Mid,Associate Degree,4747
Defense,Mid,Associate Degree,4811
Fishing,Mid,Master's Degree,8528
Finance,Senior,Master's Degree,6572
Energy,Mid,Associate Degree,5596
Technology,Mid,High School,3606
Manufacturing,Entry,High School,3535
Logistics,Mid,Associate Degree,4005
Fishing,Mid,PhD,9762
Mining,Entry,Associate Degree,5339
Technology,Entry,Bachelor's Degree,7979
Technology,Entry,Associate Degree,5297
Education,Entry,Bachelor's Degree,6885
Defense,Senior,Associate Degree,4560
Defense,Entry,Bachelor's Degree,7565
Real Estate,Mid,Bachelor's Degree,7082
Government,Mid,Associate Degree,4946
Healthcare,Senior,Associate Degree,3824
Healthcare,Senior,Bachelor's Degree,5899
Education,Entry,High School,3227
Engineering,Senior,Associate Degree,4368
Media,Entry,Associate Degree,5138
Media,Mid,Associate Degree,3914
Retail,Mid,Master's Degree,8674
Real Estate,Mid,Master's Degree,9431
Engineering,Mid,High School,4552
Defense,Entry,Associate Degree,5176
Manufacturing,Senior,High School,4230
Construction,Entry,Bachelor's Degree,6641
Construction,Senior,High School,3920
Engineering,Entry,Bachelor's Degree,6853
Forestry,Entry,Master's Degree,7068
Legal,Mid,Master's Degree,7709
Logistics,Mid,Bachelor's Degree,5414
Forestry,Mid,Bachelor's Degree,7098
Real Estate,Entry,Bachelor's Degree,7498
Government,Entry,Associate Degree,5333
Agriculture,Senior,High School,4136
Engineering,Entry,High School,4359
Energy,Mid,Associate Degree,4075
Manufacturing,Mid,Bachelor's Degree,7428
Media,Entry,Bachelor's Degree,7325
Energy,Mid,Master's Degree,8188
Logistics,Mid,Bachelor's Degree,6318
Engineering,Entry,Master's Degree,7540
Finance,Entry,Associate Degree,5524
Technology,Entry,Bachelor's Degree,7367
Media,Entry,Associate Degree,5560
Defense,Mid,Master's Degree,8859
Construction,Entry,Bachelor's Degree,6614
Finance,Mid,Associate Degree,4716
Finance,Senior,Associate Degree,5139
Media,Entry,High School,3734
Real Estate,Mid,Bachelor's Degree,7864
Real Estate,Mid,Bachelor's Degree,7678
Legal,Entry,High School,3237
Healthcare,Mid,Bachelor's Degree,7674
Healthcare,Senior,High School,4320
Education,Mid,Master's Degree,9282
Mining,Entry,High School,3552
Transportation,Senior,Master's Degree,6905
Real Estate,Mid,Bachelor's Degree,7650
Defense,Entry,High School,4574
Agriculture,Mid,Bachelor's Degree,7588
Fishing,Entry,Bachelor's Degree,5555
Legal,Mid,Bachelor's Degree,5653
Agriculture,Mid,High School,3619
Technology,Entry,Associate Degree,4826
Education,Senior,Master's Degree,9059
Manufacturing,Mid,Associate Degree,4170
Logistics,Entry,Associate Degree,4347
Legal,Mid,Bachelor's Degree,7912
Legal,Mid,Associate Degree,5242
Forestry,Mid,Master's Degree,8223
Defense,Entry,Master's Degree,8816
Real Estate,Mid,Master's Degree,8915
Media,Mid,Associate Degree,4904
Manufacturing,Entry,PhD,11172
Energy,Senior,Associate Degree,4251
Forestry,Entry,Master's Degree,7859
Transportation,Mid,PhD,10994
Retail,Entry,Bachelor's Degree,6094
Energy,Entry,Master's Degree,8972
Education,Entry,Associate Degree,4479
Energy,Entry,Associate Degree,3932
Legal,Entry,Bachelor's Degree,5415
Mining,Entry,Associate Degree,5047
Healthcare,Entry,Master's Degree,6391
Manufacturing,Senior,High School,4796
Government,Senior,Associate Degree,4815
Legal,Mid,High School,4277
Energy,Entry,High School,3464
Agriculture,Entry,Bachelor's Degree,7196
Agriculture,Entry,Bachelor's Degree,7304
Healthcare,Entry,Master's Degree,7527
Defense,Mid,High School,4597
Defense,Mid,Associate Degree,4660
Manufacturing,Mid,Bachelor's Degree,5516
Transportation,Senior,High School,3841
Government,Mid,Bachelor's Degree,5602
Construction,Mid,Associate Degree,5286
Engineering,Entry,Bachelor's Degree,7556
Mining,Senior,PhD,9782
Retail,Senior,Master's Degree,8204
Agriculture,Mid,PhD,10925
Legal,Mid,Bachelor's Degree,5669
Real Estate,Entry,High School,4016
Technology,Entry,Bachelor's Degree,5935
Transportation,Mid,Master's Degree,7015
Logistics,Entry,High School,3686
Engineering,Mid,Associate Degree,5313
Education,Senior,High School,4762
Media,Mid,Associate Degree,4083
Mining,Entry,Associate Degree,3847
Transportation,Entry,Bachelor's Degree,5888
Transportation,Mid,Bachelor's Degree,5453
Engineering,Senior,Associate Degree,4450
Forestry,Senior,Associate Degree,4754
Finance,Mid,Associate Degree,5308
Real Estate,Senior,Bachelor's Degree,5628
Technology,Mid,Bachelor's Degree,7628
Logistics,Mid,PhD,9247
Energy,Entry,Bachelor's Degree,5501
Logistics,Entry,High School,3429
Agriculture,Entry,Associate Degree,4892
Education,Mid,Master's Degree,8223
Healthcare,Mid,Bachelor's Degree,7092
Energy,Mid,Master's Degree,7049
Defense,Entry,Associate Degree,5105
Construction,Senior,Master's Degree,8183
Fishing,Mid,Bachelor's Degree,6717
Mining,Mid,Master's Degree,9304
Real Estate,Mid,Bachelor's Degree,7970
Real Estate,Mid,Bachelor's Degree,7504
Finance,Mid,Master's Degree,7668
Media,Senior,Bachelor's Degree,8015
Media,Mid,Bachelor's Degree,6879
Healthcare,Mid,Associate Degree,4143
Logistics,Mid,Associate Degree,3830
Mining,Entry,Bachelor's Degree,6577
Engineering,Entry,Associate Degree,4985
Education,Entry,High School,3938
Defense,Mid,PhD,8909
Mining,Mid,Bachelor's Degree,5419
Transportation,Entry,Master's Degree,6426
Real Estate,Mid,High School,3604
Media,Mid,Associate Degree,4649
Finance,Senior,Bachelor's Degree,6339
Transportation,Entry,High School,3696
Education,Mid,High School,4659
Government,Mid,Master's Degree,7401
Legal,Entry,Bachelor's Degree,7054
Manufacturing,Entry,Associate Degree,4917
Real Estate,Senior,Associate Degree,4150
Mining,Senior,Master's Degree,6975
Forestry,Mid,Bachelor's Degree,7331
Mining,Mid,Associate Degree,4381
Agriculture,Senior,Bachelor's Degree,6048
Mining,Entry,High School,4578
Fishing,Entry,Bachelor's Degree,6701
Construction,Mid,Bachelor's Degree,6667
Forestry,Entry,Bachelor's Degree,5587
Legal,Mid,High School,3433
Construction,Senior,Master's Degree,8889
Government,Mid,PhD,11655
Agriculture,Mid,Bachelor's Degree,5834
Manufacturing,Mid,Master's Degree,6959
Real Estate,Entry,Master's Degree,8784
Media,Entry,Associate Degree,4015
Education,Entry,Bachelor's Degree,5553
Mining,Mid,Bachelor's Degree,7077
Legal,Mid,Master's Degree,9439
Real Estate,Senior,Associate Degree,5548
Forestry,Senior,Master's Degree,7199
Government,Senior,Master's Degree,7390
Defense,Entry,High School,3232
Manufacturing,Senior,Bachelor's Degree,6558
Mining,Mid,PhD,11215
Energy,Entry,Master's Degree,9256
Retail,Mid,PhD,10401
Manufacturing,Mid,Master's Degree,8112
Transportation,Entry,Associate Degree,4308
Media,Senior,Master's Degree,8232
Technology,Mid,Bachelor's Degree,5417
Engineering,Mid,Bachelor's Degree,5559
Defense,Mid,Bachelor's Degree,5955
Mining,Entry,Associate Degree,4886
Forestry,Senior,High School,3748
Mining,Mid,PhD,10788
Engineering,Mid,High School,4215
Media,Mid,Bachelor's Degree,6355
Technology,Mid,PhD,9371
Real Estate,Mid,Associate Degree,4401
Energy,Senior,High School,4226
Logistics,Mid,Bachelor's Degree,7199
Construction,Entry,Bachelor's Degree,7583
Transportation,Entry,Master's Degree,8522
Transportation,Mid,High School,4727
Real Estate,Mid,Bachelor's Degree,6525
Engineering,Mid,Associate Degree,4536
Retail,Senior,Associate Degree,5690
Agriculture,Senior,Associate Degree,4371
Defense,Senior,Master's Degree,9365
Agriculture,Mid,High School,4342
Fishing,Entry,Bachelor's Degree,7665
Government,Mid,Bachelor's Degree,8021
Finance,Entry,Bachelor's Degree,7850
Mining,Senior,High School,3825
Healthcare,Senior,Master's Degree,8463
Agriculture,Senior,Bachelor's Degree,7645
Mining,Entry,Bachelor's Degree,7909
Legal,Mid,Bachelor's Degree,6888
Transportation,Entry,High School,4172
Legal,Senior,Bachelor's Degree,5578
Manufacturing,Entry,Associate Degree,5309
Government,Mid,High School,4013
Energy,Entry,Master's Degree,7826
Legal,Mid,Bachelor's Degree,7749
Forestry,Mid,High School,3672
Fishing,Entry,Bachelor's Degree,6486
Logistics,Entry,PhD,10606
Forestry,Entry,Master's Degree,7330
Media,Mid,Master's Degree,6445
Agriculture,Mid,Master's Degree,8159
Legal,Mid,Associate Degree,3975
Defense,Entry,High School,4628
Legal,Entry,Associate Degree,5692
Engineering,Mid,PhD,10778
Agriculture,Entry,Associate Degree,4756
Defense,Mid,Associate Degree,4881
Transportation,Senior,Master's Degree,9146
Technology,Mid,Associate Degree,4574
Engineering,Mid,Bachelor's Degree,6538
Real Estate,Entry,Associate Degree,5464
Media,Senior,High School,4094
Retail,Mid,Bachelor's Degree,5861
Forestry,Mid,Bachelor's Degree,5610
Mining,Entry,High School,4047
Real Estate,Mid,Associate Degree,4172
Legal,Entry,Associate Degree,4399
Defense,Senior,Associate Degree,4617
Healthcare,Senior,Associate Degree,5399
Finance,Entry,Associate Degree,5224
Transportation,Entry,Master's Degree,8372
Defense,Senior,Bachelor's Degree,7907
Technology,Entry,Bachelor's Degree,7099
Mining,Mid,Master's Degree,8054
Defense,Entry,Associate Degree,5502
Mining,Mid,High School,3713
Retail,Senior,Associate Degree,4154
Forestry,Mid,Associate Degree,5178
Construction,Entry,PhD,7971
Fishing,Mid,Bachelor's Degree,5614
Education,Mid,Associate Degree,5105
Healthcare,Entry,Master's Degree,7032
Government,Senior,Bachelor's Degree,5389
Forestry,Mid,High School,3925
Healthcare,Entry,Bachelor's Degree,7330
Technology,Entry,Bachelor's Degree,7720
Fishing,Entry,High School,3973
Energy,Entry,High School,3795
Legal,Senior,Master's Degree,9325
Energy,Entry,Bachelor's Degree,7417
Finance,Mid,Bachelor's Degree,5534
Defense,Mid,Associate Degree,4132
Government,Mid,Master's Degree,6564
Real Estate,Senior,Master's Degree,8049
Healthcare,Entry,High School,4158
Logistics,Entry,Master's Degree,8361
Energy,Entry,Bachelor's Degree,6584
Media,Entry,Master's Degree,9328
Mining,Senior,Master's Degree,8760
Technology,Senior,High School,3735
Agriculture,Senior,Master's Degree,6842
Media,Entry,Bachelor's Degree,6887
Forestry,Entry,Bachelor's Degree,6161
Construction,Entry,Bachelor's Degree,5899
Retail,Senior,Bachelor's Degree,7829
Government,Entry,PhD,11549
Transportation,Mid,Bachelor's Degree,7464
Mining,Senior,High School,3596
Energy,Mid,High School,4405
Government,Entry,Associate Degree,5566
Legal,Entry,PhD,9355
Media,Mid,Associate Degree,5268
Logistics,Mid,Associate Degree,3929
Legal,Senior,Master's Degree,8555
Construction,Senior,Associate Degree,4378
Technology,Entry,High School,3332
Fishing,Entry,High School,4818
Real Estate,Mid,Master's Degree,7985
Real Estate,Mid,High School,3781
Mining,Mid,Bachelor's Degree,6846
Forestry,Entry,Associate Degree,5208
Agriculture,Entry,Bachelor's Degree,6032
Legal,Entry,High School,3493
Forestry,Senior,Bachelor's Degree,5610
Agriculture,Entry,Bachelor's Degree,6605
Finance,Senior,Master's Degree,7269
Legal,Entry,Associate Degree,5090
Legal,Entry,Associate Degree,4472
Transportation,Entry,Master's Degree,7698
Mining,Mid,Bachelor's Degree,5992
Defense,Entry,Bachelor's Degree,6117
Manufacturing,Mid,Bachelor's Degree,5464
Mining,Senior,Master's Degree,7366
Forestry,Entry,Bachelor's Degree,6549
Real Estate,Entry,High School,4117
Forestry,Entry,Bachelor's Degree,5444
Government,Entry,Bachelor's Degree,5587
Engineering,Senior,Associate Degree,4267
Education,Mid,Associate Degree,5032
Construction,Entry,Master's Degree,9332
Education,Entry,Bachelor's Degree,5453
Forestry,Mid,Bachelor's Degree,6157
Engineering,Entry,Bachelor's Degree,7832
Manufacturing,Entry,High School,3451
Healthcare,Mid,Master's Degree,7222
Mining,Entry,Bachelor's Degree,5651
Healthcare,Senior,Master's Degree,7494
Government,Mid,Bachelor's Degree,6790
Forestry,Entry,Bachelor's Degree,7989
Agriculture,Entry,Bachelor's Degree,7274
Healthcare,Entry,High School,3247
Real Estate,Entry,Associate Degree,4017
Government,Entry,Master's Degree,7086
Technology,Senior,Bachelor's Degree,7041
Fishing,Mid,High School,3759
Defense,Senior,High School,3287
Mining,Mid,Master's Degree,7695
Energy,Entry,Associate Degree,5399
Government,Mid,Associate Degree,4936
Fishing,Entry,Associate Degree,4519
Transportation,Entry,High School,3357
Technology,Entry,Associate Degree,4665
Education,Mid,High School,4526
Finance,Senior,Associate Degree,5272
Healthcare,Mid,Bachelor's Degree,5790
Transportation,Entry,High School,3376
Fishing,Mid,Associate Degree,5210
Finance,Mid,Associate Degree,4069
Mining,Mid,Bachelor's Degree,6308
Defense,Entry,Bachelor's Degree,7413
Retail,Entry,Bachelor's Degree,5413
Agriculture,Mid,PhD,10880
Legal,Entry,Master's Degree,8230
Government,Mid,Bachelor's Degree,6193
Legal,Entry,Associate Degree,5666
Government,Senior,High School,4020
Legal,Entry,High School,4295
Agriculture,Mid,Bachelor's Degree,7364
Mining,Entry,Bachelor's Degree,7378
Healthcare,Mid,High School,3669
Defense,Senior,Associate Degree,5255
Transportation,Mid,Bachelor's Degree,6764
Finance,Mid,High School,4658
Real Estate,Entry,Associate Degree,5211
Fishing,Entry,Bachelor's Degree,6112
Construction,Entry,Associate Degree,5374
Retail,Entry,Master's Degree,7078
Transportation,Mid,Associate Degree,5663
Legal,Entry,Associate Degree,4807
Transportation,Mid,Bachelor's Degree,6370
Healthcare,Mid,Master's Degree,8272
Fishing,Mid,High School,3813
Retail,Entry,High School,4175
Mining,Mid,Bachelor's Degree,7935
Energy,Entry,Associate Degree,5032
Agriculture,Entry,High School,3974
Finance,Senior,Bachelor's Degree,7788
Logistics,Entry,Associate Degree,4285
Education,Mid,Master's Degree,8932
Engineering,Mid,Bachelor's Degree,5430
Mining,Entry,Master's Degree,8628
Government,Entry,Master's Degree,6864
Transportation,Mid,High School,4498
Engineering,Entry,High School,3456
Finance,Mid,Master's Degree,7410
Construction,Entry,Associate Degree,4328
Engineering,Mid,Associate Degree,5134
Energy,Mid,Associate Degree,4127
Education,Mid,High School,4638
Real Estate,Mid,Bachelor's Degree,6032
Real Estate,Entry,Associate Degree,5495
Construction,Mid,Master's Degree,7491
Defense,Mid,Bachelor's Degree,7182
Fishing,Entry,Bachelor's Degree,7556
Energy,Entry,Associate Degree,4221
Defense,Entry,PhD,9874
Defense,Mid,High School,3947
Agriculture,Mid,High School,4523
Healthcare,Mid,Associate Degree,4881
Mining,Mid,Associate Degree,4099
Real Estate,Mid,Associate Degree,4325
Forestry,Entry,Master's Degree,6990
Forestry,Entry,High School,4822
Agriculture,Mid,Bachelor's Degree,6199
Forestry,Senior,Bachelor's Degree,5882
Healthcare,Senior,Bachelor's Degree,6304
Construction,Entry,Master's Degree,9465
Defense,Senior,Associate Degree,5115
Forestry,Entry,PhD,10964
Legal,Mid,High School,3615
Healthcare,Mid,Master's Degree,9019
Energy,Mid,Bachelor's Degree,7332
Technology,Entry,Associate Degree,4351
Finance,Senior,Bachelor's Degree,7777
Retail,Mid,High School,4504
Engineering,Mid,Associate Degree,5350
Transportation,Mid,PhD,8664
Media,Mid,High School,3824
Defense,Mid,High School,4190
Defense,Mid,High School,4335
Mining,Entry,Bachelor's Degree,6169
Construction,Mid,High School,3247
Retail,Entry,High School,3255
Agriculture,Entry,High School,4095
Manufacturing,Mid,Bachelor's Degree,6090
Education,Mid,Master's Degree,8880
Legal,Entry,Master's Degree,9418
Manufacturing,Mid,Bachelor's Degree,6086
Construction,Mid,Bachelor's Degree,6469
Mining,Senior,PhD,10874
Media,Mid,Associate Degree,3811
Mining,Mid,PhD,8268
Healthcare,Mid,Bachelor's Degree,7004
Transportation,Mid,PhD,8519
Engineering,Entry,PhD,10114
Government,Entry,Associate Degree,4890
Healthcare,Entry,Associate Degree,4712
Technology,Entry,Associate Degree,5638
Government,Entry,High School,3510
Real Estate,Entry,Bachelor's Degree,7452
Engineering,Entry,High School,4480
Retail,Entry,Bachelor's Degree,6590
Legal,Entry,Associate Degree,5398
Education,Senior,Master's Degree,9441
Manufacturing,Entry,Bachelor's Degree,7253
Technology,Mid,Associate Degree,5135
Media,Entry,Associate Degree,3849
Manufacturing,Entry,High School,4055
Healthcare,Mid,Bachelor's Degree,5828
Manufacturing,Mid,PhD,11409
Media,Mid,Associate Degree,4280
Manufacturing,Mid,Associate Degree,4668
Construction,Entry,PhD,8108
Fishing,Entry,Bachelor's Degree,7884
Defense,Mid,Bachelor's Degree,7211
Energy,Entry,Master's Degree,8259
Retail,Mid,Bachelor's Degree,7038
Government,Entry,Bachelor's Degree,5561
Forestry,Mid,Bachelor's Degree,5504
Construction,Senior,PhD,11578
Defense,Entry,Master's Degree,8864
Legal,Entry,Bachelor's Degree,6047
Retail,Mid,Bachelor's Degree,5636
Government,Mid,Bachelor's Degree,7394
Technology,Mid,Bachelor's Degree,7581
Fishing,Senior,High School,4543
Transportation,Mid,High School,4138
Forestry,Mid,Associate Degree,4210
Technology,Mid,High School,4451
Healthcare,Mid,High School,4698
Technology,Mid,Master's Degree,8263
Manufacturing,Senior,Associate Degree,5249
Healthcare,Senior,Bachelor's Degree,6177
Media,Senior,Master's Degree,6974
Mining,Entry,Bachelor's Degree,6190
Logistics,Entry,High School,3502
Transportation,Senior,PhD,11316
Transportation,Mid,High School,3834
Education,Entry,Associate Degree,4800
Forestry,Mid,Associate Degree,3978
Defense,Entry,Associate Degree,3969
Defense,Senior,PhD,9213
Education,Senior,Bachelor's Degree,7514
Defense,Mid,High School,3485
Manufacturing,Senior,High School,4412
Energy,Senior,Associate Degree,5456
Energy,Mid,Master's Degree,7789
Construction,Entry,High School,4204
Technology,Mid,High School,3733
Fishing,Senior,High School,3435
Logistics,Mid,Bachelor's Degree,6212
Construction,Entry,High School,3391
Education,Mid,Associate Degree,4165
Engineering,Mid,Master's Degree,7775
Energy,Mid,Bachelor's Degree,7167
Transportation,Senior,Bachelor's Degree,7217
Agriculture,Entry,Bachelor's Degree,6849
Forestry,Mid,Master's Degree,8792
Media,Entry,Associate Degree,4337
Real Estate,Entry,PhD,8915
Education,Mid,Bachelor's Degree,6812
Transportation,Senior,High School,3426
Manufacturing,Senior,PhD,10854
Engineering,Senior,Associate Degree,5565
Healthcare,Entry,Associate Degree,5606
Media,Mid,Associate Degree,4356
Education,Mid,PhD,9709
Legal,Mid,Associate Degree,5325
Agriculture,Entry,PhD,9844
Real Estate,Mid,Associate Degree,4287
Energy,Senior,Bachelor's Degree,7940
Healthcare,Mid,Bachelor's Degree,7204
Defense,Entry,Master's Degree,9258
Healthcare,Entry,Bachelor's Degree,8019
Mining,Senior,Associate Degree,5040
Forestry,Mid,Associate Degree,4263
Manufacturing,Mid,High School,4235
Mining,Mid,High School,3748
Manufacturing,Mid,Master's Degree,8258
Legal,Mid,Bachelor's Degree,6964
Education,Mid,Associate Degree,4719
Finance,Entry,Associate Degree,4145
Construction,Entry,Bachelor's Degree,8006
Manufacturing,Mid,Bachelor's Degree,7269
Education,Senior,Master's Degree,7694
Finance,Entry,Bachelor's Degree,6877
Defense,Entry,Bachelor's Degree,5761
Education,Mid,Associate Degree,4976
Retail,Entry,Master's Degree,7611
Logistics,Senior,High School,4680
Forestry,Entry,High School,4000
Retail,Mid,High School,4496
Technology,Mid,High School,3906
Engineering,Senior,High School,4698
Media,Entry,Bachelor's Degree,5825
Fishing,Entry,Associate Degree,4486
Manufacturing,Entry,Associate Degree,4606
Legal,Mid,Master's Degree,7667
Manufacturing,Mid,Associate Degree,4338
Media,Senior,Bachelor's Degree,7842
Government,Senior,High School,4049
Mining,Entry,PhD,11144
Engineering,Entry,Bachelor's Degree,6676
Logistics,Entry,Associate Degree,5324
Agriculture,Entry,Bachelor's Degree,6824
Technology,Mid,Associate Degree,3853
Logistics,Mid,PhD,8478
Finance,Senior,High School,4369
Legal,Senior,Associate Degree,4668
Agriculture,Mid,Master's Degree,8048
Energy,Mid,Bachelor's Degree,6836
Forestry,Senior,Bachelor's Degree,7827
Energy,Mid,Bachelor's Degree,6892
Technology,Mid,High School,3422
Logistics,Mid,Master's Degree,8018
Transportation,Mid,Bachelor's Degree,5928
Media,Mid,Bachelor's Degree,6094
Forestry,Entry,Bachelor's Degree,6940
Government,Mid,Associate Degree,5651
Retail,Entry,PhD,8554
Media,Senior,Bachelor's Degree,6607
Agriculture,Entry,High School,3611
Finance,Entry,Bachelor's Degree,7933
Agriculture,Mid,High School,4355
Agriculture,Mid,Bachelor's Degree,6624
Construction,Mid,Master's Degree,8558
Technology,Entry,Associate Degree,5375
Transportation,Mid,Bachelor's Degree,7749
Energy,Entry,Bachelor's Degree,7477
Healthcare,Mid,Bachelor's Degree,7180
Construction,Mid,Master's Degree,7524
Logistics,Senior,Master's Degree,9516
Logistics,Mid,Associate Degree,4962
Retail,Mid,Bachelor's Degree,5388
Forestry,Entry,High School,3592
Legal,Mid,Bachelor's Degree,5670
Legal,Senior,Associate Degree,5308
Transportation,Senior,Associate Degree,5578
Government,Entry,Master's Degree,8713
Fishing,Entry,Associate Degree,4313
Legal,Senior,Master's Degree,6933
Engineering,Mid,Associate Degree,5595
Media,Senior,Bachelor's Degree,7004
Engineering,Entry,Bachelor's Degree,7244
Mining,Mid,Bachelor's Degree,5368
Defense,Senior,Master's Degree,9373
Retail,Mid,Associate Degree,5350
Mining,Mid,Bachelor's Degree,6038
Fishing,Entry,Master's Degree,8131
Healthcare,Senior,Associate Degree,5521
Defense,Mid,Associate Degree,5514
Government,Senior,Associate Degree,5203
Education,Mid,High School,4247
Forestry,Senior,High School,4599
Mining,Mid,High School,4780
Finance,Mid,Master's Degree,8812
Construction,Entry,High School,4653
Fishing,Entry,Associate Degree,4217
Construction,Entry,Master's Degree,9240
Agriculture,Entry,Associate Degree,5708
Agriculture,Mid,Associate Degree,3966
Agriculture,Mid,Master's Degree,7082
Defense,Mid,High School,3819
Construction,Entry,Bachelor's Degree,6213
Legal,Senior,Bachelor's Degree,5445
Agriculture,Entry,Master's Degree,7190
Forestry,Senior,Associate Degree,4019
Manufacturing,Mid,Bachelor's Degree,7056
Transportation,Mid,Associate Degree,4302
Legal,Mid,PhD,10575
Technology,Senior,High School,3297
Government,Senior,Associate Degree,5055
Construction,Entry,Master's Degree,6480
Defense,Mid,High School,4051
Retail,Entry,High School,3226
Legal,Entry,Associate Degree,4157
Fishing,Mid,Bachelor's Degree,7968
Fishing,Mid,Master's Degree,8081
Technology,Senior,Master's Degree,8137
Defense,Mid,Bachelor's Degree,5398
Manufacturing,Senior,Associate Degree,4044
Healthcare,Mid,High School,4613
Construction,Entry,PhD,9193
Media,Senior,Bachelor's Degree,7436
Healthcare,Entry,Master's Degree,7695
Construction,Entry,Associate Degree,4150
Retail,Entry,Bachelor's Degree,7228
Construction,Entry,Master's Degree,7107
Forestry,Entry,Master's Degree,6495
Fishing,Senior,Bachelor's Degree,5370
Government,Entry,Bachelor's Degree,5999
Mining,Entry,Bachelor's Degree,6825
Mining,Mid,High School,3667
Engineering,Entry,High School,3425
Government,Mid,Associate Degree,5205
Logistics,Entry,PhD,9871
Healthcare,Senior,Associate Degree,4636
Education,Entry,Bachelor's Degree,7782
Defense,Mid,Bachelor's Degree,6547
Engineering,Mid,Bachelor's Degree,5939
Media,Entry,Bachelor's Degree,7058
Mining,Entry,Master's Degree,7886
Forestry,Entry,High School,3687
Agriculture,Mid,Master's Degree,7669
Mining,Entry,Associate Degree,4935
Government,Mid,High School,4602
Government,Entry,Bachelor's Degree,7657
Energy,Entry,Associate Degree,4737
Defense,Mid,High School,4791
Agriculture,Mid,Master's Degree,7989
Logistics,Entry,High School,3631
Construction,Mid,Bachelor's Degree,7959
Defense,Mid,Bachelor's Degree,6706
Mining,Entry,High School,3618
Transportation,Entry,High School,4022
Technology,Senior,Associate Degree,4624
Media,Mid,Master's Degree,7587
Agriculture,Mid,High School,3948
Engineering,Entry,Associate Degree,4030
Defense,Entry,Master's Degree,8152
Retail,Entry,Associate Degree,4770
Logistics,Entry,Master's Degree,6505
Media,Mid,Master's Degree,6738
Finance,Mid,Bachelor's Degree,6395
Finance,Senior,Associate Degree,5064
Forestry,Mid,Master's Degree,6790
Logistics,Mid,Bachelor's Degree,7851
Energy,Senior,Master's Degree,8693
Transportation,Mid,High School,3587
Agriculture,Senior,Associate Degree,4190
Energy,Mid,Associate Degree,4472
Transportation,Senior,Bachelor's Degree,6571
Engineering,Mid,High School,4003
Finance,Entry,Bachelor's Degree,6682
Finance,Senior,Bachelor's Degree,7083
Mining,Mid,Associate Degree,3957
Real Estate,Entry,Master's Degree,7152
Agriculture,Entry,Bachelor's Degree,5550
Mining,Senior,Bachelor's Degree,7268
Defense,Senior,Bachelor's Degree,7124
Media,Senior,Bachelor's Degree,6637
Forestry,Mid,Bachelor's Degree,7795
Legal,Entry,Master's Degree,6558
Media,Mid,Master's Degree,9451
Government,Mid,Bachelor's Degree,7352
Forestry,Mid,High School,3913
Finance,Mid,PhD,8469
Energy,Mid,Associate Degree,5138
Education,Mid,Associate Degree,4545
Logistics,Mid,Associate Degree,5481
Transportation,Senior,Associate Degree,4029
Media,Entry,Bachelor's Degree,7420
Technology,Mid,Bachelor's Degree,7835
Finance,Entry,Master's Degree,7923
Defense,Senior,Bachelor's Degree,6371
Healthcare,Mid,High School,4234
Fishing,Mid,Bachelor's Degree,6823
Manufacturing,Senior,Master's Degree,7250
Media,Mid,Bachelor's Degree,5437
Defense,Entry,Associate Degree,4005
Manufacturing,Mid,Bachelor's Degree,7380
Agriculture,Mid,Bachelor's Degree,7177
Construction,Mid,Bachelor's Degree,7857
Manufacturing,Mid,Master's Degree,6761
Defense,Mid,Associate Degree,5220
Logistics,Mid,High School,3462
Government,Mid,PhD,11427
Media,Mid,Bachelor's Degree,7048
Transportation,Mid,High School,3814
Media,Senior,Associate Degree,5161
Education,Senior,Master's Degree,9183
Legal,Mid,High School,3478
Finance,Mid,Bachelor's Degree,8018
Agriculture,Mid,Master's Degree,7774
Logistics,Entry,Bachelor's Degree,5685
Fishing,Senior,Associate Degree,5464
Government,Senior,PhD,7937
Forestry,Mid,Master's Degree,8390
Technology,Mid,Associate Degree,4851
Logistics,Mid,Master's Degree,9371
Transportation,Senior,Bachelor's Degree,5686
Legal,Entry,High School,3399
Healthcare,Entry,Bachelor's Degree,8014
Legal,Entry,Associate Degree,4639
Healthcare,Entry,High School,4752
Agriculture,Entry,High School,4604
Media,Mid,Bachelor's Degree,6708
Forestry,Mid,PhD,10177
Real Estate,Entry,Bachelor's Degree,5771
Legal,Entry,Bachelor's Degree,6370
Agriculture,Mid,Associate Degree,4096
Education,Mid,High School,4247
Construction,Mid,Associate Degree,5581
Education,Senior,Master's Degree,6808
Engineering,Entry,Associate Degree,5699
Manufacturing,Entry,Associate Degree,5513
Manufacturing,Mid,Bachelor's Degree,5992
Legal,Entry,Bachelor's Degree,6896
Transportation,Senior,Bachelor's Degree,7889
Forestry,Senior,High School,3510
Education,Mid,Master's Degree,9186
Construction,Senior,Associate Degree,3904
Manufacturing,Senior,Master's Degree,8054
Engineering,Entry,Master's Degree,9253
Education,Mid,Master's Degree,9310
Transportation,Entry,Master's Degree,8457
Real Estate,Mid,Associate Degree,4647
Finance,Senior,PhD,9726
Technology,Senior,Master's Degree,9271
Education,Mid,Bachelor's Degree,5724
Technology,Entry,Associate Degree,4081
Transportation,Senior,Master's Degree,7795
Engineering,Mid,Master's Degree,8031
Logistics,Entry,High School,3546
Energy,Entry,Master's Degree,9436
Defense,Mid,Bachelor's Degree,6015
Manufacturing,Senior,Bachelor's Degree,6852
Healthcare,Mid,Bachelor's Degree,6772
Finance,Entry,Associate Degree,5415
Media,Mid,High School,4343
Transportation,Mid,Master's Degree,6655
Manufacturing,Senior,High School,4545
Forestry,Mid,Master's Degree,7808
Retail,Entry,Master's Degree,6491
Transportation,Mid,Associate Degree,4625
Forestry,Entry,PhD,9799
Technology,Senior,High School,3965
Transportation,Senior,Master's Degree,8252
Real Estate,Entry,Master's Degree,9048
Technology,Entry,Bachelor's Degree,5925
Mining,Senior,High School,3377
Forestry,Mid,Bachelor's Degree,6228
Media,Mid,Master's Degree,8381
Engineering,Entry,Associate Degree,4315
Legal,Senior,PhD,8813
Retail,Entry,Associate Degree,5494
Logistics,Mid,Associate Degree,3847
Forestry,Mid,Master's Degree,8470
Finance,Mid,Master's Degree,7015
Healthcare,Senior,Associate Degree,4995
Mining,Mid,High School,4519
Government,Entry,High School,4115
Construction,Entry,High School,4619
Transportation,Mid,Bachelor's Degree,6306
Government,Mid,Master's Degree,8512
Finance,Entry,High School,4563
Agriculture,Mid,Bachelor's Degree,7306
Transportation,Mid,Associate Degree,4642
Mining,Senior,High School,4212
Defense,Senior,Bachelor's Degree,7121
Mining,Senior,Associate Degree,5635
Energy,Senior,Bachelor's Degree,6307
Real Estate,Entry,Associate Degree,4398
Engineering,Entry,Master's Degree,7433
Engineering,Entry,Bachelor's Degree,5720
Logistics,Entry,Associate Degree,5070
Transportation,Entry,Master's Degree,7905
Construction,Mid,Associate Degree,4579
Mining,Entry,High School,4036
Real Estate,Mid,Master's Degree,7323
Engineering,Mid,High School,4300
Retail,Entry,High School,4752
Legal,Entry,Bachelor's Degree,5660
Transportation,Entry,High School,4680
Forestry,Mid,Bachelor's Degree,7447
Fishing,Mid,Associate Degree,4733
Defense,Senior,Associate Degree,4646
Forestry,Mid,Master's Degree,8865
Construction,Mid,Master's Degree,7582
Construction,Entry,High School,3614
Finance,Senior,High School,4223
Media,Mid,High School,4207
Technology,Mid,Associate Degree,3918
Engineering,Mid,Bachelor's Degree,5650
Construction,Entry,Associate Degree,4483
Fishing,Senior,High School,3405
Government,Entry,High School,3377
Engineering,Entry,Associate Degree,5546
Defense,Entry,Master's Degree,7376
Construction,Mid,Associate Degree,4501
Agriculture,Mid,Bachelor's Degree,7229
Media,Entry,High School,3899
Technology,Mid,Bachelor's Degree,6880
Healthcare,Senior,Associate Degree,3882
Logistics,Entry,Master's Degree,7607
Technology,Entry,Master's Degree,7856
Finance,Senior,Bachelor's Degree,5891
Defense,Entry,Associate Degree,5027
Real Estate,Mid,Associate Degree,5654
Mining,Mid,High School,4331
Government,Mid,Master's Degree,8835
Finance,Mid,Bachelor's Degree,5350
Legal,Entry,Bachelor's Degree,6594
Defense,Senior,Associate Degree,4578
Education,Senior,Master's Degree,8332
Engineering,Entry,Bachelor's Degree,6057
Logistics,Entry,Master's Degree,7447
Education,Entry,PhD,10782
Finance,Mid,Associate Degree,5454
Media,Mid,Bachelor's Degree,5876
Defense,Entry,Bachelor's Degree,6408
Forestry,Mid,High School,3908
Media,Entry,PhD,9238
Engineering,Mid,Master's Degree,7740
Logistics,Senior,PhD,9544
Healthcare,Mid,Associate Degree,4582
Finance,Mid,High School,3325
Forestry,Mid,Associate Degree,3886
Logistics,Entry,High School,4527
Energy,Senior,High School,3291
Energy,Mid,PhD,7941
Media,Mid,High School,4658
Construction,Senior,Associate Degree,5394
Government,Senior,Associate Degree,5641
Education,Mid,Master's Degree,7650
Transportation,Entry,Master's Degree,8662
Finance,Mid,High School,4602
Logistics,Entry,High School,4301
Real Estate,Mid,PhD,11261
Construction,Entry,Associate Degree,5039
Government,Mid,Bachelor's Degree,6092
Transportation,Mid,Bachelor's Degree,6394
Legal,Senior,Bachelor's Degree,6874
Forestry,Mid,Master's Degree,7601
Construction,Mid,Associate Degree,5463
Energy,Mid,Associate Degree,5505
Energy,Mid,Associate Degree,4432
Media,Senior,Master's Degree,8868
Legal,Senior,Master's Degree,8589
Real Estate,Entry,Master's Degree,9147
Technology,Mid,Bachelor's Degree,6268
Retail,Mid,High School,4588
Defense,Mid,Bachelor's Degree,5871
Real Estate,Senior,Associate Degree,4735
Education,Senior,Bachelor's Degree,6507
Mining,Mid,Bachelor's Degree,6637
Education,Senior,Bachelor's Degree,7695
Fishing,Entry,High School,3487
Media,Mid,Bachelor's Degree,6473
Manufacturing,Mid,Master's Degree,8398
Energy,Mid,Associate Degree,4464
Transportation,Entry,Associate Degree,5677
Logistics,Mid,Bachelor's Degree,6816
Transportation,Entry,Bachelor's Degree,8010
Government,Entry,Master's Degree,9394
Forestry,Senior,High School,3230
Real Estate,Entry,Bachelor's Degree,5366
Energy,Entry,High School,4361
Technology,Mid,Bachelor's Degree,7908
Finance,Senior,High School,3910
Media,Entry,PhD,9380
Engineering,Mid,Associate Degree,4771
Logistics,Senior,Bachelor's Degree,5625
Education,Entry,Associate Degree,4788
Defense,Entry,Bachelor's Degree,5390
Real Estate,Mid,Bachelor's Degree,6347
Retail,Entry,Bachelor's Degree,6505
Defense,Entry,Master's Degree,8369
Healthcare,Mid,Bachelor's Degree,6093
Construction,Mid,Associate Degree,4516
Real Estate,Entry,Master's Degree,7302
Education,Entry,Master's Degree,9246
Engineering,Entry,Master's Degree,7340
Technology,Mid,High School,4068
Mining,Mid,Bachelor's Degree,6724
Agriculture,Entry,Bachelor's Degree,6553
Manufacturing,Senior,PhD,9307
Manufacturing,Entry,Master's Degree,8586
Finance,Entry,Bachelor's Degree,7822
Retail,Senior,Associate Degree,3850
Government,Senior,High School,4008
Finance,Senior,High School,3535
Defense,Entry,Bachelor's Degree,7440
Fishing,Entry,Associate Degree,4579
Construction,Mid,High School,3442
Manufacturing,Mid,Associate Degree,4561
Forestry,Senior,Associate Degree,5213
Engineering,Entry,Associate Degree,5006
Retail,Mid,High School,3654
Legal,Mid,High School,3773
Government,Mid,PhD,8577
Mining,Mid,Associate Degree,4579
Education,Mid,PhD,8218
Legal,Senior,Bachelor's Degree,5811
Government,Entry,High School,3344
Government,Entry,Master's Degree,8719
Finance,Entry,Bachelor's Degree,7151
Finance,Mid,Associate Degree,4230
Retail,Entry,Associate Degree,4549
Government,Mid,Bachelor's Degree,7098
Manufacturing,Mid,Associate Degree,5629
Agriculture,Mid,Bachelor's Degree,7477
Manufacturing,Senior,Bachelor's Degree,5791
Education,Mid,Bachelor's Degree,7326
Defense,Senior,Bachelor's Degree,5640
Logistics,Senior,Associate Degree,5697
Education,Mid,Bachelor's Degree,7166
Defense,Mid,Master's Degree,8008
Transportation,Mid,Associate Degree,5470
Construction,Entry,Bachelor's Degree,6334
Government,Entry,Master's Degree,8919
Construction,Entry,High School,3823
Forestry,Entry,Associate Degree,5619
Retail,Mid,Associate Degree,4359
Energy,Entry,Master's Degree,6633
Defense,Senior,High School,3499
Logistics,Entry,High School,3868
Retail,Mid,Associate Degree,4446
Forestry,Entry,Bachelor's Degree,5393
Defense,Senior,Bachelor's Degree,7391
Government,Mid,Bachelor's Degree,6466
Legal,Mid,Bachelor's Degree,6814
Mining,Mid,Master's Degree,8462
Manufacturing,Entry,Bachelor's Degree,7824
Engineering,Entry,PhD,9098
Forestry,Senior,High School,4331
Mining,Mid,Bachelor's Degree,7472
Education,Mid,Associate Degree,4896
Finance,Entry,High School,3465
Energy,Entry,Associate Degree,4164
Defense,Senior,Master's Degree,6444
Construction,Senior,Master's Degree,7929
Government,Mid,Master's Degree,8439
Energy,Mid,PhD,11713
Construction,Senior,Associate Degree,5248
Retail,Entry,Master's Degree,8732
Energy,Mid,High School,3325
Mining,Entry,Bachelor's Degree,6324
Education,Mid,Associate Degree,3887
Fishing,Entry,High School,4700
Finance,Entry,Bachelor's Degree,7152
Defense,Mid,Master's Degree,7178
Forestry,Senior,Associate Degree,3895
Forestry,Senior,Bachelor's Degree,5733
Retail,Entry,Bachelor's Degree,7349
Transportation,Mid,High School,3713
Construction,Entry,Master's Degree,7421
Manufacturing,Senior,Bachelor's Degree,7358
Retail,Mid,Bachelor's Degree,6798
Real Estate,Mid,High School,4101
Forestry,Entry,Associate Degree,5679
Education,Entry,PhD,11698
Engineering,Mid,Associate Degree,5609
Logistics,Mid,Associate Degree,4667
Defense,Senior,High School,4170
Media,Senior,Master's Degree,7291
Media,Senior,High School,3771
Legal,Entry,Bachelor's Degree,6411
Mining,Mid,Master's Degree,8468
Mining,Mid,PhD,10730
Energy,Mid,Associate Degree,4321
Mining,Senior,Bachelor's Degree,7490
Construction,Mid,Master's Degree,9265
Forestry,Senior,High School,3578
Manufacturing,Mid,Associate Degree,5352
Real Estate,Entry,Bachelor's Degree,6943
Energy,Senior,Master's Degree,7848
Logistics,Senior,PhD,11643
Manufacturing,Senior,Bachelor's Degree,7262
Retail,Mid,Bachelor's Degree,6712
Agriculture,Mid,Master's Degree,9268
Logistics,Entry,High School,4827
Healthcare,Mid,Associate Degree,4557
Technology,Entry,Master's Degree,9339
Real Estate,Senior,Bachelor's Degree,7497
Mining,Entry,Associate Degree,5687
Technology,Entry,High School,4493
Healthcare,Mid,PhD,10382
Manufacturing,Senior,Associate Degree,5399
Legal,Senior,Bachelor's Degree,6117
Construction,Mid,Bachelor's Degree,6790
Media,Entry,Master's Degree,9419
Logistics,Entry,Bachelor's Degree,6424
Agriculture,Entry,Associate Degree,3968
Government,Mid,Bachelor's Degree,6552
Agriculture,Mid,Bachelor's Degree,7174
Construction,Mid,High School,4070
Defense,Entry,Associate Degree,4427
Manufacturing,Mid,Bachelor's Degree,8012
Media,Senior,High School,4637
Finance,Mid,High School,3248
Transportation,Mid,Bachelor's Degree,5549
Logistics,Mid,Bachelor's Degree,5601
Engineering,Mid,Master's Degree,7498
Government,Mid,Bachelor's Degree,7474
Healthcare,Mid,High School,4398
Energy,Senior,Master's Degree,7334
Mining,Senior,Master's Degree,8629
Construction,Entry,Associate Degree,5028
Forestry,Entry,High School,3683
Legal,Senior,Associate Degree,4378
Media,Senior,High School,4358
Transportation,Senior,Bachelor's Degree,6512
Defense,Mid,PhD,9340
Retail,Senior,Master's Degree,7240
Energy,Mid,High School,3644
Healthcare,Senior,Bachelor's Degree,5623
Engineering,Entry,Master's Degree,6625
Government,Entry,Associate Degree,5425
Finance,Entry,Master's Degree,6746
Retail,Mid,High School,3969
Engineering,Mid,Master's Degree,8941
Finance,Mid,Bachelor's Degree,7127
Mining,Entry,Bachelor's Degree,7436
Manufacturing,Mid,Master's Degree,7661
Retail,Senior,High School,4554
Legal,Senior,Associate Degree,3821
Mining,Senior,Bachelor's Degree,6594
Legal,Entry,Associate Degree,5013
Manufacturing,Mid,High School,4557
Transportation,Senior,Master's Degree,7694
Media,Entry,Bachelor's Degree,5811
Engineering,Mid,Associate Degree,5134
Agriculture,Senior,Master's Degree,9235
Energy,Mid,Bachelor's Degree,5373
Defense,Entry,Associate Degree,4338
Fishing,Mid,Master's Degree,8689
Energy,Entry,Associate Degree,5692
Education,Entry,Associate Degree,5703
Forestry,Entry,Associate Degree,4919
Fishing,Senior,Bachelor's Degree,5470
Transportation,Mid,Bachelor's Degree,7102
Fishing,Mid,High School,3924
Real Estate,Entry,Master's Degree,7135
Technology,Mid,Associate Degree,5654
Manufacturing,Mid,Bachelor's Degree,6505
Education,Entry,Bachelor's Degree,6142
Engineering,Senior,Master's Degree,7795
Government,Mid,Bachelor's Degree,7155
Real Estate,Entry,Associate Degree,4248
Real Estate,Senior,Associate Degree,3864
Defense,Senior,Bachelor's Degree,7859
Engineering,Entry,Bachelor's Degree,5608
Government,Senior,Master's Degree,8199
Retail,Entry,Bachelor's Degree,7577
Engineering,Entry,Bachelor's Degree,6885
Healthcare,Mid,High School,4549
Healthcare,Entry,Associate Degree,4070
Transportation,Senior,Bachelor's Degree,7568
Engineering,Entry,Associate Degree,4528
Fishing,Senior,Associate Degree,5451
Manufacturing,Mid,Bachelor's Degree,6803
Media,Mid,Bachelor's Degree,7725
Energy,Senior,Associate Degree,5539
Technology,Entry,High School,4644
Healthcare,Entry,Associate Degree,5135
Energy,Mid,Bachelor's Degree,5733
Real Estate,Entry,High School,4640
Finance,Senior,Associate Degree,4979
Logistics,Entry,High School,3374
Construction,Mid,Bachelor's Degree,6190
Construction,Mid,Bachelor's Degree,5925
Media,Senior,Master's Degree,7528
Finance,Mid,High School,4435
Legal,Entry,Bachelor's Degree,7886
Transportation,Entry,PhD,9655
Healthcare,Entry,High School,4429
Construction,Mid,Bachelor's Degree,5911
Government,Mid,Associate Degree,4998
Real Estate,Mid,Associate Degree,4603
Logistics,Mid,Associate Degree,5233
Transportation,Senior,Master's Degree,8938
Logistics,Mid,Bachelor's Degree,6695
Forestry,Entry,High School,4484
Technology,Entry,Master's Degree,7599
Education,Senior,High School,4816
Transportation,Mid,Bachelor's Degree,5399
Energy,Entry,Associate Degree,4878
Engineering,Entry,Associate Degree,3833
Defense,Entry,Bachelor's Degree,7548
Manufacturing,Senior,High School,3873
Technology,Entry,Master's Degree,8704
Education,Mid,Associate Degree,5683
Technology,Mid,Associate Degree,4021
Government,Entry,Associate Degree,4869
Logistics,Mid,Bachelor's Degree,6992
Energy,Mid,Bachelor's Degree,6701
Engineering,Entry,Master's Degree,7450
Manufacturing,Senior,Associate Degree,4935
Logistics,Mid,High School,4426
Healthcare,Mid,Bachelor's Degree,6109
Energy,Mid,High School,3349
Fishing,Mid,Bachelor's Degree,5844
Defense,Entry,Bachelor's Degree,6910
Engineering,Mid,High School,4713
Engineering,Senior,Bachelor's Degree,5405
Defense,Mid,Bachelor's Degree,5660
Construction,Entry,High School,4698
Construction,Entry,Bachelor's Degree,6121
Agriculture,Entry,Bachelor's Degree,5701
Construction,Entry,Associate Degree,4029
Energy,Entry,Associate Degree,4033
Education,Mid,Bachelor's Degree,6812
Fishing,Entry,Bachelor's Degree,7309
Finance,Entry,Associate Degree,5672
Agriculture,Entry,High School,3722
Forestry,Entry,Associate Degree,4235
Agriculture,Mid,Bachelor's Degree,7429
Technology,Mid,Bachelor's Degree,7121
Manufacturing,Entry,High School,3485
Legal,Mid,Associate Degree,5550
Legal,Senior,PhD,7899
Media,Entry,Bachelor's Degree,5933
Media,Entry,Associate Degree,5673
Retail,Mid,High School,4660
Defense,Mid,Bachelor's Degree,8023
Education,Senior,PhD,11406
Retail,Mid,Associate Degree,4906
Manufacturing,Mid,Bachelor's Degree,5488
Real Estate,Senior,Master's Degree,6924
Energy,Senior,Associate Degree,4574
Engineering,Mid,Associate Degree,4171
Transportation,Entry,High School,4251
Manufacturing,Entry,High School,3311
Mining,Mid,Master's Degree,7702
Technology,Entry,Master's Degree,8953
Transportation,Senior,Associate Degree,3977
Media,Mid,Bachelor's Degree,6796
Defense,Entry,Bachelor's Degree,6614
Technology,Senior,Master's Degree,6833
Mining,Entry,PhD,9647
Retail,Entry,Bachelor's Degree,7598
Manufacturing,Entry,Bachelor's Degree,7259
Agriculture,Mid,Associate Degree,3984
Agriculture,Senior,High School,4379
Fishing,Mid,Master's Degree,7985
Transportation,Entry,Associate Degree,3819
Technology,Entry,Master's Degree,8116
Transportation,Mid,Bachelor's Degree,7927
Logistics,Mid,Bachelor's Degree,5859
Education,Entry,Master's Degree,8894
Media,Entry,Bachelor's Degree,7200
Energy,Senior,High School,3325
Forestry,Entry,High School,4006
Manufacturing,Entry,Associate Degree,5011
Media,Entry,Master's Degree,6445
Energy,Senior,Bachelor's Degree,5843
Forestry,Senior,Bachelor's Degree,6693
Finance,Entry,Associate Degree,5324
Government,Mid,Bachelor's Degree,7780
Media,Entry,High School,3467
Media,Mid,Associate Degree,4034
Engineering,Senior,Associate Degree,5473
Healthcare,Senior,Bachelor's Degree,6569
Logistics,Entry,Master's Degree,9123
Government,Senior,Bachelor's Degree,5850
Legal,Mid,Associate Degree,4262
Real Estate,Entry,Bachelor's Degree,5836
Healthcare,Mid,PhD,10931
Finance,Entry,Bachelor's Degree,7396
Education,Entry,Master's Degree,6559
Manufacturing,Entry,Associate Degree,4342
Construction,Mid,Bachelor's Degree,7283
Healthcare,Mid,Bachelor's Degree,6788
Energy,Senior,High School,3968
Defense,Entry,Associate Degree,4976
Finance,Entry,Bachelor's Degree,7822
Fishing,Mid,High School,3351
Legal,Entry,Associate Degree,4969
Construction,Senior,Master's Degree,8503
Fishing,Entry,Bachelor's Degree,7977
Defense,Entry,Master's Degree,8066
Mining,Mid,Master's Degree,9348
Legal,Entry,Bachelor's Degree,5861
Media,Mid,Associate Degree,4698
Engineering,Mid,Associate Degree,4846
Real Estate,Senior,PhD,10439
Engineering,Senior,Associate Degree,4026
Defense,Entry,Bachelor's Degree,5645
Defense,Senior,Associate Degree,5657
Mining,Mid,High School,4333
Government,Mid,Bachelor's Degree,7336
Energy,Mid,High School,4008
Healthcare,Mid,Master's Degree,6637
Fishing,Entry,Bachelor's Degree,5963
Media,Mid,Associate Degree,5170
Technology,Senior,Bachelor's Degree,6589
Legal,Mid,Master's Degree,6572
Real Estate,Mid,High School,4831
Finance,Entry,Master's Degree,7400
Engineering,Entry,Bachelor's Degree,7311
Logistics,Mid,Bachelor's Degree,5460
Mining,Mid,High School,4774
Energy,Mid,Bachelor's Degree,5753
Fishing,Senior,Bachelor's Degree,5749
Construction,Senior,Bachelor's Degree,7326
Media,Mid,Bachelor's Degree,5490
Logistics,Entry,Bachelor's Degree,5576
Agriculture,Senior,Bachelor's Degree,6394
Retail,Senior,Associate Degree,5689
Fishing,Mid,PhD,10161
Transportation,Mid,High School,3424
Education,Senior,Bachelor's Degree,7115
Fishing,Entry,Associate Degree,4203
Education,Mid,Master's Degree,8118
Legal,Entry,High School,3931
Fishing,Mid,High School,3338
Forestry,Mid,High School,4683
Transportation,Mid,Bachelor's Degree,7098
Media,Entry,Bachelor's Degree,5765
Engineering,Mid,PhD,8652
Real Estate,Entry,Bachelor's Degree,8011
Education,Entry,Associate Degree,4222
Legal,Mid,Master's Degree,7853
Education,Mid,Master's Degree,7681
Construction,Entry,Bachelor's Degree,6586
Fishing,Mid,Associate Degree,4918
Healthcare,Entry,Master's Degree,9355
Engineering,Mid,Bachelor's Degree,5882
Manufacturing,Mid,PhD,8830
Healthcare,Entry,High School,4512
Finance,Entry,High School,3358
Healthcare,Entry,Associate Degree,3995
Fishing,Senior,Associate Degree,4442
Forestry,Mid,PhD,8486
Agriculture,Entry,Bachelor's Degree,6373
Agriculture,Entry,Associate Degree,3950
Fishing,Entry,Bachelor's Degree,6051
Fishing,Senior,Master's Degree,7176
Retail,Mid,Associate Degree,3827
Finance,Senior,Associate Degree,4229
Retail,Senior,Bachelor's Degree,6778
Media,Mid,Associate Degree,5110
Energy,Entry,PhD,8068
Manufacturing,Mid,High School,3932
Technology,Mid,Master's Degree,7439
Fishing,Senior,High School,3469
Engineering,Mid,Associate Degree,5531
Construction,Entry,Bachelor's Degree,7102
Government,Mid,Associate Degree,3990
Engineering,Mid,Master's Degree,7313
Education,Entry,Bachelor's Degree,6557
Healthcare,Mid,High School,4073
Engineering,Entry,Master's Degree,8166
Construction,Mid,Bachelor's Degree,6167
Healthcare,Mid,Bachelor's Degree,5580
Logistics,Senior,Master's Degree,6580
Defense,Mid,Bachelor's Degree,6947
Logistics,Entry,Bachelor's Degree,7858
Fishing,Mid,Associate Degree,4442
Education,Mid,Bachelor's Degree,5995
Media,Senior,Associate Degree,3867
Defense,Mid,High School,3717
Real Estate,Entry,High School,3842
Logistics,Senior,PhD,10004
Forestry,Mid,Associate Degree,3820
Manufacturing,Mid,Bachelor's Degree,6781
Media,Mid,Master's Degree,6443
Real Estate,Mid,High School,4106
Mining,Entry,Bachelor's Degree,5460
Fishing,Entry,Associate Degree,5410
Fishing,Entry,Associate Degree,5102
Mining,Mid,Associate Degree,5427
Fishing,Mid,Bachelor's Degree,5996
Media,Mid,Associate Degree,5118
Agriculture,Senior,Bachelor's Degree,7535
Legal,Senior,Bachelor's Degree,6687
Mining,Entry,Associate Degree,4097
Fishing,Mid,Bachelor's Degree,7747
Energy,Mid,Associate Degree,4734
Agriculture,Mid,High School,4618
Media,Mid,High School,3526
Energy,Entry,Associate Degree,5038
Media,Entry,PhD,11366
Finance,Entry,High School,4515
Technology,Entry,Master's Degree,8788
Transportation,Entry,High School,3831
Mining,Entry,Associate Degree,4185
Government,Senior,Master's Degree,6453
Media,Senior,Bachelor's Degree,6852
Engineering,Mid,High School,4591
Education,Mid,Master's Degree,6688
Healthcare,Entry,Bachelor's Degree,5682
Energy,Entry,High School,3241
Education,Mid,Associate Degree,4970
Media,Entry,Associate Degree,4666
Education,Senior,Associate Degree,4315
Manufacturing,Entry,High School,4774
Healthcare,Mid,Bachelor's Degree,6214
Transportation,Mid,Master's Degree,9085
Construction,Mid,High School,3826
Manufacturing,Entry,Bachelor's Degree,5903
Fishing,Mid,High School,4773
Finance,Mid,Bachelor's Degree,6919
Legal,Entry,Master's Degree,7555
Real Estate,Entry,Bachelor's Degree,6579
Legal,Mid,Bachelor's Degree,5665
Energy,Entry,Bachelor's Degree,7307
Education,Entry,Bachelor's Degree,6576
Media,Entry,Bachelor's Degree,6317
Forestry,Senior,High School,4737
Energy,Entry,Master's Degree,8465
Forestry,Mid,Master's Degree,7930
Media,Entry,High School,3544
Manufacturing,Senior,Bachelor's Degree,7811
Media,Senior,Bachelor's Degree,6342
Manufacturing,Mid,PhD,8724
Technology,Entry,PhD,10527
Manufacturing,Mid,Associate Degree,5711
Manufacturing,Mid,Associate Degree,4088
Agriculture,Mid,Bachelor's Degree,5992
Logistics,Mid,Associate Degree,5196
Construction,Mid,Master's Degree,7526
Agriculture,Entry,Master's Degree,8973
Logistics,Entry,Associate Degree,3916
Energy,Mid,Master's Degree,7420
Energy,Entry,Bachelor's Degree,7298
Manufacturing,Entry,Bachelor's Degree,7444
Forestry,Entry,Bachelor's Degree,7038
Real Estate,Entry,Master's Degree,7266
Construction,Mid,High School,4268
Defense,Senior,Associate Degree,5121
Real Estate,Entry,Bachelor's Degree,5572
Defense,Senior,Associate Degree,4368
Education,Mid,Associate Degree,4073
Construction,Entry,Bachelor's Degree,7236
Forestry,Mid,Bachelor's Degree,6554
Healthcare,Mid,High School,3342
Logistics,Senior,Associate Degree,5165
Transportation,Mid,High School,4640
Defense,Senior,Associate Degree,4911
Forestry,Entry,Associate Degree,5522
Government,Entry,Bachelor's Degree,6771
Retail,Entry,Associate Degree,5185
Government,Mid,Bachelor's Degree,5447
Technology,Entry,PhD,10299
Logistics,Entry,Bachelor's Degree,7773
Government,Entry,Associate Degree,4016
Finance,Entry,Bachelor's Degree,5479
Media,Mid,Bachelor's Degree,6200
Defense,Mid,Bachelor's Degree,7773
Retail,Entry,Associate Degree,5352
Legal,Senior,Master's Degree,6980
Energy,Entry,High School,4518
Agriculture,Mid,High School,4164
Forestry,Mid,Associate Degree,5447
Transportation,Senior,Bachelor's Degree,6158
Manufacturing,Entry,Bachelor's Degree,6630
Energy,Entry,Associate Degree,4995
Government,Entry,High School,4381
Finance,Mid,Associate Degree,5458
Education,Mid,Bachelor's Degree,7858
Agriculture,Mid,Bachelor's Degree,6018
Energy,Mid,Master's Degree,7197
Energy,Mid,High School,3647
Defense,Mid,Master's Degree,9029
Media,Senior,Bachelor's Degree,6463
Healthcare,Mid,High School,4498
Finance,Mid,High School,4662
Logistics,Senior,Master's Degree,7310
Finance,Senior,Bachelor's Degree,5677
Agriculture,Entry,Bachelor's Degree,7889
Agriculture,Entry,Master's Degree,6942
Finance,Mid,Master's Degree,6505
Agriculture,Entry,Bachelor's Degree,5474
Retail,Entry,Associate Degree,4078
Media,Senior,Master's Degree,8069
Defense,Entry,Associate Degree,5445
Technology,Mid,Bachelor's Degree,7149
Mining,Senior,High School,3593
Media,Senior,Bachelor's Degree,6818
Healthcare,Mid,Master's Degree,9345
Transportation,Mid,Associate Degree,5509
Construction,Entry,Bachelor's Degree,7857
Mining,Mid,Master's Degree,8461
Agriculture,Mid,Bachelor's Degree,5636
Fishing,Entry,Master's Degree,6712
Government,Mid,Associate Degree,5333
Energy,Entry,Bachelor's Degree,6706
Defense,Senior,Bachelor's Degree,7605
Healthcare,Mid,Associate Degree,4509
Agriculture,Mid,High School,4095
Media,Entry,Associate Degree,4984
Manufacturing,Mid,High School,3940
Fishing,Mid,Bachelor's Degree,6024
Defense,Mid,Bachelor's Degree,7462
Manufacturing,Mid,Associate Degree,4865
Defense,Senior,Bachelor's Degree,5401
Construction,Entry,Associate Degree,4047
Energy,Entry,High School,4200
Real Estate,Entry,Master's Degree,8912
Agriculture,Senior,Bachelor's Degree,6657
Real Estate,Entry,High School,3727
Engineering,Mid,Bachelor's Degree,7635
Forestry,Senior,Associate Degree,4347
Agriculture,Senior,Bachelor's Degree,5732
Transportation,Mid,PhD,10738
Mining,Senior,Master's Degree,8037
Technology,Senior,Master's Degree,7680
Defense,Senior,Associate Degree,4892
Logistics,Mid,High School,3667
Media,Mid,Bachelor's Degree,7420
Government,Entry,Associate Degree,4368
Retail,Senior,High School,4324
Mining,Mid,Bachelor's Degree,6566
Construction,Entry,Bachelor's Degree,6064
Healthcare,Mid,Associate Degree,4396
Logistics,Mid,Associate Degree,4954
Defense,Mid,High School,4663
Logistics,Entry,Bachelor's Degree,6305
Technology,Mid,High School,4521
Real Estate,Entry,Bachelor's Degree,6097
Energy,Mid,High School,4584
Fishing,Mid,Associate Degree,5236
Healthcare,Entry,Master's Degree,9386
Forestry,Mid,Associate Degree,4616
Defense,Entry,Associate Degree,5398
Technology,Senior,High School,3252
Media,Entry,Bachelor's Degree,7708
Fishing,Senior,Associate Degree,5625
Defense,Entry,PhD,9655
Education,Mid,Bachelor's Degree,5492
Engineering,Entry,Bachelor's Degree,6862
Real Estate,Mid,High School,3290
Manufacturing,Entry,Bachelor's Degree,7950
Fishing,Entry,Bachelor's Degree,5429
Healthcare,Entry,High School,3478
Media,Senior,PhD,11124
Agriculture,Mid,Bachelor's Degree,7329
Energy,Entry,Bachelor's Degree,6961
Logistics,Senior,PhD,11642
Media,Senior,Master's Degree,8584
Agriculture,Entry,Bachelor's Degree,7162
Defense,Senior,Master's Degree,7433
Fishing,Entry,High School,4202
Energy,Entry,Associate Degree,4005
Manufacturing,Senior,Master's Degree,8085
Finance,Mid,High School,3246
Logistics,Mid,High School,4589
Forestry,Entry,Bachelor's Degree,6400
Healthcare,Entry,Bachelor's Degree,5578
Real Estate,Entry,Master's Degree,7431
Mining,Mid,Bachelor's Degree,5752
Finance,Mid,Bachelor's Degree,5649
Legal,Entry,Master's Degree,6498
Mining,Mid,Master's Degree,9207
Technology,Senior,High School,3789
Finance,Mid,Associate Degree,4820
Healthcare,Senior,Master's Degree,6921
Mining,Senior,Bachelor's Degree,5461
Mining,Entry,High School,3858
Retail,Entry,PhD,7998
Finance,Mid,Bachelor's Degree,6788
Fishing,Entry,Master's Degree,6985
Manufacturing,Senior,Master's Degree,9300
Engineering,Entry,Bachelor's Degree,6436
Retail,Mid,High School,3501
Defense,Senior,PhD,9567
Healthcare,Mid,Master's Degree,7645
Fishing,Entry,Bachelor's Degree,7744
Logistics,Entry,Bachelor's Degree,6854
Fishing,Mid,Master's Degree,8971
Real Estate,Senior,High School,4009
Government,Entry,Master's Degree,7592
Government,Senior,Master's Degree,8493
Engineering,Entry,High School,3701
Energy,Mid,Bachelor's Degree,7997
Fishing,Mid,PhD,10978
Forestry,Senior,Associate Degree,5101
Defense,Mid,Bachelor's Degree,8017
Legal,Senior,PhD,8969
Construction,Entry,Associate Degree,5200
Media,Mid,Bachelor's Degree,5646
Manufacturing,Mid,Master's Degree,8307
Education,Entry,Master's Degree,6425
Mining,Senior,Associate Degree,3835
Engineering,Mid,High School,4139
Construction,Mid,High School,3705
Retail,Entry,Master's Degree,7374
Agriculture,Entry,High School,4386
Defense,Mid,Bachelor's Degree,5719
Engineering,Mid,Bachelor's Degree,5969
Finance,Mid,Associate Degree,4171
Mining,Entry,Master's Degree,6427
Retail,Mid,Bachelor's Degree,5662
Forestry,Entry,Bachelor's Degree,7861
Healthcare,Mid,Master's Degree,9531
Construction,Entry,Associate Degree,4867
Finance,Senior,Associate Degree,3826
Real Estate,Mid,Master's Degree,8457
Real Estate,Entry,Associate Degree,5455
Manufacturing,Mid,High School,3510
Fishing,Senior,Bachelor's Degree,7849
Logistics,Entry,Bachelor's Degree,6478
Government,Senior,Bachelor's Degree,7155
Agriculture,Entry,Bachelor's Degree,7880
Logistics,Entry,High School,4362
Forestry,Entry,Bachelor's Degree,5876
Education,Senior,PhD,10971
Forestry,Entry,Master's Degree,8657
Defense,Entry,High School,3350
Energy,Senior,Bachelor's Degree,6742
Defense,Mid,Bachelor's Degree,5539
Technology,Entry,Associate Degree,4055
Legal,Entry,Bachelor's Degree,6305
Finance,Entry,Bachelor's Degree,6635
Real Estate,Entry,High School,4029
Finance,Senior,Associate Degree,3938
Agriculture,Entry,Associate Degree,4050
Real Estate,Senior,Bachelor's Degree,5862
Education,Entry,Bachelor's Degree,5635
Fishing,Senior,Bachelor's Degree,6090
Construction,Mid,Master's Degree,8540
Education,Entry,Bachelor's Degree,6846
Manufacturing,Mid,Associate Degree,4802
Manufacturing,Entry,Bachelor's Degree,6304
Media,Senior,Master's Degree,7441
Legal,Entry,Associate Degree,4227
Retail,Senior,Associate Degree,4547
Technology,Senior,Master's Degree,8332
Energy,Entry,High School,3758
Logistics,Entry,High School,3349
Government,Senior,High School,3978
Government,Entry,Bachelor's Degree,5710
Real Estate,Entry,High School,4586
Transportation,Entry,Master's Degree,6923
Manufacturing,Mid,High School,4736
Logistics,Entry,Associate Degree,5209
Agriculture,Senior,Bachelor's Degree,6514
Education,Mid,Bachelor's Degree,7463
Defense,Senior,Bachelor's Degree,7619
Defense,Mid,Bachelor's Degree,6013
Media,Mid,Bachelor's Degree,7873
Real Estate,Senior,High School,3942
Real Estate,Senior,Bachelor's Degree,7483
Engineering,Senior,Master's Degree,9315
Legal,Entry,Bachelor's Degree,7182
Construction,Entry,Associate Degree,4174
Real Estate,Senior,Associate Degree,5663
Defense,Entry,Bachelor's Degree,7235
Transportation,Mid,High School,4481
Fishing,Senior,Bachelor's Degree,6610
Real Estate,Mid,Master's Degree,6736
Media,Mid,Associate Degree,4515
Education,Entry,Master's Degree,9485
Construction,Senior,High School,3511
Legal,Mid,Associate Degree,5147
Media,Senior,Bachelor's Degree,5792
Healthcare,Entry,Bachelor's Degree,7805
Education,Entry,Bachelor's Degree,7282
Media,Senior,Associate Degree,4459
Fishing,Entry,PhD,9619
Legal,Senior,Master's Degree,7315
Energy,Mid,Master's Degree,9018
Education,Entry,Master's Degree,7894
Logistics,Mid,Bachelor's Degree,7396
Finance,Entry,High School,4691
Finance,Senior,Associate Degree,5219
Fishing,Entry,Master's Degree,8935
Forestry,Entry,Master's Degree,6928
Construction,Entry,High School,4552
Transportation,Entry,Associate Degree,5621
Defense,Mid,High School,3360
Engineering,Senior,Master's Degree,8431
Manufacturing,Entry,Master's Degree,7263
Engineering,Entry,Master's Degree,9147
Mining,Senior,Bachelor's Degree,6961
Forestry,Mid,High School,3553
Logistics,Mid,Bachelor's Degree,5615
Forestry,Entry,Master's Degree,9236
Construction,Mid,High School,3977
Legal,Entry,High School,3461
Finance,Entry,High School,4683
Logistics,Senior,Master's Degree,8457
Finance,Mid,High School,4590
Energy,Mid,Associate Degree,5302
Manufacturing,Mid,Associate Degree,5492
Mining,Entry,Associate Degree,5407
Finance,Mid,Associate Degree,4206
Technology,Entry,Master's Degree,7278
Healthcare,Senior,Associate Degree,4550
Agriculture,Senior,Master's Degree,6572
Government,Senior,Bachelor's Degree,6242
Forestry,Mid,High School,3422
Defense,Senior,Master's Degree,9028
Defense,Senior,Associate Degree,4934
Retail,Entry,Bachelor's Degree,7923
Agriculture,Senior,High School,4048
Education,Mid,Master's Degree,6841
Finance,Mid,PhD,10611
Transportation,Mid,Master's Degree,8126
Defense,Senior,Bachelor's Degree,5946
Healthcare,Senior,Bachelor's Degree,7777
Real Estate,Entry,Master's Degree,6419
Education,Entry,Associate Degree,5291
Construction,Entry,Master's Degree,7259
Agriculture,Mid,Associate Degree,4329
Healthcare,Mid,Associate Degree,4632
Engineering,Senior,PhD,9321
Retail,Entry,Associate Degree,5711
Media,Mid,Master's Degree,8287
Real Estate,Mid,High School,3721
Transportation,Entry,Master's Degree,7540
Government,Entry,Associate Degree,5375
Media,Mid,Associate Degree,5587
Education,Mid,Bachelor's Degree,7617
Retail,Entry,Master's Degree,9011
Education,Entry,PhD,10934
Healthcare,Senior,Associate Degree,4336
Forestry,Entry,Bachelor's Degree,6355
Transportation,Mid,Master's Degree,8832
Media,Entry,Associate Degree,4778
Defense,Mid,PhD,9479
Mining,Mid,Associate Degree,3871
Forestry,Mid,Master's Degree,8074
Engineering,Senior,Bachelor's Degree,5368
Retail,Mid,Associate Degree,4453
Government,Senior,Master's Degree,8350
Transportation,Senior,Bachelor's Degree,7089
Forestry,Mid,Bachelor's Degree,7648
Healthcare,Senior,Bachelor's Degree,6217
Retail,Mid,Bachelor's Degree,6715
Construction,Entry,Bachelor's Degree,7345
Healthcare,Mid,Associate Degree,4107
Government,Entry,High School,4328
Fishing,Senior,Master's Degree,7430
Agriculture,Mid,Bachelor's Degree,5967
Government,Entry,Master's Degree,9136
Transportation,Mid,High School,4640
Defense,Mid,Master's Degree,7535
Retail,Mid,Master's Degree,9313
Healthcare,Entry,Bachelor's Degree,7820
Technology,Mid,Associate Degree,4939
Mining,Senior,Associate Degree,5493
Healthcare,Entry,Master's Degree,7912
Construction,Mid,Bachelor's Degree,6126
Logistics,Mid,High School,4712
Media,Mid,Bachelor's Degree,6453
Legal,Entry,High School,3605
Defense,Senior,Bachelor's Degree,7240
Forestry,Mid,Master's Degree,8969
Healthcare,Mid,High School,3674
Finance,Mid,Associate Degree,4379
Real Estate,Senior,Associate Degree,5633
Government,Mid,Master's Degree,7940
Forestry,Entry,Master's Degree,9209
Energy,Mid,High School,3723
Forestry,Mid,Master's Degree,9178
Retail,Mid,Bachelor's Degree,6088
Construction,Entry,Master's Degree,6986
Real Estate,Senior,High School,3249
Transportation,Mid,High School,4723
Fishing,Mid,Master's Degree,8716
Manufacturing,Mid,Associate Degree,3891
Energy,Mid,High School,4203
Real Estate,Senior,Master's Degree,8894
Retail,Entry,Bachelor's Degree,7295
Manufacturing,Mid,Master's Degree,6706
Education,Senior,Associate Degree,4098
Manufacturing,Senior,Associate Degree,5473
Education,Senior,Bachelor's Degree,7687
Healthcare,Mid,Bachelor's Degree,6652
Defense,Senior,Bachelor's Degree,5554
Agriculture,Entry,Bachelor's Degree,7069
Fishing,Mid,High School,4543
Fishing,Entry,High School,4405
Healthcare,Mid,High School,4326
Fishing,Mid,Associate Degree,4026
Technology,Mid,Master's Degree,7994
Retail,Entry,Bachelor's Degree,7990
Fishing,Entry,High School,4276
Education,Entry,Associate Degree,4551
Agriculture,Entry,High School,4420
Government,Mid,Master's Degree,7369
Retail,Entry,High School,4797
Manufacturing,Senior,High School,3369
Technology,Mid,Master's Degree,7537
Retail,Entry,Bachelor's Degree,7361
Agriculture,Senior,High School,4102
Retail,Mid,Master's Degree,7560
Legal,Mid,Master's Degree,7255
Engineering,Entry,Master's Degree,7418
Media,Entry,Master's Degree,9553
Legal,Mid,Associate Degree,4999
Government,Mid,Associate Degree,4273
Government,Mid,Associate Degree,4151
Real Estate,Entry,Bachelor's Degree,5350
Forestry,Entry,Bachelor's Degree,6009
Defense,Mid,Associate Degree,4014
Legal,Entry,Associate Degree,4896
Healthcare,Entry,Associate Degree,5034
Finance,Entry,Bachelor's Degree,6123
Transportation,Mid,Master's Degree,6813
Defense,Mid,Bachelor's Degree,6071
Healthcare,Mid,Bachelor's Degree,6048
Government,Entry,Master's Degree,9272
Media,Senior,Master's Degree,7037
Transportation,Entry,Associate Degree,4113
Energy,Senior,PhD,11535
Agriculture,Entry,High School,3985
Logistics,Entry,PhD,11101
Mining,Mid,Master's Degree,8777
Retail,Entry,Master's Degree,8328
Mining,Entry,Bachelor's Degree,5902
Education,Entry,High School,4173
Engineering,Mid,Bachelor's Degree,7366
Manufacturing,Entry,High School,4130
Mining,Mid,High School,3334
Fishing,Mid,High School,3549
Forestry,Entry,High School,3794
Defense,Senior,Associate Degree,5043
Mining,Mid,Master's Degree,7303
Media,Mid,Master's Degree,9121
Forestry,Senior,Bachelor's Degree,7372
Defense,Senior,PhD,10050
Real Estate,Senior,High School,4710
Healthcare,Entry,High School,3895
Defense,Mid,Associate Degree,4899
Transportation,Entry,Associate Degree,4178
Mining,Entry,Bachelor's Degree,5398
Energy,Mid,Associate Degree,4218
Retail,Mid,High School,4017
Mining,Mid,Master's Degree,6543
Agriculture,Mid,Bachelor's Degree,7525
Forestry,Mid,Bachelor's Degree,7930
Retail,Entry,PhD,11209
Agriculture,Mid,Bachelor's Degree,6184
Logistics,Entry,Bachelor's Degree,6574
Construction,Mid,Associate Degree,4249
Retail,Entry,Bachelor's Degree,7639
Healthcare,Senior,Bachelor's Degree,5762
Retail,Mid,Master's Degree,8698
Manufacturing,Entry,Associate Degree,4301
Healthcare,Entry,Master's Degree,6866
Real Estate,Entry,Associate Degree,4991
Real Estate,Mid,Associate Degree,4528
Mining,Mid,Associate Degree,4800
Forestry,Entry,Bachelor's Degree,7898
Healthcare,Entry,High School,3725
Fishing,Entry,Master's Degree,6890
Construction,Mid,High School,4664
Forestry,Senior,Bachelor's Degree,6491
Agriculture,Mid,Associate Degree,5699
Retail,Entry,Master's Degree,7264
Technology,Mid,Associate Degree,4883
Manufacturing,Entry,High School,3441
Energy,Entry,Master's Degree,8138
Engineering,Senior,Bachelor's Degree,6150
Government,Senior,High School,3377
Construction,Mid,PhD,8139
Manufacturing,Mid,PhD,11603
Logistics,Entry,Bachelor's Degree,7361
Agriculture,Entry,High School,4198
Forestry,Senior,Associate Degree,4936
Fishing,Entry,Master's Degree,7108
Media,Entry,Bachelor's Degree,7729
Defense,Mid,Associate Degree,4357
Fishing,Entry,Bachelor's Degree,5541
Retail,Senior,Associate Degree,4017
Mining,Mid,Bachelor's Degree,7962
Finance,Senior,Bachelor's Degree,8019
Energy,Entry,Bachelor's Degree,7711
Finance,Senior,Master's Degree,8471
Fishing,Entry,Bachelor's Degree,7374
Fishing,Senior,High School,4537
Media,Mid,High School,4729
Manufacturing,Mid,Bachelor's Degree,6244
Engineering,Entry,Associate Degree,5453
Government,Entry,Associate Degree,4384
Technology,Mid,Bachelor's Degree,7178
Finance,Mid,High School,4807
Finance,Senior,Master's Degree,7884
Finance,Entry,High School,4064
Agriculture,Entry,Bachelor's Degree,7314
Education,Senior,High School,3626
Agriculture,Entry,PhD,10555
Fishing,Entry,Associate Degree,5046
Transportation,Mid,Master's Degree,8775
Agriculture,Entry,Bachelor's Degree,6107
Education,Mid,Bachelor's Degree,5725
Retail,Senior,Bachelor's Degree,7518
Logistics,Entry,PhD,9712
Mining,Mid,Bachelor's Degree,5440
Legal,Entry,PhD,9361
Education,Mid,Master's Degree,6902
Media,Mid,Bachelor's Degree,6598
Government,Mid,Bachelor's Degree,7467
Legal,Entry,Bachelor's Degree,7608
Government,Entry,Master's Degree,7989
Fishing,Mid,Associate Degree,5180
Defense,Senior,Master's Degree,6571
Construction,Mid,Associate Degree,4759
Retail,Entry,Associate Degree,4842
Forestry,Senior,Master's Degree,7993
Real Estate,Senior,Associate Degree,4125
Retail,Mid,Bachelor's Degree,7188
Transportation,Senior,Associate Degree,3825
Construction,Entry,Associate Degree,5489
Mining,Mid,High School,3892
Government,Entry,Associate Degree,4287
Mining,Entry,Master's Degree,8442
Fishing,Senior,Bachelor's Degree,7582
Real Estate,Mid,High School,3562
Defense,Mid,High School,3446
Engineering,Entry,PhD,10701
Mining,Mid,Master's Degree,6982
Technology,Senior,Associate Degree,5457
Legal,Senior,Associate Degree,4163
Retail,Entry,High School,4535
Energy,Entry,Master's Degree,8170
Legal,Entry,Master's Degree,6742
Healthcare,Mid,Bachelor's Degree,7611
Legal,Entry,Associate Degree,4455
Construction,Entry,PhD,10349
Finance,Mid,High School,3875
Defense,Senior,Bachelor's Degree,5507
Real Estate,Mid,Associate Degree,4219
Education,Mid,Associate Degree,4000
Technology,Mid,Bachelor's Degree,7286
Education,Mid,Master's Degree,8255
Media,Senior,Associate Degree,4252
Forestry,Entry,High School,3893
Legal,Entry,Master's Degree,7395
Media,Entry,Associate Degree,4034
Retail,Entry,Bachelor's Degree,5838
Engineering,Senior,Bachelor's Degree,7783
Healthcare,Entry,Bachelor's Degree,6191
Government,Senior,Bachelor's Degree,6494
Defense,Entry,Associate Degree,5217
Defense,Mid,Associate Degree,4912
Manufacturing,Senior,Associate Degree,4294
Mining,Mid,High School,4543
Agriculture,Entry,Associate Degree,4147
Defense,Entry,High School,4163
Construction,Mid,High School,4658
Media,Senior,Master's Degree,8267
Government,Entry,Master's Degree,8389
Logistics,Entry,Associate Degree,5287
Energy,Senior,Bachelor's Degree,5879
Agriculture,Mid,High School,3593
Healthcare,Entry,Master's Degree,8504
Media,Entry,High School,3899
Agriculture,Mid,High School,3649
Defense,Mid,Master's Degree,9112
Retail,Entry,High School,4211
Forestry,Mid,Master's Degree,7088
Energy,Entry,Associate Degree,5282
Retail,Entry,Bachelor's Degree,5909
Transportation,Entry,Bachelor's Degree,8000
Healthcare,Mid,High School,3368
Agriculture,Entry,High School,3249
Defense,Entry,Bachelor's Degree,7520
Healthcare,Mid,Associate Degree,5678
Healthcare,Senior,PhD,9729
Logistics,Entry,Associate Degree,3956
Healthcare,Entry,High School,4328
Legal,Mid,Bachelor's Degree,5367
Construction,Mid,Master's Degree,7593
Education,Mid,Master's Degree,7984
Retail,Senior,Bachelor's Degree,7932
Logistics,Entry,Associate Degree,5666
Retail,Mid,Master's Degree,6571
Fishing,Mid,Associate Degree,5618
Government,Entry,High School,3936
Real Estate,Mid,Associate Degree,4734
Legal,Entry,Master's Degree,7131
Real Estate,Entry,High School,4635
Forestry,Mid,Bachelor's Degree,6487
Agriculture,Mid,Master's Degree,9319
Defense,Entry,Associate Degree,4637
Forestry,Mid,Bachelor's Degree,7884
Fishing,Mid,High School,3854
Logistics,Entry,Bachelor's Degree,6418
Retail,Entry,High School,4636
Transportation,Mid,Master's Degree,7512
Fishing,Senior,Associate Degree,5314
Education,Entry,Associate Degree,5370
Construction,Mid,High School,3242
Engineering,Entry,Bachelor's Degree,7380
Engineering,Mid,Associate Degree,5272
Logistics,Entry,Master's Degree,7330
Media,Senior,Bachelor's Degree,6410
Logistics,Entry,Associate Degree,4681
Engineering,Entry,Bachelor's Degree,7560
Forestry,Entry,High School,3786
Real Estate,Entry,High School,3508
Manufacturing,Entry,Associate Degree,4901
Agriculture,Entry,Master's Degree,7953
Energy,Senior,Master's Degree,8271
Fishing,Mid,High School,4681
Finance,Senior,Master's Degree,6836
Finance,Entry,High School,4264
Real Estate,Entry,High School,4665
Construction,Mid,Bachelor's Degree,6972
Legal,Entry,Master's Degree,6834
Fishing,Mid,Master's Degree,6784
Retail,Senior,Associate Degree,5510
Healthcare,Entry,Associate Degree,3992
Finance,Mid,Bachelor's Degree,7918
Forestry,Entry,Bachelor's Degree,5697
Defense,Mid,High School,3634
Real Estate,Mid,Master's Degree,7890
Technology,Mid,Master's Degree,7962
Forestry,Entry,Bachelor's Degree,7944
Manufacturing,Senior,Bachelor's Degree,7366
Defense,Mid,Bachelor's Degree,7110
Defense,Entry,Associate Degree,4006
Finance,Entry,Associate Degree,4288
Retail,Mid,High School,4113
Government,Senior,Master's Degree,8545
Media,Entry,Bachelor's Degree,8011
Manufacturing,Senior,Master's Degree,9359
Legal,Entry,Bachelor's Degree,6270
Logistics,Mid,Bachelor's Degree,7574
Manufacturing,Entry,Associate Degree,4818
Mining,Entry,High School,4442
Forestry,Mid,Master's Degree,8227
Retail,Entry,Master's Degree,8962
Education,Mid,Master's Degree,8306
Real Estate,Mid,High School,4194
Real Estate,Senior,Associate Degree,4282
Construction,Mid,Associate Degree,5015
Construction,Senior,Master's Degree,7918
Mining,Mid,Master's Degree,6842
Energy,Entry,High School,3642
Engineering,Mid,Bachelor's Degree,7140
Logistics,Mid,Associate Degree,5135
Legal,Mid,Bachelor's Degree,7086
Transportation,Mid,Bachelor's Degree,7696
Finance,Entry,Bachelor's Degree,6596
Technology,Entry,High School,3624
Defense,Entry,Bachelor's Degree,7304
Engineering,Entry,High School,3280
Education,Entry,Associate Degree,4409
Energy,Entry,Bachelor's Degree,7655
Technology,Senior,Bachelor's Degree,7856
Education,Senior,Bachelor's Degree,7820
Engineering,Mid,Master's Degree,7302
Energy,Entry,Bachelor's Degree,6840
Construction,Entry,Master's Degree,6706
Forestry,Mid,Associate Degree,5101
Finance,Mid,Associate Degree,4596
Manufacturing,Entry,Bachelor's Degree,6264
Media,Mid,PhD,11091
Manufacturing,Entry,Bachelor's Degree,7496
Manufacturing,Mid,High School,4396
Finance,Entry,Associate Degree,4130
Legal,Entry,Master's Degree,6836
Healthcare,Mid,Bachelor's Degree,6880
Finance,Entry,Bachelor's Degree,7980
Manufacturing,Senior,Bachelor's Degree,6207
Manufacturing,Mid,Associate Degree,4827
Engineering,Mid,Associate Degree,4119
Fishing,Senior,Master's Degree,8969
Construction,Mid,Master's Degree,7987
Agriculture,Mid,High School,3526
Construction,Entry,Bachelor's Degree,7312
Government,Entry,High School,3316
Government,Mid,High School,4667
Construction,Entry,High School,3493
Engineering,Entry,Master's Degree,7237
Manufacturing,Entry,High School,3577
Education,Senior,Associate Degree,5616
Retail,Senior,Bachelor's Degree,7946
Healthcare,Entry,Bachelor's Degree,6744
Defense,Entry,Bachelor's Degree,7141
Technology,Mid,Associate Degree,4471
Logistics,Mid,Bachelor's Degree,7482
Retail,Mid,High School,4069
Manufacturing,Entry,High School,3541
Fishing,Mid,Associate Degree,4342
Defense,Mid,Bachelor's Degree,6929
Manufacturing,Mid,Associate Degree,4259
Fishing,Entry,Associate Degree,5411
Agriculture,Mid,Bachelor's Degree,5434
Healthcare,Senior,Bachelor's Degree,7484
Manufacturing,Entry,Associate Degree,4711
Forestry,Entry,Bachelor's Degree,5895
Manufacturing,Mid,Bachelor's Degree,7430
Transportation,Entry,Associate Degree,5023
Agriculture,Senior,Associate Degree,4807
Finance,Senior,High School,3703
Transportation,Mid,High School,4021
Healthcare,Entry,Bachelor's Degree,6587
Logistics,Senior,Bachelor's Degree,7464
Media,Mid,Associate Degree,4604
Retail,Entry,Associate Degree,3874
Forestry,Mid,High School,4248
Logistics,Mid,Associate Degree,5209
Legal,Mid,Associate Degree,5565
Logistics,Mid,Bachelor's Degree,6124
Government,Mid,High School,4694
Transportation,Mid,Master's Degree,9353
Forestry,Mid,Bachelor's Degree,5876
Education,Entry,Associate Degree,4772
Manufacturing,Mid,Bachelor's Degree,6222
Media,Entry,High School,4324
Technology,Entry,High School,4685
Real Estate,Mid,Bachelor's Degree,6398
Legal,Mid,Associate Degree,4403
Legal,Senior,Associate Degree,4051
Education,Mid,High School,4416
Government,Mid,High School,4158
Government,Entry,Bachelor's Degree,5461
Media,Mid,Bachelor's Degree,6996
Construction,Mid,Master's Degree,7218
Government,Mid,Associate Degree,4896
Construction,Entry,Bachelor's Degree,7287
Finance,Senior,Bachelor's Degree,7608
Finance,Entry,Bachelor's Degree,7438
Defense,Entry,Master's Degree,7710
Manufacturing,Mid,High School,4302
Energy,Mid,Master's Degree,6904
Media,Entry,High School,3756
Construction,Mid,Associate Degree,5141
Construction,Entry,High School,4750
Finance,Senior,Bachelor's Degree,7087
Education,Senior,Bachelor's Degree,7511
Technology,Entry,Associate Degree,4193
Finance,Mid,Master's Degree,7693
Agriculture,Entry,Bachelor's Degree,6064
Defense,Senior,High School,3907
Energy,Entry,Bachelor's Degree,7363
Fishing,Mid,Associate Degree,3823
Manufacturing,Mid,Bachelor's Degree,7392
Media,Entry,Bachelor's Degree,7854
Forestry,Mid,Bachelor's Degree,6407
Education,Entry,Bachelor's Degree,7350
Construction,Mid,High School,4056
Real Estate,Mid,Associate Degree,3997
Defense,Mid,Associate Degree,5709
Defense,Mid,Associate Degree,4601
Finance,Senior,Associate Degree,4146
Media,Entry,Bachelor's Degree,7735
Engineering,Entry,Bachelor's Degree,7134
Logistics,Entry,Associate Degree,4487
Real Estate,Entry,Associate Degree,5270
Retail,Mid,PhD,8064
Logistics,Entry,High School,4756
Government,Entry,PhD,9814
Media,Senior,High School,4210
Healthcare,Senior,Associate Degree,5239
Legal,Mid,Bachelor's Degree,7473
Manufacturing,Entry,Master's Degree,6450
Energy,Senior,Master's Degree,8633
Real Estate,Mid,Master's Degree,9289
Fishing,Entry,Bachelor's Degree,5941
Agriculture,Senior,PhD,8873
Healthcare,Mid,High School,4318
Media,Senior,Associate Degree,4996
Media,Mid,High School,4026
Construction,Senior,Master's Degree,9056
Retail,Mid,High School,4525
Defense,Senior,Master's Degree,6981
Agriculture,Entry,Associate Degree,4507
Defense,Mid,Master's Degree,8313
Mining,Mid,Associate Degree,5246
Defense,Mid,Associate Degree,4444
Logistics,Entry,Associate Degree,5509
Energy,Senior,Associate Degree,3832
Finance,Mid,Master's Degree,7498
Real Estate,Entry,Bachelor's Degree,7230
Finance,Entry,Bachelor's Degree,7992
Mining,Mid,Bachelor's Degree,6368
Education,Senior,PhD,9331
Finance,Entry,Master's Degree,7049
Forestry,Entry,Master's Degree,8863
Finance,Mid,Associate Degree,3980
Healthcare,Entry,Master's Degree,7205
Defense,Senior,Associate Degree,3818
Media,Entry,Bachelor's Degree,7044
Healthcare,Entry,Bachelor's Degree,6243
Logistics,Senior,High School,4317
Legal,Senior,PhD,10003
Logistics,Entry,High School,4363
Forestry,Senior,High School,4557
Defense,Entry,Bachelor's Degree,7453
Government,Mid,Bachelor's Degree,6699
Defense,Mid,PhD,9092
Legal,Senior,High School,3605
Mining,Entry,High School,4630
Legal,Senior,Master's Degree,6497
Construction,Mid,Master's Degree,6888
Fishing,Senior,Bachelor's Degree,6184
Agriculture,Mid,PhD,9630
Logistics,Senior,Bachelor's Degree,7832
Government,Entry,Master's Degree,9089
Engineering,Entry,Master's Degree,7067
Engineering,Entry,Associate Degree,4167
Retail,Mid,High School,4176
Education,Entry,High School,4114
Government,Mid,Associate Degree,3909
Defense,Mid,Master's Degree,8399
Manufacturing,Entry,Master's Degree,7516
Education,Mid,Bachelor's Degree,7330
Defense,Entry,Bachelor's Degree,7969
Engineering,Mid,Master's Degree,6735
Government,Mid,Associate Degree,4371
Technology,Mid,PhD,11380
Media,Entry,Associate Degree,4073
Manufacturing,Mid,PhD,9038
Agriculture,Senior,High School,4147
Construction,Entry,Bachelor's Degree,6901
Media,Entry,Bachelor's Degree,6298
Defense,Entry,Bachelor's Degree,7379
Forestry,Mid,High School,4125
Technology,Mid,High School,3300
Real Estate,Entry,Bachelor's Degree,5866
Transportation,Mid,High School,4593
Energy,Entry,Bachelor's Degree,7244
Real Estate,Entry,Associate Degree,5414
Government,Mid,Associate Degree,4367
Real Estate,Entry,PhD,7922
Media,Entry,Bachelor's Degree,5829
Government,Entry,Associate Degree,4926
Construction,Mid,Bachelor's Degree,6349
Media,Mid,PhD,8388
Fishing,Mid,Bachelor's Degree,5698
Agriculture,Mid,Bachelor's Degree,6943
Government,Senior,Master's Degree,7410
Agriculture,Entry,Bachelor's Degree,5808
Engineering,Mid,Master's Degree,7739
Agriculture,Entry,Associate Degree,5639
Construction,Mid,Associate Degree,5210
Education,Mid,Associate Degree,3873
Transportation,Mid,High School,4546
Technology,Mid,Master's Degree,9202
Transportation,Senior,Associate Degree,4926
Finance,Entry,Associate Degree,5617
Real Estate,Entry,Associate Degree,5314
Finance,Mid,Master's Degree,6408
Mining,Mid,Master's Degree,8192
Real Estate,Entry,PhD,9875
Forestry,Entry,Associate Degree,4239
Defense,Mid,Associate Degree,5120
Government,Senior,Bachelor's Degree,7147
Defense,Entry,Master's Degree,8184
Finance,Senior,Bachelor's Degree,5510
Defense,Entry,PhD,8244
Legal,Mid,Master's Degree,6689
Mining,Mid,Associate Degree,4165
Agriculture,Mid,Associate Degree,3885
Transportation,Mid,Bachelor's Degree,5592
Media,Mid,Master's Degree,9324
Manufacturing,Mid,Bachelor's Degree,6943
Real Estate,Entry,High School,4628
Energy,Entry,Bachelor's Degree,5718
Media,Mid,Associate Degree,4904
Retail,Mid,Bachelor's Degree,7177
Fishing,Senior,Bachelor's Degree,5688
Energy,Senior,Bachelor's Degree,6732
Healthcare,Entry,Master's Degree,8263
Media,Mid,Bachelor's Degree,5807
Mining,Mid,High School,3665
Retail,Mid,Associate Degree,5210
Mining,Mid,Bachelor's Degree,6221
Technology,Entry,Master's Degree,8901
Transportation,Senior,High School,3339
Forestry,Mid,Master's Degree,6894
Agriculture,Mid,Bachelor's Degree,5970
Mining,Mid,Bachelor's Degree,5632
Agriculture,Entry,Associate Degree,5357
Fishing,Mid,Bachelor's Degree,7511
Engineering,Entry,Associate Degree,4787
Manufacturing,Mid,Associate Degree,4736
Healthcare,Entry,Bachelor's Degree,7147
Government,Mid,Bachelor's Degree,5453
Government,Senior,Bachelor's Degree,7152
Government,Mid,Master's Degree,6902
Engineering,Entry,Bachelor's Degree,7089
Engineering,Mid,Associate Degree,5055
Transportation,Mid,Associate Degree,4440
Media,Senior,PhD,10286
Government,Senior,Bachelor's Degree,6494
Forestry,Senior,High School,4272
Retail,Senior,Master's Degree,6652
Manufacturing,Senior,Bachelor's Degree,5552
Retail,Mid,Associate Degree,5205
Transportation,Entry,Associate Degree,4905
Legal,Senior,Associate Degree,5061
Transportation,Entry,Bachelor's Degree,5843
Defense,Entry,Bachelor's Degree,6981
Healthcare,Senior,High School,4468
Manufacturing,Entry,Associate Degree,5502
Legal,Entry,Bachelor's Degree,5473
Defense,Entry,Master's Degree,7815
Logistics,Senior,High School,3581
Education,Mid,Master's Degree,6619
Engineering,Mid,Bachelor's Degree,7110
Media,Entry,Associate Degree,5072
Real Estate,Mid,High School,4641
Education,Entry,High School,3964
Agriculture,Senior,Bachelor's Degree,5839
Energy,Senior,High School,4504
Engineering,Mid,High School,4223
Transportation,Entry,Associate Degree,4768
Forestry,Senior,High School,3983
Fishing,Senior,Associate Degree,3967
Logistics,Mid,PhD,10966
Agriculture,Mid,High School,4269
Defense,Mid,Master's Degree,7646
Mining,Entry,Bachelor's Degree,7388
Defense,Senior,High School,4325
Energy,Senior,Associate Degree,4871
Agriculture,Entry,Associate Degree,5524
Healthcare,Mid,Associate Degree,5247
Forestry,Entry,Associate Degree,3987
Construction,Entry,Associate Degree,4467
Healthcare,Mid,High School,4548
Transportation,Mid,Master's Degree,7653
Defense,Senior,Master's Degree,8739
Mining,Senior,Associate Degree,4855
Fishing,Entry,High School,4038
Transportation,Mid,High School,3945
Legal,Entry,Associate Degree,4383
Legal,Mid,High School,4083
Fishing,Entry,Master's Degree,9032
Fishing,Mid,High School,3849
Fishing,Mid,Bachelor's Degree,5666
Mining,Entry,Master's Degree,8637
Healthcare,Mid,High School,4352
Media,Entry,Associate Degree,4779
Real Estate,Senior,Associate Degree,5664
Engineering,Entry,Master's Degree,6978
Manufacturing,Senior,Bachelor's Degree,6729
Retail,Mid,Bachelor's Degree,7700
Healthcare,Entry,Bachelor's Degree,5359
Media,Mid,Bachelor's Degree,7815
Healthcare,Entry,High School,3303
Engineering,Entry,Master's Degree,7379
Legal,Entry,Master's Degree,8798
Defense,Mid,Bachelor's Degree,7950
Government,Entry,Associate Degree,5604
Government,Entry,Associate Degree,4983
Forestry,Mid,Master's Degree,9098
Retail,Senior,Associate Degree,5665
Finance,Mid,Associate Degree,5343
Transportation,Mid,Master's Degree,9490
Transportation,Mid,Associate Degree,5702
Legal,Entry,High School,4226
Legal,Mid,Master's Degree,9456
Forestry,Entry,PhD,10215
Defense,Mid,High School,3685
Manufacturing,Mid,Bachelor's Degree,7003
Energy,Mid,Bachelor's Degree,7866
Forestry,Senior,Master's Degree,8871
Healthcare,Mid,High School,3253
Real Estate,Entry,Associate Degree,5435
Construction,Entry,High School,4772
Technology,Senior,Associate Degree,4410
Education,Entry,Associate Degree,5310
Fishing,Entry,Associate Degree,4059
Government,Mid,Associate Degree,5291
Engineering,Entry,Bachelor's Degree,7520
Defense,Mid,Bachelor's Degree,5613
Forestry,Entry,Associate Degree,5567
Technology,Entry,Master's Degree,8706
Energy,Senior,Bachelor's Degree,6462
Agriculture,Mid,Master's Degree,6453
Fishing,Entry,Bachelor's Degree,6421
Fishing,Entry,Bachelor's Degree,7902
Media,Entry,Associate Degree,5219
Healthcare,Mid,Associate Degree,3836
Transportation,Mid,Master's Degree,7987
Government,Entry,Master's Degree,8088
Defense,Mid,Master's Degree,8912
Government,Mid,Bachelor's Degree,7388
Forestry,Senior,High School,3887
Defense,Entry,Master's Degree,7967
Government,Entry,Associate Degree,4461
Construction,Senior,High School,3866
Logistics,Senior,Bachelor's Degree,6225
Logistics,Entry,PhD,9123
Manufacturing,Entry,Associate Degree,5217
Manufacturing,Entry,Master's Degree,8043
Legal,Senior,Associate Degree,5391
Healthcare,Mid,Associate Degree,4485
Fishing,Mid,High School,3384
Fishing,Senior,High School,3268
Forestry,Entry,High School,3407
Manufacturing,Entry,PhD,11542
Healthcare,Entry,Master's Degree,7774
Finance,Entry,Associate Degree,4169
Retail,Entry,Master's Degree,9470
Defense,Entry,Master's Degree,6557
Government,Entry,Bachelor's Degree,5772
Construction,Entry,High School,4386
Real Estate,Mid,Associate Degree,4146
Engineering,Entry,Master's Degree,6690
Real Estate,Entry,Associate Degree,4878
Engineering,Mid,Master's Degree,6941
Education,Entry,Bachelor's Degree,5443
Energy,Entry,Associate Degree,4902
Media,Mid,Associate Degree,4598
Defense,Mid,Master's Degree,9237
Real Estate,Entry,Bachelor's Degree,6717
Fishing,Entry,Master's Degree,6726
Engineering,Entry,Bachelor's Degree,6232
Agriculture,Entry,Associate Degree,4366
Real Estate,Entry,Bachelor's Degree,6774
Media,Mid,Master's Degree,7441
Finance,Entry,Bachelor's Degree,6798
Legal,Entry,High School,4041
Fishing,Mid,Master's Degree,9328
Retail,Entry,Associate Degree,4133
Media,Entry,Associate Degree,4438
Finance,Senior,Bachelor's Degree,8002
Forestry,Senior,Bachelor's Degree,5848
Manufacturing,Mid,PhD,11658
Agriculture,Mid,Bachelor's Degree,6777
Media,Entry,High School,3601
Government,Mid,Associate Degree,4203
Construction,Senior,Bachelor's Degree,5364
Legal,Senior,Bachelor's Degree,6237
Mining,Entry,Associate Degree,5461
Mining,Entry,High School,4582
Forestry,Mid,Associate Degree,5029
Logistics,Mid,Bachelor's Degree,5671
Technology,Entry,High School,4454
Media,Entry,Associate Degree,3961
Energy,Entry,Associate Degree,4954
Mining,Mid,Bachelor's Degree,5509
Legal,Mid,High School,4027
Fishing,Mid,High School,3571
Real Estate,Entry,PhD,9169
Finance,Senior,High School,3234
Defense,Entry,Bachelor's Degree,7559
Education,Mid,Master's Degree,6930
Government,Entry,High School,4070
Energy,Entry,Master's Degree,9073
Manufacturing,Mid,Bachelor's Degree,6571
Engineering,Entry,Bachelor's Degree,6393
Defense,Senior,Bachelor's Degree,6184
Logistics,Mid,PhD,9450
Retail,Entry,Associate Degree,5693
Forestry,Mid,PhD,8882
Fishing,Mid,High School,3376
Mining,Entry,Master's Degree,8349
Forestry,Entry,Bachelor's Degree,7877
Transportation,Entry,Associate Degree,4174
Agriculture,Entry,Master's Degree,7533
Manufacturing,Entry,Bachelor's Degree,7118
Fishing,Senior,Master's Degree,8878
Forestry,Senior,Bachelor's Degree,6419
Media,Mid,Bachelor's Degree,7703
Technology,Entry,Bachelor's Degree,7744
Agriculture,Mid,Associate Degree,4709
Energy,Entry,Bachelor's Degree,6203
Engineering,Mid,Bachelor's Degree,7970
Engineering,Entry,Associate Degree,4848
Manufacturing,Senior,Associate Degree,5101
Fishing,Entry,Master's Degree,9310
Government,Entry,Associate Degree,5313
Finance,Mid,Associate Degree,4101
Forestry,Entry,Master's Degree,6506
Engineering,Entry,Master's Degree,8641
Manufacturing,Entry,Associate Degree,3957
Forestry,Entry,Master's Degree,8619
Retail,Mid,Master's Degree,9359
Legal,Entry,Bachelor's Degree,6835
Real Estate,Senior,Bachelor's Degree,5794
Engineering,Mid,Master's Degree,6609
Logistics,Senior,Bachelor's Degree,6847
Logistics,Entry,Bachelor's Degree,6555
Legal,Entry,Bachelor's Degree,7036
Transportation,Senior,Associate Degree,5330
Transportation,Mid,Master's Degree,8440
Education,Entry,Associate Degree,4748
Finance,Senior,Master's Degree,6432
Healthcare,Entry,Bachelor's Degree,7216
Government,Entry,Bachelor's Degree,5895
Energy,Mid,Associate Degree,5413
Forestry,Entry,High School,3627
Fishing,Entry,Bachelor's Degree,7411
Engineering,Mid,Associate Degree,5261
Legal,Entry,Associate Degree,3811
Transportation,Senior,High School,3904
Forestry,Entry,Master's Degree,7221
Healthcare,Entry,Master's Degree,6556
Defense,Mid,High School,3804
Forestry,Mid,Associate Degree,4625
Logistics,Senior,High School,3450
Healthcare,Entry,Bachelor's Degree,6688
Construction,Entry,High School,3834
Media,Senior,Master's Degree,7801
Energy,Entry,High School,4075
Healthcare,Entry,Associate Degree,5222
Mining,Entry,Master's Degree,9062
Real Estate,Entry,Associate Degree,5172
Agriculture,Senior,Master's Degree,7262
Media,Entry,Bachelor's Degree,6001
Education,Entry,Associate Degree,4223
Legal,Mid,Master's Degree,7312
Defense,Entry,High School,4743
Finance,Senior,Master's Degree,8275
Retail,Entry,Master's Degree,7845
Finance,Entry,Associate Degree,5505
Real Estate,Entry,High School,4521
Retail,Entry,Master's Degree,7766
Engineering,Entry,Bachelor's Degree,6136
Real Estate,Entry,Master's Degree,9033
Legal,Entry,Master's Degree,8500
Forestry,Mid,Bachelor's Degree,7710
Logistics,Mid,Associate Degree,5184
Technology,Mid,Bachelor's Degree,5770
Technology,Entry,High School,3966
Energy,Entry,High School,4543
Technology,Mid,High School,4687
Transportation,Entry,Bachelor's Degree,6364
Finance,Entry,Master's Degree,7984
Manufacturing,Mid,Associate Degree,4801
Manufacturing,Entry,Associate Degree,5179
Legal,Entry,High School,3509
Engineering,Mid,Associate Degree,4644
Technology,Entry,PhD,8097
Defense,Senior,High School,4496
Finance,Entry,Bachelor's Degree,5693
Media,Mid,Bachelor's Degree,6319
Retail,Senior,Associate Degree,4038
Legal,Mid,High School,3278
Energy,Mid,Bachelor's Degree,6531
Government,Senior,Master's Degree,8992
Defense,Senior,Associate Degree,4580
Agriculture,Senior,Associate Degree,5357
Education,Entry,Bachelor's Degree,5951
Forestry,Entry,High School,4265
Finance,Entry,Bachelor's Degree,5837
Retail,Mid,Associate Degree,5670
Real Estate,Mid,Bachelor's Degree,6419
Education,Mid,Master's Degree,8134
Technology,Mid,PhD,8782
Defense,Entry,Bachelor's Degree,7586
Logistics,Senior,Bachelor's Degree,7077
Healthcare,Mid,Associate Degree,3914
Government,Mid,Bachelor's Degree,5613
Real Estate,Mid,Bachelor's Degree,5497
Engineering,Mid,Master's Degree,6933
Finance,Entry,Master's Degree,9495
Manufacturing,Senior,Associate Degree,5184
Legal,Senior,Bachelor's Degree,7396
Retail,Entry,High School,3820
Education,Mid,Associate Degree,3810
Government,Mid,Master's Degree,7056
Engineering,Entry,Associate Degree,3964
Technology,Entry,Master's Degree,9547
Real Estate,Entry,Associate Degree,4241
Mining,Entry,Master's Degree,7471
Legal,Senior,Bachelor's Degree,7925
Legal,Entry,Bachelor's Degree,5721
Engineering,Entry,Master's Degree,9192
Healthcare,Entry,High School,4515
Logistics,Mid,Master's Degree,8340
Education,Entry,Associate Degree,5261
Education,Mid,Bachelor's Degree,7864
Legal,Mid,High School,3454
Healthcare,Senior,Associate Degree,4056
Fishing,Entry,Associate Degree,4405
Healthcare,Mid,Bachelor's Degree,7062
Fishing,Senior,Master's Degree,7932
Engineering,Entry,Bachelor's Degree,6147
Legal,Mid,Associate Degree,4145
Logistics,Mid,Master's Degree,7198
Real Estate,Mid,High School,3533
Retail,Entry,Bachelor's Degree,5759
Logistics,Mid,Master's Degree,6973
Legal,Senior,Bachelor's Degree,7730
Construction,Entry,Bachelor's Degree,7176
Defense,Mid,Associate Degree,4118
Agriculture,Mid,Associate Degree,5497
Logistics,Mid,Master's Degree,7252
Construction,Mid,Master's Degree,7692
Energy,Entry,Bachelor's Degree,6992
Defense,Mid,Master's Degree,7173
Government,Mid,High School,4742
Legal,Mid,Master's Degree,7754
Fishing,Mid,Associate Degree,4092
Energy,Entry,Master's Degree,7842
Mining,Entry,Associate Degree,4328
Government,Senior,Master's Degree,7665
Government,Mid,PhD,9197
Construction,Mid,Associate Degree,5394
Retail,Mid,Associate Degree,4687
Agriculture,Mid,Master's Degree,6595
Technology,Mid,Bachelor's Degree,5739
Mining,Senior,Associate Degree,3813
Legal,Mid,Associate Degree,4898
Forestry,Mid,High School,3771
Logistics,Entry,Bachelor's Degree,6054
Media,Mid,Bachelor's Degree,7517
Transportation,Mid,Bachelor's Degree,6304
Legal,Mid,Bachelor's Degree,7877
Healthcare,Senior,Bachelor's Degree,5788
Defense,Senior,High School,4300
Agriculture,Mid,Bachelor's Degree,6336
Legal,Entry,Bachelor's Degree,6504
Healthcare,Mid,Master's Degree,7863
Engineering,Senior,Associate Degree,4311
Energy,Mid,Bachelor's Degree,7631
Retail,Mid,Associate Degree,4567
Legal,Senior,High School,4462
Energy,Entry,Master's Degree,8245
Education,Mid,High School,3431
Finance,Mid,Associate Degree,4971
Engineering,Senior,Bachelor's Degree,6958
Media,Entry,High School,3859
Defense,Mid,Associate Degree,3888
Forestry,Senior,Master's Degree,9110
Media,Mid,Master's Degree,8389
Healthcare,Entry,Master's Degree,8224
Education,Mid,Master's Degree,6671
Agriculture,Entry,Associate Degree,4197
Education,Mid,Master's Degree,7653
Defense,Mid,Bachelor's Degree,7836
Construction,Mid,Associate Degree,4337
Legal,Entry,Associate Degree,4051
Energy,Mid,Master's Degree,9416
Healthcare,Entry,Bachelor's Degree,7844
Logistics,Mid,Associate Degree,4746
Real Estate,Entry,High School,3776
Construction,Entry,PhD,9050
Energy,Mid,Associate Degree,4867
Real Estate,Entry,PhD,8156
Forestry,Entry,Bachelor's Degree,6041
Energy,Mid,Master's Degree,9142
Forestry,Mid,Master's Degree,7785
Finance,Entry,High School,4770
Forestry,Mid,Associate Degree,5447
Healthcare,Senior,High School,3791
Mining,Senior,Associate Degree,4492
Engineering,Mid,High School,4176
Forestry,Mid,High School,4692
Education,Mid,Associate Degree,4310
Manufacturing,Mid,Associate Degree,4057
Forestry,Mid,PhD,9252
Defense,Entry,High School,3949
Healthcare,Mid,High School,4332
Agriculture,Entry,Associate Degree,4557
Defense,Entry,Master's Degree,7771
Manufacturing,Entry,Associate Degree,4457
Forestry,Entry,Master's Degree,6878
Transportation,Entry,PhD,10633
Construction,Mid,Bachelor's Degree,5722
Fishing,Senior,Associate Degree,5117
Media,Senior,Master's Degree,7832
Energy,Mid,Master's Degree,8138
Government,Mid,High School,4808
Logistics,Entry,High School,4349
Transportation,Mid,Associate Degree,4566
Media,Mid,Associate Degree,4088
Legal,Senior,Master's Degree,8428
Mining,Mid,High School,3567
Education,Senior,Master's Degree,8260
Government,Mid,Bachelor's Degree,6931
Healthcare,Entry,High School,4601
Finance,Senior,Bachelor's Degree,7380
Government,Entry,Bachelor's Degree,7681
Technology,Senior,Master's Degree,6588
Manufacturing,Mid,High School,3312
Agriculture,Mid,Bachelor's Degree,6205
Real Estate,Mid,Bachelor's Degree,7144
Real Estate,Mid,Associate Degree,4352
Finance,Entry,Bachelor's Degree,7658
Forestry,Mid,Associate Degree,5593
Engineering,Entry,Associate Degree,5109
Real Estate,Senior,Associate Degree,4972
Construction,Entry,High School,3860
Defense,Mid,Bachelor's Degree,5752
Media,Mid,Associate Degree,4771
Energy,Entry,PhD,11837
Engineering,Entry,High School,3736
Technology,Entry,Master's Degree,8357
Transportation,Mid,High School,3294
Engineering,Mid,Associate Degree,5178
Legal,Entry,High School,3630
Retail,Entry,High School,4345
Mining,Mid,Bachelor's Degree,6433
Technology,Mid,Bachelor's Degree,6513
Mining,Mid,Associate Degree,4901
Real Estate,Entry,Master's Degree,6489
Manufacturing,Mid,Master's Degree,9257
Government,Mid,Master's Degree,7463
Retail,Entry,Bachelor's Degree,6893
Healthcare,Mid,Master's Degree,7612
Engineering,Senior,High School,3498
Mining,Mid,Master's Degree,7681
Real Estate,Mid,Associate Degree,4870
Media,Mid,High School,4121
Logistics,Mid,Master's Degree,7963
Education,Entry,Bachelor's Degree,7418
Construction,Senior,Bachelor's Degree,8015
Agriculture,Mid,Master's Degree,6970
Engineering,Mid,Bachelor's Degree,5358
Logistics,Entry,Associate Degree,3830
Defense,Entry,Master's Degree,6648
Media,Mid,Master's Degree,7841
Retail,Entry,Bachelor's Degree,6284
Agriculture,Entry,Associate Degree,5044
Technology,Entry,Master's Degree,9152
Defense,Mid,High School,4436
Media,Senior,Bachelor's Degree,7558
Retail,Senior,Associate Degree,4444
Retail,Entry,Bachelor's Degree,6536
Mining,Entry,Bachelor's Degree,5735
Media,Mid,Master's Degree,9213
Retail,Senior,Associate Degree,4924
Real Estate,Mid,Associate Degree,4558
Engineering,Entry,Associate Degree,5594
Real Estate,Entry,Associate Degree,5116
Technology,Entry,Bachelor's Degree,6273
Legal,Senior,Associate Degree,4886
Manufacturing,Entry,Master's Degree,9330
Fishing,Mid,Bachelor's Degree,5942
Healthcare,Senior,Bachelor's Degree,7745
Fishing,Senior,Bachelor's Degree,6339
Real Estate,Entry,Master's Degree,6579
Healthcare,Senior,Master's Degree,8008
Engineering,Senior,Associate Degree,4622
Defense,Entry,Master's Degree,8781
Manufacturing,Entry,Bachelor's Degree,5458
Fishing,Mid,Associate Degree,3867
Real Estate,Mid,High School,4187
Manufacturing,Entry,Bachelor's Degree,5784
Government,Senior,High School,4062
Transportation,Mid,Master's Degree,8119
Transportation,Entry,High School,3800
Real Estate,Mid,Master's Degree,8679
Forestry,Senior,Associate Degree,4154
Finance,Mid,Master's Degree,8700
Engineering,Mid,Bachelor's Degree,7578
Media,Mid,Associate Degree,4622
Transportation,Mid,Bachelor's Degree,7392
Construction,Entry,Associate Degree,4339
Mining,Entry,High School,3494
Transportation,Mid,Bachelor's Degree,7651
Construction,Entry,Bachelor's Degree,6112
Mining,Mid,Associate Degree,5237
Manufacturing,Entry,High School,4787
Energy,Entry,Master's Degree,7965
Finance,Mid,Associate Degree,4483
Energy,Entry,High School,4744
Agriculture,Mid,Master's Degree,7248
Manufacturing,Entry,Bachelor's Degree,5355
Government,Mid,Bachelor's Degree,7716
Technology,Mid,Bachelor's Degree,7136
Transportation,Mid,Master's Degree,8132
Government,Senior,Bachelor's Degree,7644
Education,Mid,Associate Degree,3919
Media,Senior,Master's Degree,7373
Agriculture,Entry,Associate Degree,4723
Legal,Mid,Associate Degree,4947
Legal,Mid,Associate Degree,4843
Finance,Senior,High School,4060
Real Estate,Senior,Bachelor's Degree,6619
Fishing,Mid,Associate Degree,4466
Engineering,Mid,Associate Degree,4322
Logistics,Mid,Master's Degree,6615
Forestry,Entry,High School,3667
Retail,Entry,Master's Degree,7472
Manufacturing,Mid,Bachelor's Degree,5985
Education,Mid,High School,3822
Logistics,Entry,Bachelor's Degree,7381
Education,Entry,Bachelor's Degree,7161
Forestry,Entry,High School,4395
Real Estate,Senior,Bachelor's Degree,7270
Media,Mid,PhD,8199
Education,Entry,Bachelor's Degree,6948
Education,Entry,Bachelor's Degree,5831
Manufacturing,Entry,Associate Degree,4227
Logistics,Entry,High School,3526
Defense,Entry,Bachelor's Degree,6717
Forestry,Entry,High School,4407
Energy,Entry,High School,3377
Fishing,Mid,High School,3930
Government,Mid,Bachelor's Degree,6602
Finance,Senior,Master's Degree,9128
Real Estate,Entry,Associate Degree,4318
Engineering,Mid,PhD,9229
Finance,Entry,Master's Degree,6739
Mining,Mid,High School,4092
Manufacturing,Mid,Associate Degree,5096
Legal,Senior,Master's Degree,7484
Retail,Entry,Master's Degree,8898
Mining,Entry,Associate Degree,4590
Fishing,Senior,Master's Degree,9113
Logistics,Mid,Master's Degree,8777
Construction,Senior,Associate Degree,5008
Forestry,Entry,Associate Degree,5261
Agriculture,Entry,High School,4550
Technology,Mid,High School,4451
Media,Mid,High School,4641
Fishing,Entry,Associate Degree,3963
Manufacturing,Senior,Bachelor's Degree,8008
Technology,Senior,Bachelor's Degree,5878
Real Estate,Mid,Associate Degree,5609
Forestry,Mid,Associate Degree,5627
Retail,Mid,Associate Degree,5075
Education,Senior,High School,3289
Transportation,Entry,Associate Degree,4139
Finance,Mid,High School,3398
Logistics,Mid,Master's Degree,7280
Logistics,Mid,Master's Degree,8926
Real Estate,Senior,Bachelor's Degree,6295
Finance,Senior,Bachelor's Degree,7977
Defense,Mid,Bachelor's Degree,6319
Government,Senior,High School,3356
Healthcare,Entry,Associate Degree,5084
Media,Entry,Bachelor's Degree,5985
Defense,Mid,High School,4273
Healthcare,Entry,Associate Degree,4351
Media,Entry,Associate Degree,4438
Mining,Mid,Bachelor's Degree,6256
Education,Entry,PhD,8515
Legal,Mid,Associate Degree,3831
Defense,Entry,Associate Degree,3922
Legal,Entry,PhD,8493
Real Estate,Mid,Associate Degree,5692
Retail,Entry,Master's Degree,8048
Real Estate,Mid,High School,4184
Agriculture,Entry,Bachelor's Degree,6939
Transportation,Entry,Bachelor's Degree,5774
Forestry,Entry,Master's Degree,9478
Government,Entry,High School,3375
Government,Mid,High School,4759
Forestry,Mid,Bachelor's Degree,6290
Technology,Mid,Associate Degree,3820
Energy,Entry,Bachelor's Degree,7344
Agriculture,Entry,Bachelor's Degree,6559
Transportation,Senior,High School,4716
Legal,Senior,Associate Degree,4749
Logistics,Senior,Master's Degree,6788
Engineering,Mid,High School,4505
Defense,Senior,Master's Degree,7824
Finance,Senior,Bachelor's Degree,7184
Technology,Entry,High School,3723
Agriculture,Mid,Associate Degree,5202
Agriculture,Entry,Bachelor's Degree,5717
Engineering,Entry,Bachelor's Degree,7042
Healthcare,Senior,Associate Degree,5670
Agriculture,Entry,High School,4682
Agriculture,Senior,Associate Degree,4424
Mining,Entry,Bachelor's Degree,7421
Logistics,Senior,Master's Degree,6702
Finance,Senior,Bachelor's Degree,6377
Education,Mid,High School,3334
Government,Entry,Bachelor's Degree,6465
Energy,Entry,Master's Degree,8798
Manufacturing,Mid,Bachelor's Degree,5779
Transportation,Senior,Associate Degree,3873
Finance,Entry,Bachelor's Degree,5999
Energy,Senior,Bachelor's Degree,5535
Manufacturing,Entry,High School,4068
Legal,Entry,Master's Degree,6691
Forestry,Senior,Master's Degree,7639
Technology,Entry,PhD,8632
Logistics,Entry,Associate Degree,5535
Manufacturing,Senior,Master's Degree,8234
Healthcare,Senior,Bachelor's Degree,5377
Construction,Entry,Associate Degree,4300
Mining,Mid,High School,4439
Fishing,Entry,PhD,8450
Legal,Mid,Bachelor's Degree,7397
Transportation,Mid,Master's Degree,7504
Construction,Entry,High School,4501
Government,Senior,Bachelor's Degree,7654
Education,Senior,Associate Degree,5665
Forestry,Senior,Master's Degree,9011
Engineering,Mid,Associate Degree,3867
Engineering,Mid,Bachelor's Degree,7666
Energy,Entry,Bachelor's Degree,5845
Forestry,Senior,High School,4267
Transportation,Senior,Associate Degree,4797
Manufacturing,Mid,Master's Degree,7603
Legal,Mid,High School,4790
Fishing,Mid,Master's Degree,9233
Education,Entry,Master's Degree,7937
Engineering,Entry,Master's Degree,7146
Legal,Entry,Master's Degree,7879
Agriculture,Mid,Master's Degree,6812
Technology,Entry,Bachelor's Degree,6991
Engineering,Entry,Associate Degree,5379
Defense,Senior,High School,3524
Fishing,Mid,Associate Degree,4537
Agriculture,Senior,Associate Degree,4220
Real Estate,Mid,High School,3842
Retail,Mid,Bachelor's Degree,5948
Construction,Senior,Associate Degree,5525
Logistics,Entry,Associate Degree,4391
Retail,Mid,Master's Degree,8646
Forestry,Entry,Master's Degree,8270
Healthcare,Mid,Bachelor's Degree,7737
Technology,Entry,Associate Degree,5451
Finance,Entry,Associate Degree,4913
Real Estate,Senior,Master's Degree,6496
Retail,Mid,High School,4520
Manufacturing,Mid,High School,4624
Agriculture,Senior,Bachelor's Degree,7306
Technology,Entry,Master's Degree,6652
Government,Mid,Associate Degree,5192
Transportation,Senior,Bachelor's Degree,6719
Construction,Entry,Associate Degree,3869
Transportation,Mid,Master's Degree,7696
Transportation,Mid,Master's Degree,7437
Manufacturing,Mid,High School,3878
Construction,Entry,Associate Degree,4663
Fishing,Entry,High School,4679
Fishing,Mid,Master's Degree,9545
Construction,Mid,High School,4627
Defense,Senior,PhD,10745
Energy,Senior,High School,3752
Media,Entry,Bachelor's Degree,7129
Education,Senior,Bachelor's Degree,8024
Defense,Entry,Master's Degree,7534
Technology,Entry,High School,3507
Logistics,Mid,Bachelor's Degree,5468
Engineering,Mid,Bachelor's Degree,5395
Manufacturing,Senior,Associate Degree,4088
Fishing,Mid,High School,4314
Manufacturing,Senior,Bachelor's Degree,7161
Technology,Senior,Master's Degree,6485
Mining,Mid,Bachelor's Degree,7376
Logistics,Mid,High School,3602
Government,Senior,Master's Degree,9069
Forestry,Mid,High School,3788
Finance,Mid,Associate Degree,5475
Media,Mid,Associate Degree,5601
Transportation,Mid,Associate Degree,4019
Mining,Mid,Associate Degree,5044
Agriculture,Mid,Master's Degree,9512
Finance,Entry,High School,3869
Forestry,Mid,Master's Degree,8031
Logistics,Entry,Associate Degree,3968
Logistics,Entry,Bachelor's Degree,6256
Legal,Entry,Master's Degree,8575
Transportation,Entry,High School,4832
Logistics,Mid,Bachelor's Degree,6691
Transportation,Mid,High School,4781
Technology,Senior,High School,4124
Legal,Entry,Bachelor's Degree,5629
Logistics,Entry,Bachelor's Degree,7052
Agriculture,Mid,Associate Degree,4529
Real Estate,Mid,Associate Degree,5011
Engineering,Entry,Master's Degree,7177
Legal,Mid,High School,4819
Education,Mid,Master's Degree,7139
Technology,Entry,PhD,10324
Transportation,Entry,Bachelor's Degree,6480
Mining,Entry,Bachelor's Degree,5753
Retail,Mid,Bachelor's Degree,7311
Education,Entry,PhD,11394
Finance,Mid,High School,4275
Healthcare,Mid,High School,3992
Healthcare,Entry,Bachelor's Degree,6360
Finance,Senior,Bachelor's Degree,6146
Transportation,Entry,Associate Degree,4605
Government,Entry,Associate Degree,4434
Construction,Mid,Master's Degree,7859
Agriculture,Entry,High School,3299
Defense,Entry,High School,3453
Finance,Mid,PhD,9821
Construction,Mid,Associate Degree,3968
Forestry,Entry,Master's Degree,9360
Retail,Entry,High School,3236
Healthcare,Entry,Master's Degree,8808
Defense,Mid,Bachelor's Degree,5444
Construction,Mid,Bachelor's Degree,5491
Fishing,Entry,Bachelor's Degree,6973
Real Estate,Mid,Master's Degree,8192
Construction,Mid,Associate Degree,5034
Construction,Senior,Bachelor's Degree,6838
Healthcare,Mid,Master's Degree,7450
Real Estate,Mid,Bachelor's Degree,6835
Manufacturing,Mid,High School,3370
Construction,Entry,Associate Degree,4588
Manufacturing,Mid,High School,4835
Education,Entry,Associate Degree,4163
Agriculture,Mid,High School,4128
Logistics,Mid,Master's Degree,8968
Transportation,Entry,High School,3705
Mining,Mid,Bachelor's Degree,7566
Mining,Entry,Associate Degree,4831
Education,Entry,Bachelor's Degree,5514
Manufacturing,Entry,PhD,10460
Transportation,Mid,Bachelor's Degree,6252
Healthcare,Entry,Bachelor's Degree,5424
Agriculture,Mid,Bachelor's Degree,7924
Agriculture,Senior,Master's Degree,7115
Logistics,Entry,High School,4185
Logistics,Mid,Bachelor's Degree,6935
Real Estate,Senior,Bachelor's Degree,6960
Education,Entry,PhD,10071
Legal,Mid,PhD,8431
Engineering,Mid,PhD,9056
Mining,Mid,High School,3739
Forestry,Mid,Associate Degree,5190
Engineering,Entry,High School,4632
Fishing,Mid,Associate Degree,4401
Education,Mid,Master's Degree,7620
Legal,Senior,Master's Degree,8386
Retail,Entry,High School,4544
Manufacturing,Entry,Master's Degree,8855
Energy,Mid,Bachelor's Degree,5633
Healthcare,Entry,High School,3579
Engineering,Entry,Associate Degree,5489
Education,Mid,High School,4443
Real Estate,Mid,Master's Degree,8556
Transportation,Entry,Bachelor's Degree,7090
Fishing,Senior,Associate Degree,4819
Media,Mid,Bachelor's Degree,6035
Engineering,Senior,High School,3816
Forestry,Mid,Master's Degree,7578
Finance,Entry,Master's Degree,7514
Manufacturing,Mid,High School,4651
Fishing,Mid,Bachelor's Degree,7456
Engineering,Entry,PhD,11311
Healthcare,Entry,Bachelor's Degree,6932
Transportation,Mid,PhD,10095
Education,Mid,Bachelor's Degree,6280
Forestry,Senior,Bachelor's Degree,5428
Government,Entry,Bachelor's Degree,7516
Construction,Mid,Bachelor's Degree,6167
Real Estate,Mid,Associate Degree,5250
Logistics,Mid,Bachelor's Degree,7109
Agriculture,Mid,Bachelor's Degree,5405
Defense,Entry,Bachelor's Degree,6980
Healthcare,Mid,Associate Degree,4544
Agriculture,Entry,Associate Degree,5118
Legal,Mid,Master's Degree,7549
Construction,Senior,Bachelor's Degree,5484
Fishing,Senior,High School,4447
Real Estate,Senior,Bachelor's Degree,7259
Logistics,Entry,Associate Degree,4139
Government,Senior,High School,4322
Education,Entry,High School,4789
Finance,Entry,Bachelor's Degree,6410
Energy,Entry,Bachelor's Degree,7356
Agriculture,Senior,Bachelor's Degree,5715
Media,Mid,Bachelor's Degree,5986
Engineering,Entry,High School,4478
Logistics,Mid,Master's Degree,8727
Energy,Senior,Master's Degree,8619
Logistics,Senior,Associate Degree,5182
Media,Entry,High School,4523
Construction,Senior,Master's Degree,8786
Legal,Senior,Bachelor's Degree,6325
Government,Entry,Bachelor's Degree,6046
Defense,Mid,Bachelor's Degree,6849
Real Estate,Mid,Bachelor's Degree,5882
Engineering,Mid,Bachelor's Degree,7607
Retail,Senior,Master's Degree,6526
Mining,Mid,Master's Degree,6830
Real Estate,Entry,High School,4176
Engineering,Entry,High School,4702
Forestry,Entry,Bachelor's Degree,6596
Mining,Mid,Bachelor's Degree,7370
Technology,Entry,Bachelor's Degree,5882
Real Estate,Mid,Associate Degree,5297
Energy,Entry,Associate Degree,4432
Healthcare,Senior,Associate Degree,5204
Finance,Entry,Bachelor's Degree,5358
Agriculture,Entry,Associate Degree,4908
Technology,Senior,Associate Degree,4223
Real Estate,Entry,Bachelor's Degree,7342
Transportation,Mid,Master's Degree,8468
Education,Entry,Master's Degree,7083
Energy,Entry,Master's Degree,8038
Fishing,Mid,Bachelor's Degree,6017
Mining,Senior,Master's Degree,8508
Media,Entry,Associate Degree,5040
Energy,Mid,Associate Degree,3833
Agriculture,Entry,Master's Degree,8523
Healthcare,Entry,Associate Degree,5606
Defense,Senior,Bachelor's Degree,6362
Defense,Mid,High School,3995
Mining,Mid,High School,4753
Mining,Entry,Associate Degree,4574
Fishing,Entry,Bachelor's Degree,5857
Finance,Entry,Bachelor's Degree,6745
Healthcare,Senior,Bachelor's Degree,6517
Education,Mid,Master's Degree,7475
Manufacturing,Entry,Master's Degree,8421
Defense,Entry,Master's Degree,8665
Engineering,Mid,Bachelor's Degree,6103
Logistics,Mid,Associate Degree,4136
Forestry,Mid,Master's Degree,9250
Legal,Mid,Associate Degree,3837
Manufacturing,Mid,Bachelor's Degree,6977
Engineering,Senior,High School,3509
Retail,Mid,Bachelor's Degree,5893
Engineering,Mid,Associate Degree,4854
Agriculture,Mid,Bachelor's Degree,6503
Real Estate,Mid,Bachelor's Degree,6842
Construction,Mid,Associate Degree,3865
Healthcare,Senior,Master's Degree,7356
Engineering,Mid,Bachelor's Degree,6903
Education,Senior,Bachelor's Degree,7151
Technology,Senior,Associate Degree,4557
Energy,Entry,Associate Degree,5569
Defense,Entry,High School,4187
Healthcare,Senior,High School,4182
Construction,Mid,High School,3799
Mining,Mid,Bachelor's Degree,5886
Manufacturing,Senior,High School,3329
Agriculture,Entry,Associate Degree,4512
Government,Mid,Bachelor's Degree,7919
Media,Entry,Associate Degree,5264
Government,Mid,Associate Degree,5210
Engineering,Mid,High School,3672
Mining,Mid,Master's Degree,8547
Government,Mid,Bachelor's Degree,5680
Logistics,Mid,PhD,10829
Mining,Entry,Bachelor's Degree,6386
Manufacturing,Mid,Associate Degree,4584
Retail,Senior,Bachelor's Degree,6225
Manufacturing,Entry,Bachelor's Degree,6859
Transportation,Mid,Associate Degree,4996
Real Estate,Entry,Master's Degree,6766
Healthcare,Mid,Master's Degree,6641
Construction,Senior,Associate Degree,4694
Finance,Mid,High School,4599
Forestry,Mid,Bachelor's Degree,7353
Energy,Senior,Master's Degree,7627
Technology,Entry,Bachelor's Degree,6100
Defense,Mid,Master's Degree,9453
Technology,Mid,High School,4262
Defense,Mid,Bachelor's Degree,6434
Energy,Entry,Associate Degree,5073
Finance,Mid,Associate Degree,4038
Manufacturing,Entry,Associate Degree,4966
Education,Senior,Master's Degree,8368
Healthcare,Entry,Associate Degree,5468
Legal,Senior,Associate Degree,3920
Real Estate,Mid,Bachelor's Degree,5790
Real Estate,Senior,Master's Degree,8158
Logistics,Entry,Bachelor's Degree,6270
Finance,Senior,High School,3608
Finance,Mid,High School,3460
Fishing,Mid,Bachelor's Degree,6687
Media,Entry,High School,3337
Defense,Entry,Associate Degree,4066
Legal,Entry,Associate Degree,4153
Manufacturing,Entry,Bachelor's Degree,5655
Agriculture,Senior,Master's Degree,8900
Education,Senior,High School,4679
Real Estate,Entry,Bachelor's Degree,7463
Logistics,Entry,High School,4206
Education,Mid,Associate Degree,4204
Manufacturing,Entry,Master's Degree,6989
Retail,Mid,Master's Degree,7495
Logistics,Entry,Bachelor's Degree,7489
Fishing,Mid,PhD,8850
Healthcare,Senior,Associate Degree,5073
Finance,Senior,Master's Degree,9235
Government,Entry,PhD,9968
Government,Entry,Bachelor's Degree,7001
Retail,Mid,High School,4548
Mining,Mid,Bachelor's Degree,6564
Real Estate,Senior,High School,4160
Retail,Mid,Bachelor's Degree,7267
Defense,Entry,Associate Degree,4418
Engineering,Mid,High School,4679
Government,Mid,Associate Degree,4761
Real Estate,Entry,High School,3851
Transportation,Entry,Associate Degree,4843
Forestry,Senior,Bachelor's Degree,5866
Healthcare,Mid,Bachelor's Degree,7994
Agriculture,Entry,Master's Degree,6706
Government,Senior,Bachelor's Degree,6129
Manufacturing,Mid,High School,4694
Energy,Entry,Associate Degree,4209
Logistics,Mid,Master's Degree,8611
Finance,Entry,Bachelor's Degree,6817
Forestry,Entry,High School,3638
Agriculture,Entry,High School,3362
Retail,Mid,Master's Degree,7558
Technology,Mid,Associate Degree,4386
Energy,Mid,Bachelor's Degree,6453
Real Estate,Senior,Bachelor's Degree,6086
Defense,Entry,Associate Degree,5095
Legal,Mid,High School,3349
Legal,Entry,Associate Degree,4509
Agriculture,Entry,Associate Degree,4549
Retail,Senior,Master's Degree,7854
Agriculture,Mid,High School,4414
Defense,Entry,Bachelor's Degree,7924
Technology,Entry,PhD,9679
Energy,Entry,Bachelor's Degree,7984
Legal,Entry,Bachelor's Degree,6630
Agriculture,Mid,Master's Degree,7589
Energy,Entry,High School,4623
Education,Mid,Associate Degree,4525
Defense,Mid,Associate Degree,5101
Energy,Mid,Associate Degree,4231
Fishing,Senior,Associate Degree,5689
Fishing,Mid,Bachelor's Degree,6270
Finance,Mid,High School,4764
Education,Senior,Bachelor's Degree,6472
Media,Entry,Bachelor's Degree,7661
Agriculture,Entry,Associate Degree,4016
Forestry,Senior,Master's Degree,6965
Energy,Mid,Associate Degree,5139
Education,Senior,Master's Degree,6576
Engineering,Mid,Associate Degree,4004
Energy,Senior,Bachelor's Degree,5440
Real Estate,Entry,Associate Degree,3893
Energy,Entry,High School,4629
Government,Mid,Master's Degree,9077
Defense,Mid,Master's Degree,8184
Mining,Entry,PhD,8993
Fishing,Senior,Associate Degree,5117
Education,Entry,Master's Degree,7907
Engineering,Mid,High School,4559
Government,Mid,Associate Degree,4155
Energy,Mid,Associate Degree,5076
Construction,Mid,Master's Degree,7974
Real Estate,Entry,Bachelor's Degree,7023
Government,Entry,Associate Degree,5427
Logistics,Mid,Master's Degree,8119
Construction,Mid,Master's Degree,8031
Transportation,Entry,Bachelor's Degree,6138
Engineering,Mid,Associate Degree,5131
Education,Entry,Associate Degree,5328
Energy,Mid,Associate Degree,5430
Real Estate,Mid,Bachelor's Degree,6786
Manufacturing,Mid,Associate Degree,5086
Education,Senior,Bachelor's Degree,5513
Education,Entry,Associate Degree,4323
Forestry,Entry,High School,3607
Construction,Senior,Bachelor's Degree,7310
Engineering,Senior,Master's Degree,6738
Education,Senior,Associate Degree,3930
Government,Mid,Master's Degree,9280
Education,Senior,High School,4557
Healthcare,Mid,High School,3449
Mining,Senior,Master's Degree,9503
Healthcare,Mid,Associate Degree,5467
Energy,Mid,Bachelor's Degree,5620
Defense,Senior,Master's Degree,8345
Logistics,Mid,Master's Degree,7334
Energy,Senior,Bachelor's Degree,6392
Media,Entry,High School,3639
Construction,Entry,Associate Degree,4707
Technology,Entry,Bachelor's Degree,7451
Education,Senior,Master's Degree,7918
Government,Entry,Bachelor's Degree,7380
Real Estate,Entry,High School,3896
Engineering,Entry,Bachelor's Degree,7192
Government,Senior,Associate Degree,5224
Real Estate,Senior,Associate Degree,5306
Mining,Mid,Master's Degree,7992
Legal,Mid,Associate Degree,3916
Defense,Senior,Associate Degree,4983
Defense,Senior,High School,3534
Legal,Mid,Associate Degree,3998
Retail,Entry,Master's Degree,8201
Healthcare,Senior,Associate Degree,3826
Legal,Entry,Associate Degree,5623
Manufacturing,Entry,Bachelor's Degree,5947
Energy,Entry,Master's Degree,8695
Legal,Entry,Master's Degree,7156
Real Estate,Senior,Master's Degree,8022
Healthcare,Entry,Bachelor's Degree,6500
Government,Entry,Master's Degree,8856
Agriculture,Entry,Associate Degree,3823
Technology,Mid,Associate Degree,5475
Engineering,Entry,Bachelor's Degree,7488
Engineering,Mid,PhD,11742
Mining,Entry,High School,3865
Education,Entry,Associate Degree,4679
Construction,Mid,Bachelor's Degree,6276
Transportation,Entry,High School,3273
Engineering,Mid,High School,4555
Engineering,Entry,Associate Degree,3913
Engineering,Mid,High School,4455
Healthcare,Entry,Associate Degree,5372
Energy,Entry,Bachelor's Degree,6754
Mining,Mid,Bachelor's Degree,6739
Retail,Mid,Master's Degree,7749
Defense,Mid,Bachelor's Degree,7720
Mining,Entry,PhD,8161
Education,Senior,Associate Degree,5475
Agriculture,Entry,Bachelor's Degree,5382
Transportation,Entry,Master's Degree,9080
Education,Entry,High School,4283
Healthcare,Entry,Bachelor's Degree,6818
Finance,Mid,Associate Degree,5386
Defense,Senior,Associate Degree,3965
Finance,Entry,Associate Degree,5172
Retail,Mid,Bachelor's Degree,6927
Legal,Mid,Bachelor's Degree,7063
Education,Entry,Master's Degree,9466
Engineering,Mid,Bachelor's Degree,5609
Real Estate,Senior,Master's Degree,6893
Defense,Senior,High School,3738
Technology,Entry,Associate Degree,3916
Manufacturing,Mid,Bachelor's Degree,6291
Engineering,Entry,Associate Degree,5311
Healthcare,Senior,Master's Degree,9370
Energy,Mid,Bachelor's Degree,7073
Mining,Mid,PhD,10015
Engineering,Entry,Bachelor's Degree,7008
Real Estate,Entry,High School,4741
Defense,Mid,Bachelor's Degree,7870
Fishing,Entry,Bachelor's Degree,7294
Fishing,Entry,Bachelor's Degree,5427
Legal,Mid,Associate Degree,4785
Retail,Senior,Associate Degree,5083
Government,Mid,Bachelor's Degree,7224
Media,Senior,Master's Degree,9098
Engineering,Senior,Bachelor's Degree,5808
Retail,Entry,Master's Degree,7896
Fishing,Senior,Bachelor's Degree,6789
Mining,Mid,High School,4771
Logistics,Mid,Associate Degree,4953
Finance,Mid,Bachelor's Degree,5350
Legal,Mid,Bachelor's Degree,5425
Forestry,Mid,High School,3960
Retail,Entry,High School,3515
Finance,Mid,Master's Degree,8152
Education,Entry,Bachelor's Degree,6144
Technology,Entry,Master's Degree,8136
Legal,Entry,High School,3634
Energy,Mid,Master's Degree,8316
Manufacturing,Entry,Associate Degree,4864
Forestry,Senior,High School,3533
Government,Senior,Master's Degree,6956
Mining,Mid,Associate Degree,3973
Education,Senior,Bachelor's Degree,7854
Mining,Entry,High School,4508
Defense,Entry,Bachelor's Degree,5816
Construction,Mid,Bachelor's Degree,6132
Transportation,Entry,High School,3787
Fishing,Entry,Master's Degree,7891
Real Estate,Entry,Bachelor's Degree,7274
Media,Senior,Master's Degree,8892
Construction,Senior,High School,3296
Retail,Senior,Associate Degree,4712
Forestry,Entry,Bachelor's Degree,6495
Energy,Entry,Bachelor's Degree,6658
Healthcare,Senior,Master's Degree,6923
Real Estate,Senior,Bachelor's Degree,7791
Finance,Mid,High School,3824
Media,Mid,Associate Degree,5562
Technology,Mid,Bachelor's Degree,6732
Legal,Mid,Associate Degree,5551
Fishing,Senior,Master's Degree,8974
Technology,Mid,Bachelor's Degree,7293
Transportation,Senior,Associate Degree,4379
Engineering,Mid,Bachelor's Degree,7530
Agriculture,Mid,High School,4486
Engineering,Entry,High School,4098
Construction,Senior,High School,3681
Engineering,Mid,Associate Degree,4493
Retail,Entry,Bachelor's Degree,5746
Logistics,Entry,Bachelor's Degree,6241
Legal,Mid,Associate Degree,5641
Real Estate,Entry,High School,3723
Transportation,Entry,Associate Degree,4023
Healthcare,Mid,High School,3819
Mining,Entry,Associate Degree,5688
Fishing,Mid,Bachelor's Degree,6793
Media,Mid,Master's Degree,7062
Retail,Entry,Bachelor's Degree,6531
Construction,Mid,Bachelor's Degree,6228
Energy,Mid,Associate Degree,4091
Logistics,Entry,High School,4799
Logistics,Mid,PhD,10368
Mining,Senior,High School,4057
Transportation,Entry,Master's Degree,6447
Forestry,Senior,High School,4735
Energy,Entry,Bachelor's Degree,6206
Forestry,Mid,High School,3401
Fishing,Entry,Bachelor's Degree,7288
Finance,Mid,Bachelor's Degree,5443
Real Estate,Senior,Master's Degree,9319
Technology,Entry,Associate Degree,4345
Manufacturing,Senior,Bachelor's Degree,6432
Government,Mid,High School,3518
Defense,Mid,Master's Degree,7812
Real Estate,Senior,High School,4181
Media,Entry,Master's Degree,6558
Healthcare,Senior,Bachelor's Degree,6633
Finance,Entry,High School,4028
Agriculture,Entry,Bachelor's Degree,6287
Logistics,Mid,Bachelor's Degree,6044
Fishing,Mid,Master's Degree,8655
Finance,Mid,High School,4781
Legal,Mid,High School,4404
Healthcare,Entry,High School,3625
Healthcare,Entry,Bachelor's Degree,5930
Transportation,Entry,High School,4688
Engineering,Entry,Bachelor's Degree,6820
Mining,Senior,Bachelor's Degree,5917
Mining,Mid,PhD,8729
Technology,Mid,Master's Degree,9097
Energy,Senior,Bachelor's Degree,7802
Manufacturing,Mid,Associate Degree,5709
Retail,Entry,Associate Degree,4926
Media,Mid,Bachelor's Degree,6047
Healthcare,Entry,Bachelor's Degree,6440
Energy,Entry,Master's Degree,9301
Manufacturing,Mid,Bachelor's Degree,7861
Agriculture,Entry,Bachelor's Degree,7267
Manufacturing,Senior,Bachelor's Degree,7168
Finance,Senior,Master's Degree,6570
Agriculture,Senior,High School,3624
Transportation,Mid,Associate Degree,3944
Agriculture,Entry,Bachelor's Degree,6342
Engineering,Entry,Master's Degree,9252
Media,Mid,Bachelor's Degree,6037
Legal,Entry,Master's Degree,9231
Fishing,Entry,Associate Degree,5173
Technology,Entry,Associate Degree,5061
Retail,Entry,High School,4344
Retail,Senior,Associate Degree,4629
Finance,Mid,Bachelor's Degree,7319
Mining,Senior,High School,3233
Engineering,Mid,Associate Degree,5628
Technology,Mid,High School,4250
Manufacturing,Mid,Associate Degree,4055
Agriculture,Entry,High School,4073
Retail,Senior,Bachelor's Degree,6260
Retail,Mid,Associate Degree,5241
Agriculture,Senior,Associate Degree,5345
Fishing,Mid,Bachelor's Degree,6483
Manufacturing,Entry,High School,4656
Technology,Entry,High School,3839
Healthcare,Senior,Bachelor's Degree,5448
Education,Entry,Bachelor's Degree,5800
Fishing,Senior,Associate Degree,4334
Media,Mid,Associate Degree,5052
Transportation,Mid,Associate Degree,4379
Construction,Entry,High School,4045
Technology,Mid,High School,4369
Energy,Senior,Bachelor's Degree,6758
Technology,Senior,Associate Degree,4331
Manufacturing,Mid,Bachelor's Degree,7207
Fishing,Senior,Associate Degree,4178
Manufacturing,Entry,Master's Degree,8407
Finance,Mid,Bachelor's Degree,6669
Forestry,Entry,Bachelor's Degree,6199
Retail,Mid,Bachelor's Degree,6176
Education,Mid,Bachelor's Degree,6676
Energy,Entry,High School,4662
Healthcare,Entry,Master's Degree,7570
Forestry,Mid,Master's Degree,6720
Government,Senior,Master's Degree,8261
Agriculture,Entry,Master's Degree,6408
Finance,Entry,PhD,10477
Manufacturing,Senior,High School,4525
Mining,Entry,Associate Degree,5253
Agriculture,Mid,High School,3371
Manufacturing,Mid,Bachelor's Degree,6756
Fishing,Entry,Associate Degree,5363
Media,Entry,Master's Degree,7472
Finance,Mid,High School,4082
Media,Entry,Associate Degree,3846
Retail,Mid,Master's Degree,8422
Mining,Entry,Associate Degree,5318
Construction,Mid,Bachelor's Degree,7332
Transportation,Mid,Bachelor's Degree,6475
Defense,Mid,Master's Degree,7286
Engineering,Senior,Bachelor's Degree,5811
Finance,Mid,Master's Degree,8892
Energy,Entry,Bachelor's Degree,5489
Finance,Mid,Associate Degree,3861
Energy,Entry,Bachelor's Degree,6922
Forestry,Mid,Associate Degree,4662
Engineering,Mid,Associate Degree,4120
Real Estate,Senior,Bachelor's Degree,7258
Government,Entry,PhD,9028
Agriculture,Senior,Master's Degree,6663
Education,Entry,Master's Degree,7949
Real Estate,Senior,Bachelor's Degree,6130
Government,Entry,Bachelor's Degree,5683
Manufacturing,Entry,Bachelor's Degree,6321
Logistics,Entry,Bachelor's Degree,7374
Engineering,Mid,Associate Degree,4656
Logistics,Entry,Bachelor's Degree,6482
Mining,Entry,Associate Degree,5325
Media,Entry,Associate Degree,5610
Retail,Mid,High School,3726
Construction,Mid,Associate Degree,5479
Manufacturing,Mid,High School,4764
Education,Mid,Associate Degree,4494
Fishing,Mid,Master's Degree,7485
Mining,Mid,Bachelor's Degree,7371
Finance,Mid,PhD,8522
Legal,Senior,Master's Degree,7313
Legal,Entry,High School,4439
Education,Mid,Master's Degree,7206
Manufacturing,Mid,Master's Degree,6618
Defense,Entry,Bachelor's Degree,7848
Media,Senior,Associate Degree,5468
Construction,Entry,Bachelor's Degree,5553
Education,Senior,Master's Degree,8993
Engineering,Senior,Bachelor's Degree,6077
Government,Entry,Associate Degree,4100
Manufacturing,Entry,Associate Degree,5713
Logistics,Mid,Bachelor's Degree,5895
Fishing,Entry,Master's Degree,9483
Finance,Mid,Bachelor's Degree,7618
Legal,Mid,Master's Degree,6397
Real Estate,Senior,Bachelor's Degree,6927
Retail,Entry,Bachelor's Degree,7996
Agriculture,Mid,Master's Degree,6829
Technology,Entry,High School,4300
Finance,Entry,Bachelor's Degree,7049
Logistics,Entry,PhD,10514
Engineering,Mid,Associate Degree,4947
Technology,Mid,Bachelor's Degree,6878
Media,Mid,High School,4801
Manufacturing,Senior,Master's Degree,9378
Media,Entry,High School,3270
Finance,Entry,Master's Degree,6667
Media,Entry,Master's Degree,6617
Defense,Entry,Master's Degree,8946
Manufacturing,Mid,Associate Degree,4911
Logistics,Mid,Master's Degree,9191
Fishing,Mid,Associate Degree,5370
Energy,Entry,Master's Degree,8220
Finance,Entry,Bachelor's Degree,7293
Mining,Mid,Associate Degree,5171
Energy,Entry,Master's Degree,7084
Government,Senior,Master's Degree,6556
Forestry,Mid,Bachelor's Degree,7119
Education,Mid,Bachelor's Degree,5991
Mining,Entry,Master's Degree,9213
Finance,Entry,PhD,8015
Real Estate,Entry,Bachelor's Degree,7950
Education,Entry,Master's Degree,8701
Forestry,Senior,High School,4577
Energy,Mid,Bachelor's Degree,7242
Construction,Mid,Associate Degree,5667
Legal,Entry,Master's Degree,8828
Education,Mid,Associate Degree,5496
Logistics,Entry,Associate Degree,4008
Finance,Mid,Bachelor's Degree,6393
Government,Mid,Bachelor's Degree,6162
Logistics,Mid,Associate Degree,3968
Mining,Entry,Master's Degree,7406
Technology,Senior,Associate Degree,4832
Forestry,Senior,PhD,8391
Mining,Entry,Associate Degree,5288
Energy,Entry,Associate Degree,5402
Forestry,Entry,Associate Degree,4579
Healthcare,Mid,Bachelor's Degree,6115
Education,Senior,High School,3887
Healthcare,Entry,Associate Degree,4410
Fishing,Mid,Associate Degree,4027
Construction,Entry,High School,4462
Logistics,Senior,Associate Degree,4273
Finance,Entry,Bachelor's Degree,5691
Energy,Senior,High School,3364
Transportation,Senior,Bachelor's Degree,7131
Healthcare,Mid,High School,3395
Education,Entry,Master's Degree,6772
Technology,Mid,Associate Degree,4287
Transportation,Senior,Associate Degree,4523
Fishing,Entry,Bachelor's Degree,6338
Media,Mid,Bachelor's Degree,7159
Healthcare,Entry,Master's Degree,7578
Energy,Entry,Bachelor's Degree,7750
Manufacturing,Senior,Associate Degree,4255
Engineering,Entry,Bachelor's Degree,7797
Manufacturing,Mid,Associate Degree,5111
Logistics,Senior,High School,4501
Fishing,Entry,Master's Degree,9278
Technology,Mid,Bachelor's Degree,6976
Construction,Entry,High School,4361
Technology,Senior,PhD,9114
Defense,Entry,Bachelor's Degree,6538
Mining,Mid,Master's Degree,8907
Forestry,Mid,High School,3728
Engineering,Mid,Master's Degree,8940
Mining,Entry,Associate Degree,4014
Education,Mid,Associate Degree,5704
Forestry,Entry,Bachelor's Degree,6636
Education,Mid,Master's Degree,9057
Agriculture,Entry,Master's Degree,7214
Energy,Entry,Master's Degree,6853
Forestry,Mid,Bachelor's Degree,7195
Media,Senior,Associate Degree,4010
Construction,Mid,Master's Degree,6799
Logistics,Senior,Bachelor's Degree,7433
Transportation,Mid,High School,4806
Construction,Entry,High School,4579
Transportation,Mid,PhD,8494
Defense,Entry,Bachelor's Degree,6137
Retail,Entry,High School,3283
Agriculture,Mid,High School,3548
Forestry,Senior,High School,4055
Defense,Entry,Master's Degree,6907
Real Estate,Senior,Associate Degree,4817
Energy,Entry,Bachelor's Degree,7613
Real Estate,Entry,Bachelor's Degree,5953
Government,Mid,Master's Degree,6584
Mining,Mid,Associate Degree,5034
Construction,Entry,Bachelor's Degree,7807
Technology,Entry,Bachelor's Degree,5956
Construction,Mid,Master's Degree,7442
Technology,Entry,Associate Degree,4230
Education,Mid,Master's Degree,8614
Education,Entry,High School,3816
Mining,Entry,Master's Degree,6456
Healthcare,Entry,Bachelor's Degree,7170
Fishing,Senior,High School,4189
Construction,Entry,Master's Degree,6532
Legal,Mid,Associate Degree,4329
Real Estate,Mid,High School,4814
Finance,Entry,Associate Degree,4967
Healthcare,Entry,Bachelor's Degree,6227
Technology,Mid,Bachelor's Degree,5798
Fishing,Entry,Associate Degree,5670
Education,Entry,Associate Degree,5141
Logistics,Entry,Master's Degree,6761
Media,Mid,Bachelor's Degree,7880
Logistics,Mid,High School,4053
Government,Entry,High School,3974
Mining,Entry,Bachelor's Degree,5467
Real Estate,Senior,Bachelor's Degree,6461
Forestry,Entry,Bachelor's Degree,5503
Mining,Entry,Bachelor's Degree,5812
Defense,Entry,Associate Degree,4658
Construction,Entry,Bachelor's Degree,7177
Fishing,Entry,Associate Degree,4333
Defense,Entry,Bachelor's Degree,6146
Logistics,Entry,Associate Degree,5160
Finance,Mid,Bachelor's Degree,6366
Mining,Senior,Bachelor's Degree,7020
Fishing,Entry,Bachelor's Degree,7103
Defense,Mid,Bachelor's Degree,5570
Technology,Mid,Associate Degree,4806
Legal,Entry,Master's Degree,9266
Media,Entry,Bachelor's Degree,5893
Forestry,Entry,Bachelor's Degree,6712
Energy,Entry,Bachelor's Degree,7125
Legal,Senior,Bachelor's Degree,5610
Legal,Mid,Associate Degree,5224
Mining,Mid,Associate Degree,5140
Retail,Mid,Master's Degree,9298
Legal,Entry,Master's Degree,7608
Legal,Mid,High School,4601
Media,Entry,Bachelor's Degree,6719
Retail,Mid,Bachelor's Degree,6554
Healthcare,Entry,Bachelor's Degree,5646
Retail,Mid,High School,4730
Media,Mid,PhD,11816
Transportation,Entry,Associate Degree,3940
Manufacturing,Mid,PhD,9129
Finance,Entry,Associate Degree,4046
Legal,Entry,Associate Degree,4258
Media,Entry,High School,4389
Education,Senior,Associate Degree,4424
Government,Entry,Associate Degree,4892
Government,Entry,Bachelor's Degree,7345
Engineering,Mid,Bachelor's Degree,6240
Engineering,Mid,Master's Degree,6929
Manufacturing,Mid,Associate Degree,3976
Transportation,Mid,Master's Degree,8619
Education,Senior,Associate Degree,5597
Real Estate,Senior,Master's Degree,8278
Technology,Entry,Bachelor's Degree,7337
Forestry,Entry,Associate Degree,4462
Mining,Entry,Associate Degree,4086
Construction,Mid,Associate Degree,4904
Construction,Senior,Associate Degree,5660
Government,Entry,Associate Degree,4897
Fishing,Mid,Associate Degree,5308
Defense,Entry,High School,4508
Construction,Mid,Associate Degree,4022
Mining,Senior,Bachelor's Degree,6085
Technology,Entry,Bachelor's Degree,6770
Manufacturing,Mid,Bachelor's Degree,5352
Defense,Entry,High School,4162
Forestry,Mid,Master's Degree,7003
Finance,Entry,Bachelor's Degree,7531
Healthcare,Senior,Associate Degree,5533
Government,Senior,Associate Degree,4096
Construction,Senior,Master's Degree,7690
Agriculture,Mid,Master's Degree,8472
Fishing,Mid,High School,4327
Government,Entry,Bachelor's Degree,5762
Real Estate,Senior,Associate Degree,4549
Forestry,Mid,Master's Degree,7617
Government,Mid,Bachelor's Degree,6280
Finance,Mid,Associate Degree,4618
Fishing,Entry,High School,3858
Mining,Senior,High School,4225
Defense,Entry,Bachelor's Degree,6623
Forestry,Entry,High School,4415
Energy,Entry,Master's Degree,7596
Technology,Entry,Associate Degree,5563
Transportation,Mid,Associate Degree,4089
Engineering,Senior,High School,3683
Construction,Entry,High School,3490
Logistics,Entry,Master's Degree,8428
Engineering,Senior,High School,3654
Education,Mid,PhD,8689
Mining,Senior,High School,4763
Legal,Entry,High School,3965
Real Estate,Mid,High School,4211
Legal,Entry,Master's Degree,8038
Fishing,Mid,Associate Degree,4388
Healthcare,Mid,Associate Degree,5251
Legal,Mid,Bachelor's Degree,5873
Manufacturing,Entry,Associate Degree,5552
Transportation,Entry,Bachelor's Degree,7996
Logistics,Entry,High School,4144
Fishing,Entry,Associate Degree,4378
Finance,Mid,Bachelor's Degree,6667
Mining,Senior,Associate Degree,4171
Education,Mid,High School,3523
Finance,Entry,Bachelor's Degree,7717
Fishing,Entry,Associate Degree,5641
Logistics,Entry,Master's Degree,9541
Healthcare,Mid,PhD,11761
Education,Mid,Master's Degree,7298
Forestry,Entry,Bachelor's Degree,6984
Retail,Mid,PhD,8121
Construction,Mid,High School,4028
Real Estate,Mid,Bachelor's Degree,7811
Logistics,Entry,Master's Degree,8909
Manufacturing,Mid,Bachelor's Degree,6549
Government,Mid,PhD,9757
Construction,Mid,Bachelor's Degree,6929
Healthcare,Entry,High School,4723
Education,Mid,Bachelor's Degree,5919
Education,Senior,Associate Degree,4802
Real Estate,Entry,Associate Degree,4924
Logistics,Mid,Bachelor's Degree,5874
Real Estate,Mid,High School,3257
Construction,Mid,PhD,11784
Engineering,Entry,High School,4252
Government,Entry,Bachelor's Degree,7316
Engineering,Senior,Associate Degree,4712
Agriculture,Entry,High School,4266
Forestry,Mid,Bachelor's Degree,7862
Retail,Mid,Master's Degree,8891
Legal,Mid,Associate Degree,4538
Engineering,Entry,Master's Degree,8451
Construction,Senior,Bachelor's Degree,7546
Logistics,Senior,Associate Degree,4693
Logistics,Mid,High School,3726
Healthcare,Mid,Associate Degree,4340
Transportation,Entry,Associate Degree,5650
Mining,Senior,Bachelor's Degree,7688
Legal,Mid,Bachelor's Degree,7555
Logistics,Mid,Master's Degree,8525
Fishing,Mid,Bachelor's Degree,5433
Legal,Entry,Associate Degree,3921
Finance,Mid,PhD,9863
Logistics,Mid,High School,4742
Legal,Entry,Associate Degree,5534
Construction,Mid,Associate Degree,4946
Logistics,Entry,Bachelor's Degree,7880
Education,Mid,Associate Degree,4056
Forestry,Entry,High School,4492
Defense,Mid,High School,4808
Technology,Entry,High School,3457
Media,Mid,Bachelor's Degree,5515
Technology,Entry,Master's Degree,9009
Agriculture,Senior,High School,3616
Transportation,Entry,Bachelor's Degree,6495
Defense,Entry,Associate Degree,4439
Technology,Mid,Master's Degree,7419
Construction,Mid,Bachelor's Degree,7029
Construction,Entry,Associate Degree,4503
Mining,Mid,Bachelor's Degree,7675
Forestry,Senior,High School,3936
Real Estate,Mid,Master's Degree,7359
Manufacturing,Senior,Bachelor's Degree,7880
Healthcare,Mid,Associate Degree,4970
Defense,Mid,Bachelor's Degree,7487
Manufacturing,Mid,Bachelor's Degree,7820
Healthcare,Mid,Master's Degree,9438
Construction,Mid,Associate Degree,4876
Finance,Entry,Bachelor's Degree,6650
Mining,Senior,High School,4755
Mining,Mid,Associate Degree,4369
Legal,Entry,PhD,10821
Government,Entry,Associate Degree,4239
Technology,Senior,Master's Degree,8048
Energy,Mid,Bachelor's Degree,7081
Logistics,Entry,High School,4706
Legal,Mid,Associate Degree,4287
Education,Senior,High School,4564
Construction,Entry,Bachelor's Degree,6236
Healthcare,Mid,Bachelor's Degree,7137
Real Estate,Entry,Master's Degree,8885
Education,Senior,Master's Degree,8697
Retail,Entry,Associate Degree,3930
Healthcare,Entry,Bachelor's Degree,7346
Education,Senior,Associate Degree,5185
Healthcare,Senior,Bachelor's Degree,6033
Transportation,Entry,High School,4668
Legal,Entry,High School,4013
Government,Entry,Bachelor's Degree,5488
Construction,Entry,Associate Degree,3956
Engineering,Senior,Bachelor's Degree,5913
Healthcare,Mid,Associate Degree,4740
Engineering,Mid,Associate Degree,5323
Media,Entry,High School,3633
Logistics,Entry,Bachelor's Degree,7583
Legal,Mid,Bachelor's Degree,6251
Retail,Entry,Associate Degree,5081
Fishing,Mid,High School,3752
Government,Senior,High School,3360
Legal,Mid,Associate Degree,4137
Government,Entry,High School,3934
Agriculture,Entry,Bachelor's Degree,5760
Mining,Mid,Master's Degree,8103
Defense,Entry,Bachelor's Degree,5951
Education,Mid,High School,3742
Energy,Entry,Bachelor's Degree,6292
Defense,Entry,High School,4278
Forestry,Mid,Master's Degree,7185
Fishing,Mid,High School,4608
Logistics,Entry,Master's Degree,7415
Transportation,Senior,Associate Degree,4661
Manufacturing,Entry,Bachelor's Degree,7869
Manufacturing,Mid,Master's Degree,8837
Logistics,Mid,Associate Degree,4533
Agriculture,Mid,High School,3707
Energy,Senior,Bachelor's Degree,5834
Energy,Entry,Associate Degree,5511
Media,Mid,Associate Degree,5296
Construction,Mid,Associate Degree,4871
Construction,Entry,High School,3989
Education,Mid,Master's Degree,8001
Legal,Mid,High School,3946
Fishing,Mid,Bachelor's Degree,7285
Transportation,Entry,High School,4202
Retail,Mid,PhD,9494
Media,Senior,Associate Degree,5139
Manufacturing,Entry,Bachelor's Degree,7744
Forestry,Mid,Bachelor's Degree,6621
Forestry,Entry,Associate Degree,4458
Logistics,Senior,Bachelor's Degree,6214
Mining,Entry,High School,3796
Retail,Entry,Bachelor's Degree,5580
Government,Mid,Bachelor's Degree,5769
Technology,Entry,Associate Degree,4119
Real Estate,Senior,Bachelor's Degree,6432
Forestry,Entry,Bachelor's Degree,6846
Legal,Senior,Bachelor's Degree,6782
Fishing,Senior,Bachelor's Degree,7494
Construction,Entry,Associate Degree,4252
Fishing,Mid,Associate Degree,5310
Legal,Entry,High School,3651
Education,Senior,Associate Degree,4411
Energy,Mid,Bachelor's Degree,6965
Construction,Mid,Bachelor's Degree,7862
Energy,Senior,Associate Degree,5511
Healthcare,Mid,Associate Degree,4447
Forestry,Entry,Bachelor's Degree,7230
Manufacturing,Entry,Master's Degree,7270
Transportation,Senior,Master's Degree,8254
Defense,Entry,Associate Degree,5134
Finance,Entry,Bachelor's Degree,6351
Media,Entry,Master's Degree,8627
Education,Entry,Bachelor's Degree,6632
Education,Senior,Associate Degree,3925
Healthcare,Senior,Associate Degree,5677
Government,Entry,Associate Degree,3938
Finance,Mid,Associate Degree,4971
Forestry,Senior,Master's Degree,8326
Government,Mid,Associate Degree,4982
Finance,Mid,Master's Degree,8995
Forestry,Entry,Associate Degree,5180
Energy,Senior,Associate Degree,5072
Transportation,Senior,Associate Degree,4862
Manufacturing,Mid,Associate Degree,4875
Energy,Mid,Master's Degree,7865
Media,Senior,Bachelor's Degree,5958
Finance,Entry,Bachelor's Degree,7360
Construction,Senior,Master's Degree,9338
Government,Senior,Bachelor's Degree,6744
Media,Senior,PhD,9982
Legal,Entry,Bachelor's Degree,7626
Finance,Entry,High School,3281
Engineering,Senior,Bachelor's Degree,7655
Defense,Senior,Associate Degree,3986
Agriculture,Mid,Master's Degree,6773
Healthcare,Mid,Master's Degree,9324
Real Estate,Mid,Associate Degree,5342
Retail,Mid,Bachelor's Degree,7127
Finance,Entry,Bachelor's Degree,7106
Agriculture,Entry,Associate Degree,4948
Media,Mid,Bachelor's Degree,6009
Agriculture,Entry,PhD,10230
Agriculture,Entry,Master's Degree,9246
Energy,Entry,Master's Degree,8437
Legal,Mid,Master's Degree,7260
Forestry,Entry,Associate Degree,4105
Government,Mid,Bachelor's Degree,5390
Real Estate,Senior,Master's Degree,8901
Healthcare,Entry,Master's Degree,8628
Engineering,Entry,Bachelor's Degree,5367
Engineering,Mid,Associate Degree,5070
Manufacturing,Mid,Master's Degree,6545
Finance,Mid,High School,4370
Media,Entry,Master's Degree,6859
Transportation,Entry,Bachelor's Degree,6057
Real Estate,Entry,Bachelor's Degree,5696
Mining,Entry,Bachelor's Degree,7770
Media,Senior,Bachelor's Degree,7693
Government,Mid,Associate Degree,4764
Mining,Senior,PhD,9776
Legal,Entry,Associate Degree,3973
Finance,Mid,Master's Degree,8235
Engineering,Mid,Associate Degree,5328
Legal,Entry,Associate Degree,4932
Manufacturing,Entry,High School,3267
Government,Mid,Associate Degree,5702
Manufacturing,Mid,Bachelor's Degree,7162
Construction,Senior,Bachelor's Degree,6575
Construction,Senior,Bachelor's Degree,5571
Government,Entry,Associate Degree,4824
Finance,Mid,Associate Degree,5489
Forestry,Mid,High School,3366
Energy,Mid,Bachelor's Degree,5433
Forestry,Entry,Master's Degree,7336
Real Estate,Entry,High School,3307
Finance,Entry,High School,4243
Manufacturing,Senior,High School,3883
Retail,Mid,Bachelor's Degree,6808
Logistics,Mid,Master's Degree,7279
Finance,Mid,Bachelor's Degree,7364
Logistics,Mid,Master's Degree,8150
Engineering,Entry,Master's Degree,6476
Manufacturing,Senior,Master's Degree,7338
Government,Mid,High School,3301
Engineering,Entry,Bachelor's Degree,5490
Real Estate,Entry,Associate Degree,4280
Manufacturing,Senior,Bachelor's Degree,6038
Energy,Mid,Associate Degree,4642
Energy,Mid,Bachelor's Degree,7670
Defense,Entry,Master's Degree,6828
Healthcare,Mid,Associate Degree,3878
Healthcare,Mid,Associate Degree,5138
Retail,Mid,Master's Degree,7145
Technology,Senior,Associate Degree,4002
Government,Entry,PhD,11559
Engineering,Entry,Associate Degree,5120
Mining,Entry,Associate Degree,3858
Engineering,Mid,PhD,10060
Fishing,Mid,Master's Degree,7916
Retail,Mid,Bachelor's Degree,5382
Retail,Entry,High School,3860
Energy,Senior,Bachelor's Degree,6766
Finance,Mid,Associate Degree,4576
Manufacturing,Entry,Bachelor's Degree,6070
Agriculture,Entry,Bachelor's Degree,7598
Real Estate,Entry,Associate Degree,4583
Healthcare,Entry,High School,4604
Logistics,Entry,Bachelor's Degree,6144
Construction,Mid,Associate Degree,5674
Finance,Senior,Master's Degree,7015
Construction,Entry,Master's Degree,6624
Media,Mid,Master's Degree,7898
Legal,Senior,Master's Degree,7698
Agriculture,Mid,Bachelor's Degree,7746
Agriculture,Entry,High School,4237
Retail,Mid,Bachelor's Degree,6006
Energy,Mid,Master's Degree,8514
Government,Entry,Associate Degree,5201
Fishing,Senior,Bachelor's Degree,7001
Transportation,Senior,Bachelor's Degree,6912
Manufacturing,Mid,Bachelor's Degree,5882
Technology,Entry,Bachelor's Degree,7995
Engineering,Entry,Bachelor's Degree,6619
Real Estate,Entry,High School,4577
Defense,Mid,Bachelor's Degree,7730
Construction,Entry,Bachelor's Degree,5436
Real Estate,Mid,Bachelor's Degree,6485
Finance,Mid,Bachelor's Degree,7817
Engineering,Senior,Bachelor's Degree,7244
Mining,Entry,High School,4028
Forestry,Senior,PhD,8138
Legal,Entry,Master's Degree,6816
Logistics,Mid,Bachelor's Degree,7273
Construction,Mid,High School,4079
Technology,Mid,Bachelor's Degree,7600
Construction,Mid,High School,3433
Finance,Mid,High School,4088
Healthcare,Mid,High School,3431
Mining,Entry,Associate Degree,5216
Construction,Senior,Associate Degree,4727
Government,Senior,Master's Degree,6987
Mining,Entry,Associate Degree,4928
Energy,Senior,High School,3784
Retail,Entry,Associate Degree,5077
Education,Mid,Bachelor's Degree,7386
Healthcare,Entry,Associate Degree,5146
Retail,Senior,Bachelor's Degree,6820
Mining,Entry,Associate Degree,5091
Energy,Entry,High School,3934
Energy,Entry,Bachelor's Degree,5970
Energy,Entry,Master's Degree,7934
Manufacturing,Mid,Bachelor's Degree,7862
Government,Mid,High School,3560
Media,Mid,Bachelor's Degree,6359
Government,Entry,Bachelor's Degree,7473
Real Estate,Senior,Associate Degree,4449
Legal,Mid,Master's Degree,9049
Defense,Entry,Bachelor's Degree,6222
Construction,Entry,High School,3585
Defense,Mid,Associate Degree,5698
Transportation,Entry,Bachelor's Degree,7809
Agriculture,Entry,Bachelor's Degree,7606
Logistics,Entry,High School,4471
Government,Mid,Bachelor's Degree,6033
Logistics,Mid,Bachelor's Degree,7444
Agriculture,Senior,Bachelor's Degree,7162
Logistics,Mid,Bachelor's Degree,7742
Media,Entry,Associate Degree,5414
Media,Entry,Master's Degree,8298
Transportation,Mid,Bachelor's Degree,6011
Real Estate,Mid,Associate Degree,5061
Fishing,Mid,Bachelor's Degree,6476
Education,Mid,Master's Degree,6461
Media,Mid,Associate Degree,4788
Logistics,Mid,Associate Degree,3903
Agriculture,Entry,High School,3786
Technology,Entry,High School,3906
Agriculture,Entry,Bachelor's Degree,6994
Media,Senior,Bachelor's Degree,7457
Education,Mid,Bachelor's Degree,6170
Defense,Entry,Master's Degree,7796
Logistics,Mid,Master's Degree,7374
Government,Mid,Master's Degree,8536
Mining,Entry,PhD,10659
Healthcare,Mid,Associate Degree,4875
Transportation,Mid,Master's Degree,6991
Transportation,Entry,PhD,10744
Finance,Mid,High School,4470
Retail,Entry,Associate Degree,4212
Fishing,Mid,Associate Degree,4847
Technology,Entry,Bachelor's Degree,5757
Finance,Mid,Bachelor's Degree,7580
Agriculture,Mid,Associate Degree,4173
Agriculture,Entry,Associate Degree,5074
Education,Senior,Bachelor's Degree,7004
Technology,Senior,High School,3437
Manufacturing,Mid,High School,3489
Manufacturing,Senior,Master's Degree,8051
Energy,Mid,Associate Degree,4672
Legal,Mid,Associate Degree,5263
Education,Entry,Associate Degree,4918
Forestry,Mid,Master's Degree,9042
Forestry,Entry,Master's Degree,6687
Legal,Senior,Master's Degree,7106
Education,Entry,Master's Degree,6433
Media,Senior,Bachelor's Degree,5869
Defense,Mid,Associate Degree,5456
Legal,Entry,Master's Degree,6919
Forestry,Mid,PhD,8369
Fishing,Entry,Bachelor's Degree,6862
Government,Mid,PhD,11507
Engineering,Entry,Associate Degree,4735
Logistics,Entry,Master's Degree,9474
Logistics,Mid,Bachelor's Degree,7057
Government,Senior,Associate Degree,5047
Healthcare,Mid,High School,3448
Transportation,Mid,High School,4347
Defense,Entry,PhD,10009
Transportation,Mid,High School,3927
Transportation,Senior,Master's Degree,6580
Construction,Mid,PhD,8480
Healthcare,Entry,Bachelor's Degree,7542
Finance,Entry,Associate Degree,4571
Forestry,Senior,Bachelor's Degree,6244
Real Estate,Senior,Bachelor's Degree,7817
Construction,Senior,Master's Degree,7950
Legal,Entry,PhD,11747
Manufacturing,Mid,Master's Degree,7539
Education,Entry,Bachelor's Degree,5543
Legal,Mid,Bachelor's Degree,5769
Transportation,Mid,Bachelor's Degree,7861
Healthcare,Entry,High School,3453
Fishing,Mid,Associate Degree,4621
Forestry,Senior,High School,4521
Government,Entry,Bachelor's Degree,7243
Technology,Entry,Bachelor's Degree,5941
Media,Mid,Associate Degree,5038
Engineering,Mid,Bachelor's Degree,8016
Engineering,Mid,Master's Degree,8655
Forestry,Entry,High School,3331
Legal,Senior,High School,4580
Manufacturing,Mid,Bachelor's Degree,6157
Construction,Mid,Bachelor's Degree,7091
Legal,Entry,Bachelor's Degree,6122
Finance,Senior,Master's Degree,8290
Fishing,Entry,PhD,8975
Real Estate,Entry,Master's Degree,8438
Forestry,Mid,Associate Degree,5300
Education,Mid,High School,3580
Engineering,Mid,Associate Degree,5291
Mining,Senior,Associate Degree,4650
Forestry,Senior,High School,3768
Fishing,Senior,Associate Degree,4595
Mining,Entry,Associate Degree,4104
Forestry,Entry,Master's Degree,7275
Technology,Mid,Associate Degree,4411
Real Estate,Entry,High School,4488
Agriculture,Senior,Associate Degree,4498
Forestry,Senior,High School,4103
Transportation,Entry,Master's Degree,8920
Mining,Senior,Bachelor's Degree,6262
Forestry,Senior,High School,3534
Healthcare,Mid,Associate Degree,5484
Logistics,Entry,Bachelor's Degree,7506
Defense,Entry,Associate Degree,5309
Logistics,Senior,High School,3499
Logistics,Entry,Associate Degree,4660
Real Estate,Mid,Master's Degree,8683
Retail,Entry,Master's Degree,9135
Agriculture,Entry,Associate Degree,4465
Forestry,Senior,High School,4770
Education,Mid,Bachelor's Degree,7965
Fishing,Mid,Associate Degree,4849
Media,Mid,Associate Degree,4193
Retail,Entry,High School,4697
Finance,Mid,Master's Degree,7159
Education,Entry,Master's Degree,8731
Engineering,Senior,Bachelor's Degree,6841
Retail,Entry,Master's Degree,6517
Construction,Senior,High School,3826
Government,Senior,High School,3352
Technology,Entry,Master's Degree,6921
Technology,Entry,High School,3753
Technology,Entry,High School,4058
Forestry,Entry,Bachelor's Degree,6379
Mining,Entry,Bachelor's Degree,6290
Mining,Entry,Associate Degree,4816
Agriculture,Senior,Bachelor's Degree,7601
Construction,Mid,Associate Degree,4060
Real Estate,Senior,Associate Degree,5162
Agriculture,Mid,High School,3826
Forestry,Senior,Bachelor's Degree,6510
Healthcare,Senior,Bachelor's Degree,6761
Legal,Mid,Bachelor's Degree,5559
Logistics,Mid,Associate Degree,5610
Finance,Entry,Master's Degree,7850
Engineering,Senior,Bachelor's Degree,6099
Energy,Entry,Bachelor's Degree,7086
Fishing,Mid,Bachelor's Degree,7257
Energy,Mid,Master's Degree,7391
Fishing,Mid,Master's Degree,8270
Construction,Senior,Master's Degree,8140
Mining,Senior,Master's Degree,7799
Media,Senior,High School,4637
Real Estate,Mid,Bachelor's Degree,7052
Construction,Senior,High School,3762
Construction,Entry,Bachelor's Degree,6026
Healthcare,Entry,High School,3533
Education,Mid,Bachelor's Degree,5506
Retail,Entry,High School,3871
Transportation,Entry,Associate Degree,5706
Retail,Senior,High School,4343
Real Estate,Senior,Master's Degree,6820
Retail,Mid,High School,4575
Retail,Entry,Bachelor's Degree,6959
Construction,Entry,Bachelor's Degree,6762
Engineering,Entry,Associate Degree,3933
Finance,Mid,Bachelor's Degree,5778
Media,Senior,Master's Degree,9144
Education,Entry,High School,4836
Retail,Entry,Associate Degree,4444
Defense,Mid,Bachelor's Degree,6440
Forestry,Entry,Master's Degree,8600
Mining,Mid,Bachelor's Degree,6443
Energy,Mid,Associate Degree,5544
Finance,Mid,Bachelor's Degree,7259
Legal,Entry,High School,4632
Construction,Senior,PhD,11544
Government,Entry,High School,4559
Logistics,Entry,Bachelor's Degree,7344
Construction,Entry,Master's Degree,7088
Retail,Mid,Bachelor's Degree,7045
Manufacturing,Entry,Master's Degree,7547
Construction,Entry,Bachelor's Degree,6160
Logistics,Mid,Master's Degree,8244
Logistics,Entry,Bachelor's Degree,5593
Manufacturing,Senior,Associate Degree,5033
Engineering,Entry,PhD,9226
Real Estate,Mid,Master's Degree,7324
Mining,Entry,Master's Degree,7335
Engineering,Senior,Bachelor's Degree,7365
Healthcare,Senior,Associate Degree,4282
Media,Senior,Bachelor's Degree,7502
Real Estate,Mid,Master's Degree,9253
Mining,Mid,Bachelor's Degree,7730
Energy,Senior,Bachelor's Degree,7872
Fishing,Entry,Associate Degree,3908
Government,Entry,Associate Degree,4861
Finance,Entry,Bachelor's Degree,7400
Media,Entry,Bachelor's Degree,6998
Agriculture,Mid,Bachelor's Degree,5459
Legal,Mid,Bachelor's Degree,6344
Transportation,Entry,Master's Degree,7353
Mining,Entry,Associate Degree,4930
Retail,Entry,Bachelor's Degree,6661
Fishing,Senior,Bachelor's Degree,5641
Mining,Senior,Master's Degree,6848
Logistics,Senior,Master's Degree,7876
Transportation,Mid,PhD,8648
Mining,Entry,PhD,9008
Finance,Entry,Associate Degree,5072
Engineering,Entry,Bachelor's Degree,6244
Legal,Entry,High School,3337
Finance,Senior,Bachelor's Degree,6511
Engineering,Entry,Master's Degree,7647
Healthcare,Entry,Associate Degree,4494
Technology,Senior,Master's Degree,7850
Agriculture,Entry,Bachelor's Degree,7518
Healthcare,Entry,Associate Degree,3962
Real Estate,Mid,Associate Degree,4879
Mining,Mid,High School,4503
Engineering,Mid,High School,3344
Education,Senior,High School,3327
Technology,Entry,Associate Degree,5673
Construction,Mid,Bachelor's Degree,6936
Logistics,Senior,Bachelor's Degree,6236
Defense,Entry,Bachelor's Degree,5711
Energy,Entry,High School,4735
Manufacturing,Entry,Associate Degree,3989
Media,Mid,High School,4394
Construction,Mid,Associate Degree,5495
Media,Mid,High School,4336
Technology,Entry,High School,4741
Energy,Mid,Associate Degree,4684
Healthcare,Entry,Master's Degree,8594
Fishing,Entry,High School,3866
Mining,Mid,High School,4284
Healthcare,Entry,Bachelor's Degree,7973
Technology,Entry,Associate Degree,5229
Real Estate,Senior,High School,4224
Real Estate,Mid,High School,4566
Government,Mid,Bachelor's Degree,7963
Transportation,Senior,Associate Degree,4957
Education,Mid,Bachelor's Degree,6638
Energy,Mid,Associate Degree,4689
Mining,Entry,Bachelor's Degree,7955
Manufacturing,Senior,Master's Degree,8420
Energy,Senior,Bachelor's Degree,5948
Agriculture,Entry,Master's Degree,7861
Construction,Entry,High School,3887
Logistics,Mid,Associate Degree,5287
Finance,Mid,Associate Degree,4037
Engineering,Entry,Associate Degree,4158
Retail,Senior,High School,3364
Mining,Senior,Master's Degree,6995
Engineering,Mid,Bachelor's Degree,6765
Mining,Entry,Master's Degree,7361
Technology,Senior,Associate Degree,4806
Healthcare,Senior,Associate Degree,5584
Engineering,Entry,Bachelor's Degree,7215
Transportation,Mid,PhD,8488
Government,Mid,Master's Degree,9099
Technology,Mid,Associate Degree,4558
Government,Senior,PhD,10692
Fishing,Mid,PhD,9912
Energy,Senior,Bachelor's Degree,6708
Finance,Mid,Associate Degree,5372
Real Estate,Mid,Associate Degree,4527
Agriculture,Mid,Bachelor's Degree,5488
Education,Senior,High School,3410
Real Estate,Mid,Bachelor's Degree,7705
Fishing,Senior,Master's Degree,9173
Real Estate,Entry,PhD,8208
Retail,Mid,High School,4302
Manufacturing,Senior,Bachelor's Degree,7421
Fishing,Mid,Bachelor's Degree,7367
Finance,Entry,Associate Degree,5632
Engineering,Senior,High School,3791
Manufacturing,Mid,Associate Degree,3886
Government,Mid,Associate Degree,4218
Engineering,Senior,Bachelor's Degree,5742
Mining,Mid,Associate Degree,4237
Finance,Senior,High School,3266
Healthcare,Entry,Bachelor's Degree,7315
Retail,Mid,Master's Degree,8219
Agriculture,Entry,Master's Degree,7413
Construction,Entry,High School,3799
Government,Mid,Bachelor's Degree,5864
Logistics,Entry,Bachelor's Degree,7978
Agriculture,Senior,High School,4563
Transportation,Entry,Bachelor's Degree,7422
Agriculture,Senior,Master's Degree,9005
Manufacturing,Entry,Associate Degree,4856
Manufacturing,Mid,High School,4695
Energy,Entry,Bachelor's Degree,6221
Retail,Entry,Associate Degree,5460
Manufacturing,Entry,High School,3972
Finance,Entry,Associate Degree,5136
Finance,Mid,Bachelor's Degree,6513
Government,Entry,Master's Degree,9436
Defense,Mid,Bachelor's Degree,6833
Real Estate,Entry,Associate Degree,5244
Logistics,Entry,Bachelor's Degree,5493
Government,Mid,High School,3305
Education,Mid,Associate Degree,5243
Finance,Entry,Bachelor's Degree,6481
Logistics,Entry,Master's Degree,9497
Finance,Senior,Bachelor's Degree,6114
Defense,Mid,Associate Degree,4047
Logistics,Senior,Master's Degree,6820
Engineering,Senior,Associate Degree,5403
Technology,Mid,Master's Degree,8629
Real Estate,Entry,Bachelor's Degree,5375
Forestry,Mid,Associate Degree,4996
Retail,Mid,High School,3694
Finance,Mid,Bachelor's Degree,6309
Government,Senior,PhD,11344
Legal,Entry,Bachelor's Degree,6385
Media,Entry,High School,4399
Manufacturing,Mid,Bachelor's Degree,6769
Construction,Senior,Associate Degree,3915
Construction,Entry,High School,4527
Retail,Senior,Bachelor's Degree,5484
Logistics,Mid,Bachelor's Degree,5980
Finance,Entry,High School,3292
Construction,Entry,Bachelor's Degree,6009
Real Estate,Entry,Associate Degree,4700
Fishing,Senior,Bachelor's Degree,7606
Mining,Mid,Associate Degree,5098
Construction,Mid,Bachelor's Degree,5694
Transportation,Senior,High School,4699
Manufacturing,Mid,High School,4801
Fishing,Mid,Master's Degree,9410
Government,Mid,High School,4798
Defense,Senior,Master's Degree,7233
Education,Entry,PhD,10843
Finance,Mid,Bachelor's Degree,6980
Logistics,Entry,Master's Degree,6772
Energy,Entry,Master's Degree,6565
Technology,Entry,High School,4433
Energy,Entry,Bachelor's Degree,7123
Government,Senior,Bachelor's Degree,7907
Legal,Entry,Associate Degree,4380
Media,Entry,Bachelor's Degree,6961
Technology,Mid,Associate Degree,4833
Education,Entry,PhD,9012
Construction,Mid,Bachelor's Degree,7350
Finance,Senior,High School,3330
Real Estate,Mid,Bachelor's Degree,6523
Finance,Mid,High School,3543
Technology,Senior,Bachelor's Degree,6167
Education,Mid,Associate Degree,5335
Healthcare,Senior,Bachelor's Degree,7865
Construction,Entry,Bachelor's Degree,7117
Media,Entry,High School,3991
Forestry,Entry,Master's Degree,8081
Finance,Mid,Bachelor's Degree,6539
Mining,Mid,High School,4159
Forestry,Mid,High School,4620
Fishing,Senior,Bachelor's Degree,7412
Energy,Entry,High School,4179
Legal,Mid,Bachelor's Degree,6201
Energy,Entry,Associate Degree,5385
Media,Mid,High School,4248
Mining,Senior,Bachelor's Degree,6575
Mining,Entry,PhD,8105
Construction,Entry,Bachelor's Degree,7592
Defense,Mid,High School,4554
Retail,Entry,Bachelor's Degree,6847
Education,Entry,High School,3536
Healthcare,Mid,Associate Degree,4790
Forestry,Mid,High School,3928
Government,Entry,Bachelor's Degree,7321
Finance,Entry,High School,3922
Transportation,Mid,Master's Degree,8870
Legal,Mid,Associate Degree,4240
Education,Entry,High School,4331
Construction,Senior,Associate Degree,5151
Government,Mid,Bachelor's Degree,6962
Retail,Mid,Bachelor's Degree,6986
Technology,Entry,Bachelor's Degree,6398
Energy,Mid,High School,4116
Logistics,Entry,PhD,8061
Agriculture,Mid,High School,4745
Technology,Senior,PhD,11555
Transportation,Entry,Master's Degree,9166
Fishing,Senior,Bachelor's Degree,5370
Media,Mid,High School,3784
Education,Entry,Master's Degree,8265
Fishing,Entry,Associate Degree,4961
Legal,Mid,High School,4517
Technology,Entry,Master's Degree,7674
Engineering,Mid,Bachelor's Degree,7087
Defense,Mid,Associate Degree,5430
Forestry,Mid,High School,4476
Retail,Mid,Associate Degree,5490
Retail,Entry,Master's Degree,8527
Media,Senior,Bachelor's Degree,7215
Healthcare,Mid,Master's Degree,7528
Construction,Senior,High School,4127
Government,Entry,Master's Degree,9467
Healthcare,Mid,PhD,8371
Real Estate,Entry,High School,3394
Logistics,Senior,Bachelor's Degree,7615
Mining,Senior,Bachelor's Degree,6592
Engineering,Entry,High School,4429
Manufacturing,Mid,Bachelor's Degree,6405
Retail,Mid,Associate Degree,4421
Transportation,Entry,High School,4212
Defense,Senior,Master's Degree,8298
Logistics,Mid,Bachelor's Degree,7733
Media,Entry,Master's Degree,7834
Retail,Mid,Associate Degree,5181
Defense,Senior,Associate Degree,5192
Media,Senior,Bachelor's Degree,8013
Retail,Mid,Bachelor's Degree,7009
Government,Mid,Bachelor's Degree,6151
Healthcare,Entry,Master's Degree,7357
Energy,Entry,Master's Degree,7989
Mining,Mid,Bachelor's Degree,7262
Healthcare,Entry,Bachelor's Degree,6167
Finance,Senior,Bachelor's Degree,6466
Finance,Entry,High School,3685
Engineering,Mid,PhD,8675
Finance,Entry,Bachelor's Degree,6939
Logistics,Mid,High School,3991
Mining,Mid,PhD,8289
Energy,Mid,Bachelor's Degree,5908
Education,Mid,High School,4044
Energy,Mid,High School,3965
Legal,Mid,Master's Degree,6752
Real Estate,Entry,High School,4317
Healthcare,Mid,Bachelor's Degree,7374
Real Estate,Mid,Associate Degree,3835
Education,Mid,High School,4741
Logistics,Mid,Master's Degree,8371
Forestry,Mid,PhD,9686
Technology,Entry,High School,3467
Logistics,Entry,Master's Degree,6945
Defense,Mid,High School,3237
Media,Entry,High School,4273
Forestry,Senior,High School,4050
Education,Mid,High School,3543
Government,Senior,High School,3238
Agriculture,Mid,PhD,11109
Construction,Entry,Associate Degree,4103
Transportation,Mid,Associate Degree,4035
Agriculture,Entry,Bachelor's Degree,7462
Technology,Entry,Associate Degree,4333
Finance,Senior,Master's Degree,8356
Retail,Mid,Master's Degree,8107
Legal,Mid,Bachelor's Degree,7959
Government,Entry,Bachelor's Degree,5406
Agriculture,Senior,Master's Degree,8836
Technology,Entry,Associate Degree,4281
Media,Entry,High School,3563
Education,Senior,Bachelor's Degree,6375
Agriculture,Mid,Associate Degree,5326
Healthcare,Mid,Bachelor's Degree,5691
Education,Entry,Bachelor's Degree,7565
Construction,Senior,Master's Degree,9540
Mining,Entry,Associate Degree,4299
Fishing,Mid,High School,4282
Legal,Entry,Bachelor's Degree,7558
Energy,Senior,Master's Degree,9459
Technology,Mid,High School,3914
Agriculture,Mid,High School,4717
Healthcare,Mid,Master's Degree,6991
Retail,Senior,Bachelor's Degree,5608
Government,Senior,High School,4392
Education,Senior,High School,3915
Agriculture,Senior,Master's Degree,7443
Healthcare,Entry,Bachelor's Degree,6078
Technology,Senior,PhD,11839
Energy,Entry,Master's Degree,6787
Transportation,Mid,Master's Degree,8300
Technology,Entry,High School,4638
Engineering,Mid,PhD,11219
Transportation,Entry,High School,4157
Transportation,Entry,Bachelor's Degree,7086
Government,Mid,Master's Degree,7750
Media,Entry,Bachelor's Degree,6049
Technology,Entry,Master's Degree,8389
Transportation,Mid,Master's Degree,7144
Mining,Mid,Bachelor's Degree,6729
Education,Mid,Bachelor's Degree,5550
Manufacturing,Mid,Bachelor's Degree,6397
Energy,Senior,Associate Degree,4844
Construction,Mid,Associate Degree,4509
Manufacturing,Entry,Master's Degree,6637
Logistics,Mid,High School,3994
Fishing,Entry,Master's Degree,7891
Healthcare,Senior,Associate Degree,4516
Government,Entry,Bachelor's Degree,7387
Real Estate,Entry,Master's Degree,6707
Retail,Senior,Bachelor's Degree,5369
Energy,Senior,Bachelor's Degree,6378
Education,Mid,Associate Degree,5522
Healthcare,Senior,Associate Degree,4921
Media,Entry,Associate Degree,4496
Construction,Senior,Master's Degree,8588
Technology,Senior,Master's Degree,8046
Government,Entry,Associate Degree,5690
Logistics,Entry,High School,4383
Technology,Mid,Master's Degree,9290
Technology,Entry,Bachelor's Degree,5544
Legal,Entry,Associate Degree,4931
Real Estate,Entry,Master's Degree,7693
Agriculture,Senior,Associate Degree,4780
Forestry,Mid,Bachelor's Degree,7894
Defense,Entry,Associate Degree,4960
Retail,Entry,Associate Degree,5014
Defense,Entry,Bachelor's Degree,6692
Engineering,Mid,Bachelor's Degree,7921
Education,Entry,Associate Degree,4670
Technology,Mid,High School,4321
Engineering,Entry,Bachelor's Degree,6183
Engineering,Mid,Bachelor's Degree,5628
Legal,Senior,PhD,8120
Technology,Mid,High School,4542
Finance,Entry,Bachelor's Degree,6968
Retail,Mid,PhD,11500
Government,Entry,Associate Degree,3942
Agriculture,Senior,Bachelor's Degree,5781
Logistics,Mid,High School,3395
Education,Mid,High School,4660
Manufacturing,Senior,Master's Degree,8510
Manufacturing,Senior,Associate Degree,5711
Agriculture,Entry,Associate Degree,5081
Legal,Senior,High School,3516
Fishing,Entry,Bachelor's Degree,6925
Healthcare,Mid,Bachelor's Degree,7941
Real Estate,Mid,Bachelor's Degree,5418
Logistics,Entry,Bachelor's Degree,8016
Legal,Senior,Bachelor's Degree,5370
Logistics,Mid,High School,4480
Forestry,Mid,Bachelor's Degree,7882
Real Estate,Entry,Master's Degree,9288
Finance,Mid,Associate Degree,4379
Manufacturing,Mid,Associate Degree,5063
Finance,Entry,PhD,11522
Energy,Mid,High School,4514
Construction,Entry,Master's Degree,9493
Construction,Senior,High School,4411
Government,Mid,Master's Degree,7327
Real Estate,Senior,Bachelor's Degree,7165
Transportation,Mid,High School,3906
Construction,Mid,Associate Degree,4597
Transportation,Senior,High School,4292
Legal,Entry,Associate Degree,4225
Manufacturing,Mid,High School,4053
Healthcare,Mid,Master's Degree,7028
Transportation,Senior,Bachelor's Degree,7754
Mining,Senior,Associate Degree,4595
Transportation,Senior,Associate Degree,5059
Technology,Entry,Associate Degree,4272
Retail,Mid,Master's Degree,7623
Finance,Mid,Master's Degree,8621
Transportation,Mid,Bachelor's Degree,6656
Government,Mid,Bachelor's Degree,6839
Forestry,Entry,Bachelor's Degree,8003
Education,Entry,PhD,8758
Legal,Senior,Associate Degree,3950
Engineering,Mid,Bachelor's Degree,6807
Transportation,Senior,Master's Degree,6863
Legal,Mid,Master's Degree,9187
Mining,Mid,High School,4222
Engineering,Senior,High School,3439
Logistics,Mid,High School,3781
Defense,Entry,Bachelor's Degree,6501
Government,Entry,Master's Degree,7050
Fishing,Entry,Master's Degree,6661
Agriculture,Senior,High School,3693
Agriculture,Mid,Bachelor's Degree,5640
Media,Entry,High School,4242
Technology,Mid,Associate Degree,4276
Construction,Entry,Master's Degree,6861
Agriculture,Mid,Associate Degree,5688
Technology,Entry,Master's Degree,6595
Construction,Entry,Associate Degree,5174
Transportation,Mid,Associate Degree,4311
Retail,Entry,Bachelor's Degree,5909
Media,Mid,High School,3703
Finance,Senior,Bachelor's Degree,7664
Fishing,Entry,Bachelor's Degree,7130
Technology,Senior,Associate Degree,5049
Logistics,Entry,High School,4301
Mining,Mid,High School,4789
Mining,Entry,Associate Degree,4982
Agriculture,Entry,Master's Degree,8509
Forestry,Mid,High School,4307
Mining,Entry,Bachelor's Degree,5493
Defense,Senior,Master's Degree,8312
Forestry,Mid,Bachelor's Degree,5641
Technology,Senior,Master's Degree,6899
Media,Mid,Bachelor's Degree,5379
Manufacturing,Entry,Bachelor's Degree,7415
Legal,Mid,Bachelor's Degree,5653
Real Estate,Mid,Master's Degree,7024
Energy,Mid,Associate Degree,4367
Legal,Mid,Bachelor's Degree,6186
Engineering,Senior,Associate Degree,5393
Finance,Mid,Bachelor's Degree,6740
Legal,Senior,High School,4075
Construction,Entry,High School,3264
Retail,Mid,Bachelor's Degree,5600
Education,Entry,Bachelor's Degree,7965
Legal,Mid,High School,4490
Logistics,Entry,Associate Degree,4690
Agriculture,Senior,High School,3747
Forestry,Mid,Associate Degree,3888
Agriculture,Entry,Bachelor's Degree,5483
Logistics,Senior,High School,3713
Technology,Mid,Associate Degree,4621
Fishing,Mid,Master's Degree,7893
Logistics,Entry,Associate Degree,4338
Construction,Entry,Master's Degree,7355
Government,Mid,Associate Degree,4196
Retail,Mid,Associate Degree,4074
Logistics,Mid,Master's Degree,7227
Technology,Mid,PhD,11450
Healthcare,Mid,Master's Degree,9270
Mining,Mid,Bachelor's Degree,5867
Retail,Mid,Master's Degree,6723
Forestry,Senior,Bachelor's Degree,7396
Defense,Entry,High School,4668
Forestry,Senior,Bachelor's Degree,5404
Agriculture,Senior,High School,3551
Real Estate,Entry,Bachelor's Degree,7063
Defense,Mid,Associate Degree,5117
Construction,Entry,Associate Degree,4866
Engineering,Senior,Master's Degree,6744
Transportation,Entry,Associate Degree,3915
Energy,Senior,Master's Degree,7415
Media,Mid,Bachelor's Degree,6695
Education,Entry,Bachelor's Degree,5720
Agriculture,Senior,Associate Degree,5529
Logistics,Senior,Associate Degree,4465
Fishing,Senior,Bachelor's Degree,7382
Healthcare,Mid,Associate Degree,4906
Legal,Entry,Bachelor's Degree,7617
Energy,Mid,Associate Degree,5301
Retail,Mid,Master's Degree,8452
Government,Mid,Bachelor's Degree,5950
Logistics,Entry,Bachelor's Degree,6755
Energy,Senior,Master's Degree,7667
Technology,Entry,Associate Degree,5631
Logistics,Senior,PhD,9818
Engineering,Mid,Bachelor's Degree,5670
Media,Mid,Master's Degree,9006
Energy,Entry,Bachelor's Degree,6697
Education,Mid,Bachelor's Degree,6776
Education,Senior,Bachelor's Degree,5706
Education,Mid,Bachelor's Degree,6522
Logistics,Entry,Bachelor's Degree,7855
Real Estate,Entry,Master's Degree,8535
Real Estate,Entry,Master's Degree,7138
Manufacturing,Mid,Bachelor's Degree,7540
Forestry,Mid,PhD,8715
Healthcare,Senior,Bachelor's Degree,7932
Education,Mid,Associate Degree,3891
Real Estate,Entry,Bachelor's Degree,5928
Retail,Entry,Bachelor's Degree,5364
Agriculture,Mid,PhD,10216
Energy,Mid,Bachelor's Degree,6203
Mining,Senior,High School,4274
Defense,Mid,Associate Degree,5098
Retail,Entry,High School,3591
Retail,Mid,Bachelor's Degree,7507
Agriculture,Senior,High School,4092
Energy,Senior,PhD,8771
Energy,Mid,Bachelor's Degree,5393
Fishing,Mid,Associate Degree,4357
Mining,Senior,Associate Degree,4405
Government,Mid,Bachelor's Degree,5949
Defense,Senior,Bachelor's Degree,7991
Healthcare,Senior,Master's Degree,9276
Forestry,Entry,Master's Degree,9314
Engineering,Mid,Master's Degree,8849
Defense,Entry,Bachelor's Degree,7886
Engineering,Mid,High School,4439
Real Estate,Entry,Bachelor's Degree,6481
Construction,Mid,Bachelor's Degree,6640
Fishing,Senior,High School,3238
Retail,Entry,Bachelor's Degree,6661
Engineering,Senior,Master's Degree,6795
Defense,Mid,High School,4489
Agriculture,Mid,Bachelor's Degree,7284
Defense,Mid,High School,3351
Healthcare,Senior,Bachelor's Degree,5532
Healthcare,Mid,Bachelor's Degree,5845
Engineering,Entry,High School,3600
Retail,Mid,Master's Degree,8162
Real Estate,Mid,Associate Degree,4224
Technology,Mid,Associate Degree,4730
Manufacturing,Mid,High School,4134
Logistics,Senior,High School,4478
Manufacturing,Senior,Associate Degree,4421
Mining,Entry,Master's Degree,8100
Healthcare,Mid,Associate Degree,5211
Fishing,Senior,High School,3235
Transportation,Mid,Master's Degree,8399
Engineering,Entry,Bachelor's Degree,6826
Finance,Mid,PhD,10709
Engineering,Entry,Associate Degree,5471
Healthcare,Mid,Bachelor's Degree,5778
Healthcare,Entry,Associate Degree,4267
Energy,Entry,Associate Degree,4826
Logistics,Senior,Bachelor's Degree,6955
Construction,Entry,High School,3231
Fishing,Senior,Bachelor's Degree,5477
Media,Mid,High School,3569
Energy,Entry,Bachelor's Degree,5950
Retail,Entry,Associate Degree,4272
Engineering,Mid,Master's Degree,7822
Retail,Mid,Bachelor's Degree,6773
Agriculture,Entry,Associate Degree,4763
Mining,Senior,Bachelor's Degree,7699
Education,Mid,PhD,9587
Manufacturing,Entry,Bachelor's Degree,6929
Education,Entry,Bachelor's Degree,7889
Fishing,Mid,Bachelor's Degree,5973
Construction,Mid,Master's Degree,9459
Agriculture,Entry,Master's Degree,8978
Defense,Entry,Associate Degree,3815
Government,Entry,High School,3777
Mining,Senior,Bachelor's Degree,5965
Legal,Senior,Associate Degree,4262
Logistics,Entry,High School,4050
Transportation,Entry,Master's Degree,8494
Logistics,Mid,High School,3896
Media,Mid,Associate Degree,5593
Media,Entry,Master's Degree,7338
Mining,Entry,Master's Degree,7709
Engineering,Mid,Associate Degree,5659
Fishing,Entry,High School,4506
Engineering,Senior,PhD,9224
Fishing,Entry,Associate Degree,3949
Construction,Entry,High School,3410
Manufacturing,Senior,High School,4151
Mining,Senior,Bachelor's Degree,5780
Fishing,Mid,Bachelor's Degree,5415
Construction,Senior,Associate Degree,5164
Engineering,Entry,High School,4266
Technology,Mid,Bachelor's Degree,6999
Logistics,Entry,Bachelor's Degree,6035
Logistics,Entry,High School,4582
Construction,Entry,Associate Degree,5695
Mining,Entry,Associate Degree,4108
Finance,Senior,High School,3801
Media,Mid,Associate Degree,4283
Healthcare,Mid,Associate Degree,4819
Real Estate,Mid,Associate Degree,4586
Engineering,Entry,Bachelor's Degree,5714
Manufacturing,Entry,Master's Degree,7703
Healthcare,Mid,Master's Degree,7090
Manufacturing,Mid,High School,3644
Manufacturing,Senior,Bachelor's Degree,6869
Mining,Mid,High School,4801
Engineering,Entry,Bachelor's Degree,6266
Transportation,Mid,Associate Degree,5701
Mining,Entry,High School,3936
Retail,Mid,Associate Degree,5515
Technology,Senior,Associate Degree,3832
Defense,Mid,High School,3707
Legal,Mid,Bachelor's Degree,6967
Agriculture,Mid,Bachelor's Degree,7126
Engineering,Entry,Bachelor's Degree,7688
Construction,Mid,High School,4474
Legal,Senior,Bachelor's Degree,6728
Retail,Entry,High School,3723
Fishing,Entry,High School,3992
Logistics,Senior,Bachelor's Degree,6191
Energy,Senior,High School,3654
Agriculture,Mid,PhD,9405
Defense,Mid,Associate Degree,5057
Mining,Entry,Bachelor's Degree,6174
Energy,Senior,Associate Degree,4189
Finance,Senior,Associate Degree,4984
Forestry,Entry,Bachelor's Degree,6940
Transportation,Entry,High School,3439
Technology,Mid,Master's Degree,8761
Logistics,Entry,Bachelor's Degree,5992
Forestry,Mid,Master's Degree,6721
Government,Mid,Bachelor's Degree,7418
Manufacturing,Entry,Associate Degree,4839
Agriculture,Mid,Associate Degree,4926
Government,Entry,High School,3799
Manufacturing,Mid,Bachelor's Degree,6235
Agriculture,Entry,Master's Degree,6825
Mining,Entry,Associate Degree,5437
Logistics,Entry,Bachelor's Degree,7143
Agriculture,Entry,High School,4347
Retail,Entry,Associate Degree,5256
Retail,Mid,Associate Degree,4764
Defense,Mid,Bachelor's Degree,7100
Manufacturing,Entry,Master's Degree,8682
Education,Entry,High School,3698
Education,Senior,Bachelor's Degree,7109
Construction,Senior,Bachelor's Degree,6258
Transportation,Entry,Master's Degree,8460
Legal,Entry,Master's Degree,7433
Technology,Senior,Master's Degree,8171
Transportation,Entry,Associate Degree,5171
Engineering,Entry,PhD,8318
Legal,Mid,Master's Degree,9223
Finance,Entry,Associate Degree,5082
Healthcare,Mid,Bachelor's Degree,7126
Transportation,Mid,Master's Degree,7057
Construction,Mid,Master's Degree,7331
Media,Mid,Bachelor's Degree,7503
Defense,Entry,Associate Degree,4690
Forestry,Mid,High School,4361
Manufacturing,Senior,Bachelor's Degree,6710
Construction,Entry,Associate Degree,3874
Mining,Mid,Master's Degree,6492
Real Estate,Senior,Associate Degree,4579
Government,Mid,High School,3769
Retail,Mid,Bachelor's Degree,6381
Energy,Entry,PhD,8987
Defense,Mid,Associate Degree,5602
Technology,Mid,Bachelor's Degree,8021
Retail,Mid,Bachelor's Degree,6967
Mining,Mid,Bachelor's Degree,5950
Real Estate,Mid,Bachelor's Degree,5790
Government,Mid,PhD,10445
Manufacturing,Mid,PhD,9330
Retail,Mid,Bachelor's Degree,5602
Legal,Mid,Master's Degree,7798
Mining,Senior,PhD,10724
Mining,Mid,High School,3538
Real Estate,Mid,High School,3648
Logistics,Entry,Master's Degree,8018
Fishing,Entry,High School,4191
Technology,Senior,Master's Degree,7877
Energy,Senior,Bachelor's Degree,6715
Forestry,Entry,High School,4391
Mining,Entry,Bachelor's Degree,7098
Education,Senior,High School,3982
Technology,Mid,PhD,8540
Logistics,Senior,Associate Degree,5048
Legal,Mid,Master's Degree,8355
Government,Senior,High School,4379
Agriculture,Mid,Master's Degree,8356
Logistics,Mid,Associate Degree,3964
Government,Senior,Bachelor's Degree,5685
Forestry,Entry,High School,4286
Real Estate,Entry,Bachelor's Degree,5448
Forestry,Entry,High School,3422
Fishing,Mid,Associate Degree,4277
Legal,Entry,Bachelor's Degree,7891
Real Estate,Mid,PhD,11772
Technology,Mid,Associate Degree,5547
Healthcare,Mid,Bachelor's Degree,7874
Legal,Entry,Bachelor's Degree,6146
Construction,Mid,PhD,11670
Education,Mid,Bachelor's Degree,6631
Retail,Mid,Bachelor's Degree,5517
Education,Mid,Associate Degree,4808
Education,Mid,High School,4112
Fishing,Entry,Master's Degree,6675
Logistics,Mid,Bachelor's Degree,7620
Real Estate,Entry,High School,3711
Technology,Senior,Bachelor's Degree,7506
Finance,Mid,Bachelor's Degree,5357
Construction,Entry,Master's Degree,8880
Legal,Mid,Master's Degree,9180
Legal,Entry,Bachelor's Degree,7297
Energy,Entry,Bachelor's Degree,5479
Defense,Entry,Master's Degree,9267
Government,Senior,Bachelor's Degree,6404
Legal,Mid,Bachelor's Degree,7029
Government,Entry,High School,4619
Transportation,Mid,High School,4710
Energy,Entry,Bachelor's Degree,6108
Forestry,Senior,Associate Degree,4888
Media,Entry,High School,3264
Technology,Mid,Bachelor's Degree,6097
Engineering,Entry,PhD,8020
Fishing,Mid,Master's Degree,9314
Construction,Entry,High School,4213
Fishing,Mid,Associate Degree,5540
Agriculture,Mid,High School,4248
Healthcare,Mid,PhD,8204
Manufacturing,Senior,High School,3710
Forestry,Senior,Bachelor's Degree,7181
Logistics,Mid,Bachelor's Degree,7041
Defense,Mid,High School,4709
Retail,Mid,Master's Degree,7690
Logistics,Entry,Master's Degree,6648
Retail,Mid,Bachelor's Degree,7783
Education,Mid,High School,4681
Logistics,Senior,Bachelor's Degree,5602
Mining,Entry,Master's Degree,7787
Retail,Entry,Associate Degree,4291
Technology,Mid,Associate Degree,4700
Energy,Entry,Master's Degree,8658
Government,Mid,Bachelor's Degree,6902
Defense,Mid,Master's Degree,8215
Government,Senior,Associate Degree,3833
Media,Entry,Associate Degree,4631
Legal,Entry,Associate Degree,4656
Logistics,Entry,Associate Degree,5226
Transportation,Entry,Master's Degree,6443
Retail,Mid,High School,3755
Logistics,Entry,PhD,11289
Manufacturing,Mid,Master's Degree,7982
Construction,Entry,Associate Degree,4453
Government,Entry,Associate Degree,4956
Manufacturing,Entry,Associate Degree,4333
Education,Mid,High School,3561
Education,Mid,Master's Degree,8795
Energy,Senior,Associate Degree,4385
Forestry,Mid,PhD,9834
Transportation,Mid,Bachelor's Degree,6984
Agriculture,Entry,Associate Degree,5141
Construction,Mid,Master's Degree,8469
Forestry,Mid,Associate Degree,5663
Education,Senior,Bachelor's Degree,5814
Defense,Mid,Bachelor's Degree,5415
Agriculture,Mid,Master's Degree,7492
Mining,Mid,PhD,9817
Defense,Mid,Associate Degree,5426
Education,Entry,Associate Degree,4574
Construction,Mid,Master's Degree,8275
Transportation,Mid,Bachelor's Degree,5819
Engineering,Senior,Bachelor's Degree,7244
Logistics,Entry,High School,3870
Media,Entry,Master's Degree,9256
Engineering,Senior,Associate Degree,5595
Logistics,Entry,Master's Degree,7708
Education,Mid,Bachelor's Degree,5601
Media,Mid,Bachelor's Degree,6537
Defense,Senior,High School,4052
Energy,Mid,PhD,11057
Government,Entry,Associate Degree,4502
Energy,Mid,Bachelor's Degree,5462
Construction,Mid,High School,4608
Retail,Mid,High School,4462
Engineering,Mid,High School,4696
Engineering,Senior,High School,4695
Education,Senior,High School,4644
Logistics,Entry,Bachelor's Degree,6393
Fishing,Mid,Bachelor's Degree,5360
Fishing,Mid,High School,3938
Forestry,Entry,Master's Degree,9273
Mining,Mid,Bachelor's Degree,5374
Engineering,Entry,Associate Degree,5160
Finance,Mid,Bachelor's Degree,6610
Agriculture,Mid,PhD,9843
Education,Mid,Bachelor's Degree,6837
Mining,Entry,Associate Degree,4434
Real Estate,Senior,Bachelor's Degree,5657
Retail,Entry,Bachelor's Degree,6426
Agriculture,Senior,Bachelor's Degree,6816
Legal,Entry,Bachelor's Degree,7066
Healthcare,Entry,High School,3521
Transportation,Senior,High School,3561
Media,Entry,High School,4252
Real Estate,Senior,Bachelor's Degree,7557
Technology,Entry,Bachelor's Degree,7660
Engineering,Mid,Associate Degree,3812
Manufacturing,Mid,High School,4441
Healthcare,Mid,Bachelor's Degree,6310
Media,Mid,Associate Degree,4132
Agriculture,Entry,High School,4672
Real Estate,Entry,Bachelor's Degree,5619
Forestry,Mid,Master's Degree,9184
Transportation,Mid,High School,4560
Manufacturing,Senior,Bachelor's Degree,5630
Fishing,Senior,High School,3795
Defense,Entry,Master's Degree,7286
Retail,Entry,High School,4151
Mining,Mid,PhD,9142
Legal,Entry,PhD,9149
Healthcare,Entry,High School,3505
Retail,Mid,Associate Degree,4192
Construction,Entry,High School,3279
Healthcare,Mid,Bachelor's Degree,7521
Retail,Mid,Associate Degree,4402
Government,Entry,Master's Degree,8472
Healthcare,Mid,Master's Degree,6887
Technology,Mid,Bachelor's Degree,6215
Real Estate,Senior,Master's Degree,9481
Defense,Mid,High School,3228
Legal,Mid,Bachelor's Degree,5682
Construction,Entry,Master's Degree,7468
Agriculture,Mid,Associate Degree,5323
Retail,Entry,Associate Degree,4645
Legal,Entry,Master's Degree,9146
Forestry,Mid,Bachelor's Degree,6819
Healthcare,Entry,Bachelor's Degree,7674
Finance,Mid,High School,4714
Engineering,Entry,Bachelor's Degree,7178
Healthcare,Entry,Associate Degree,4936
Fishing,Entry,Bachelor's Degree,5411
Real Estate,Mid,High School,3546
Technology,Mid,Bachelor's Degree,6525
Technology,Senior,Associate Degree,3947
Mining,Mid,High School,3734
Forestry,Mid,Bachelor's Degree,6554
Mining,Entry,Master's Degree,7955
Forestry,Senior,Associate Degree,4322
Fishing,Mid,Associate Degree,4303
Agriculture,Mid,Master's Degree,7065
Transportation,Mid,High School,3909
Legal,Entry,High School,3720
Legal,Entry,Master's Degree,9445
Agriculture,Entry,PhD,10693
Manufacturing,Mid,Master's Degree,8931
Energy,Entry,High School,4794
Mining,Mid,High School,4137
Construction,Mid,Associate Degree,4567
Transportation,Mid,Bachelor's Degree,6463
Education,Senior,Associate Degree,5282
Engineering,Entry,Bachelor's Degree,5679
Real Estate,Entry,Bachelor's Degree,6524
Finance,Entry,Bachelor's Degree,6442
Technology,Entry,High School,4221
Real Estate,Senior,Master's Degree,7777
Defense,Senior,High School,3286
Real Estate,Entry,Associate Degree,5340
Fishing,Mid,High School,3809
Technology,Mid,Associate Degree,4280
Media,Mid,Bachelor's Degree,5710
Transportation,Entry,Bachelor's Degree,7657
Finance,Mid,Master's Degree,9043
Transportation,Entry,Bachelor's Degree,6382
Retail,Mid,Master's Degree,7903
Manufacturing,Mid,High School,4409
Agriculture,Mid,Associate Degree,5601
Engineering,Mid,Master's Degree,9441
Construction,Mid,High School,4581
Mining,Mid,Bachelor's Degree,5374
Manufacturing,Mid,Associate Degree,4777
Fishing,Senior,Master's Degree,7455
Education,Mid,Master's Degree,8389
Retail,Mid,PhD,8678
Engineering,Senior,High School,3831
Finance,Senior,High School,4743
Defense,Entry,Master's Degree,8629
Technology,Entry,PhD,11346
Mining,Senior,Bachelor's Degree,6799
Mining,Senior,High School,3630
Logistics,Entry,High School,3861
Engineering,Senior,Bachelor's Degree,6506
Forestry,Mid,Associate Degree,4303
Fishing,Entry,Master's Degree,9356
Transportation,Entry,High School,4766
Legal,Mid,Master's Degree,6491
Defense,Mid,Associate Degree,4196
Retail,Mid,Bachelor's Degree,6248
Forestry,Entry,Master's Degree,7491
Fishing,Entry,Master's Degree,9517
Healthcare,Mid,Associate Degree,4702
Transportation,Entry,Master's Degree,8557
Retail,Senior,Bachelor's Degree,5469
Fishing,Entry,Bachelor's Degree,6006
Mining,Mid,Associate Degree,5611
Manufacturing,Mid,Bachelor's Degree,7602
Technology,Mid,Master's Degree,7138
Education,Mid,Associate Degree,5492
Real Estate,Mid,High School,4001
Finance,Mid,High School,4517
Logistics,Entry,Bachelor's Degree,6730
Construction,Mid,Bachelor's Degree,7801
Transportation,Senior,Bachelor's Degree,6715
Construction,Senior,PhD,9740
Finance,Entry,Associate Degree,4081
Transportation,Senior,Master's Degree,7346
Agriculture,Mid,Bachelor's Degree,6057
Fishing,Entry,Associate Degree,4888
Finance,Senior,High School,4770
Transportation,Entry,Bachelor's Degree,5951
Agriculture,Mid,High School,3722
Government,Entry,Associate Degree,4418
Transportation,Mid,Bachelor's Degree,7131
Fishing,Senior,Bachelor's Degree,7256
Retail,Mid,Master's Degree,7437
Healthcare,Entry,Associate Degree,4869
Education,Mid,Bachelor's Degree,7943
Energy,Mid,Master's Degree,6407
Forestry,Entry,Associate Degree,4858
Agriculture,Entry,Associate Degree,3876
Finance,Mid,Bachelor's Degree,6004
Transportation,Entry,High School,4817
Education,Entry,Associate Degree,4919
Defense,Entry,Associate Degree,4001
Logistics,Mid,Bachelor's Degree,7645
Government,Mid,High School,3304
Finance,Mid,Bachelor's Degree,7152
Finance,Senior,Associate Degree,4259
Forestry,Mid,High School,3939
Technology,Entry,Associate Degree,4799
Construction,Entry,Associate Degree,5663
Mining,Entry,Bachelor's Degree,5826
Transportation,Entry,Master's Degree,8361
Transportation,Entry,Bachelor's Degree,6111
Construction,Entry,Associate Degree,5264
Real Estate,Entry,Master's Degree,6461
Transportation,Mid,High School,4047
Technology,Entry,High School,4644
Logistics,Mid,Associate Degree,4785
Transportation,Entry,Master's Degree,6843
Retail,Mid,PhD,9062
Technology,Senior,Bachelor's Degree,6690
Energy,Senior,Associate Degree,5051
Retail,Senior,Bachelor's Degree,7997
Energy,Entry,Bachelor's Degree,7736
Mining,Senior,Bachelor's Degree,8023
Defense,Senior,High School,3979
Forestry,Mid,Associate Degree,4554
Forestry,Mid,Master's Degree,7749
Fishing,Senior,PhD,11732
Media,Senior,Bachelor's Degree,7576
Agriculture,Mid,Bachelor's Degree,6287
Logistics,Mid,Master's Degree,8005
Agriculture,Mid,Associate Degree,4991
Transportation,Entry,Master's Degree,7980
Construction,Mid,Bachelor's Degree,6847
Legal,Entry,Bachelor's Degree,6740
Education,Entry,Bachelor's Degree,7808
Fishing,Senior,Bachelor's Degree,6937
Legal,Mid,Master's Degree,8005
Education,Senior,High School,4479
Education,Mid,Master's Degree,9244
Government,Senior,Bachelor's Degree,5480
Legal,Entry,Associate Degree,5230
Education,Entry,High School,4200
Education,Mid,Bachelor's Degree,6023
Real Estate,Mid,Associate Degree,4332
Defense,Mid,PhD,10241
Government,Mid,Bachelor's Degree,7330
Education,Senior,Bachelor's Degree,6246
Agriculture,Mid,Associate Degree,4743
Manufacturing,Senior,PhD,9504
Forestry,Mid,Associate Degree,5668
Defense,Mid,Master's Degree,8997
Transportation,Mid,Bachelor's Degree,6762
Government,Mid,Master's Degree,9221
Engineering,Mid,Associate Degree,5071
Fishing,Mid,Associate Degree,5509
Mining,Entry,Associate Degree,4479
Engineering,Senior,Associate Degree,4339
Agriculture,Entry,Bachelor's Degree,7841
Media,Mid,Associate Degree,5378
Engineering,Entry,Associate Degree,5502
Legal,Senior,Bachelor's Degree,7298
Education,Entry,High School,4143
Healthcare,Senior,Bachelor's Degree,7704
Technology,Entry,High School,4193
Finance,Senior,PhD,9650
Education,Mid,Bachelor's Degree,7579
Manufacturing,Entry,Associate Degree,5514
Agriculture,Entry,High School,4471
Engineering,Entry,Associate Degree,4322
Defense,Entry,High School,4118
Finance,Mid,Master's Degree,7995
Transportation,Entry,High School,4390
Fishing,Mid,Associate Degree,4865
Transportation,Senior,High School,3662
Agriculture,Mid,Master's Degree,7163
Real Estate,Senior,Bachelor's Degree,5675
Finance,Mid,PhD,7931
Energy,Entry,High School,3679
Education,Senior,Bachelor's Degree,7833
Technology,Mid,Associate Degree,4024
Education,Mid,Associate Degree,4713
Technology,Mid,PhD,8026
Forestry,Mid,Master's Degree,8830
Energy,Entry,Bachelor's Degree,7345
Technology,Mid,Bachelor's Degree,6453
Transportation,Entry,Bachelor's Degree,6770
Finance,Entry,PhD,10965
Real Estate,Entry,High School,4391
Logistics,Entry,Associate Degree,5188
Finance,Entry,Associate Degree,4506
Agriculture,Senior,Bachelor's Degree,6745
Transportation,Senior,Associate Degree,3905
Agriculture,Entry,Master's Degree,9545
Legal,Entry,Master's Degree,6907
Mining,Senior,Bachelor's Degree,7846
Transportation,Senior,High School,3960
Engineering,Entry,High School,4360
Defense,Mid,Associate Degree,5275
Defense,Mid,Master's Degree,9372
Transportation,Mid,Associate Degree,5646
Retail,Mid,PhD,8088
Forestry,Entry,PhD,8004
Real Estate,Senior,Associate Degree,4920
Retail,Senior,Master's Degree,8055
Media,Mid,Master's Degree,6517
Transportation,Entry,Bachelor's Degree,5656
Transportation,Entry,Master's Degree,6933
Transportation,Entry,Master's Degree,9112
Legal,Senior,High School,4521
Government,Senior,Associate Degree,4068
Media,Senior,Associate Degree,5606
Healthcare,Entry,Associate Degree,3873
Construction,Entry,High School,4355
Transportation,Entry,High School,3390
Government,Entry,Associate Degree,5659
Media,Entry,Master's Degree,8361
Logistics,Mid,Associate Degree,4439
Technology,Senior,High School,3741
Legal,Entry,High School,4448
Retail,Mid,Associate Degree,4501
Legal,Entry,Associate Degree,5429
Transportation,Senior,Associate Degree,5193
Agriculture,Senior,Master's Degree,8867
Energy,Senior,Associate Degree,5340
Energy,Entry,Associate Degree,4269
Legal,Mid,High School,3355
Healthcare,Mid,Bachelor's Degree,7618
Retail,Entry,Bachelor's Degree,6214
Legal,Mid,High School,4471
Engineering,Mid,High School,3312
Forestry,Entry,Bachelor's Degree,6544
Forestry,Entry,Associate Degree,3947
Legal,Entry,Master's Degree,6510
Defense,Mid,Master's Degree,8968
Retail,Senior,Bachelor's Degree,6949
Engineering,Senior,High School,4097
Energy,Mid,Associate Degree,4884
Healthcare,Mid,PhD,8074
Manufacturing,Entry,Associate Degree,4292
Forestry,Mid,High School,3544
Logistics,Entry,Bachelor's Degree,6640
Engineering,Mid,Master's Degree,9027
Education,Entry,Bachelor's Degree,7408
Retail,Mid,Master's Degree,8144
Real Estate,Senior,High School,4362
Transportation,Mid,Associate Degree,4243
Manufacturing,Senior,Master's Degree,7275
Transportation,Mid,Bachelor's Degree,5897
Transportation,Senior,Bachelor's Degree,7745
Government,Mid,PhD,10612
Mining,Senior,High School,4044
Construction,Mid,Bachelor's Degree,7658
Energy,Entry,Master's Degree,8315
Logistics,Senior,Master's Degree,8365
Education,Mid,Bachelor's Degree,6835
Construction,Mid,Associate Degree,5161
Transportation,Mid,Bachelor's Degree,6270
Media,Entry,Associate Degree,4682
Construction,Senior,Associate Degree,4488
Government,Senior,High School,3532
Fishing,Mid,Bachelor's Degree,5425
Finance,Mid,High School,4352
Technology,Entry,PhD,9275
Media,Entry,High School,3857
Manufacturing,Senior,High School,3443
Healthcare,Mid,Master's Degree,9166
Real Estate,Mid,High School,3836
Media,Entry,Bachelor's Degree,6101
Media,Mid,High School,3992
Real Estate,Entry,Associate Degree,5385
Media,Mid,Master's Degree,8676
Manufacturing,Senior,Associate Degree,4005
Media,Mid,Associate Degree,5469
Transportation,Mid,Bachelor's Degree,6945
Government,Entry,High School,4533
Manufacturing,Mid,High School,3850
Healthcare,Entry,Master's Degree,7889
Fishing,Senior,High School,3422
Healthcare,Senior,Bachelor's Degree,7472
Real Estate,Mid,Master's Degree,8954
Engineering,Mid,High School,4496
Defense,Mid,Bachelor's Degree,6415
Healthcare,Mid,Associate Degree,5305
Engineering,Mid,High School,4354
Media,Entry,Associate Degree,5458
Engineering,Senior,Master's Degree,7890
Healthcare,Mid,Associate Degree,3854
Agriculture,Mid,Bachelor's Degree,7222
Energy,Mid,Associate Degree,4613
Agriculture,Entry,Master's Degree,8743
Construction,Entry,Associate Degree,4543
Government,Entry,High School,3731
Manufacturing,Mid,Bachelor's Degree,7996
Forestry,Senior,Master's Degree,9242
Forestry,Senior,Master's Degree,7966
Manufacturing,Mid,Bachelor's Degree,7901
Government,Entry,Associate Degree,5347
Retail,Entry,Associate Degree,4977
Healthcare,Mid,High School,3411
Healthcare,Mid,High School,3762
Engineering,Mid,Associate Degree,4413
Transportation,Entry,High School,3612
Forestry,Mid,PhD,11301
Media,Senior,Bachelor's Degree,7081
Government,Senior,Bachelor's Degree,6644
Fishing,Mid,Associate Degree,4181
Engineering,Senior,Bachelor's Degree,5786
Finance,Mid,Associate Degree,4724
Healthcare,Mid,Associate Degree,4468
Construction,Senior,High School,3337
Healthcare,Entry,High School,4677
Logistics,Mid,Bachelor's Degree,5930
Finance,Entry,Master's Degree,8512
Energy,Mid,Bachelor's Degree,7114
Technology,Entry,Associate Degree,4060
Forestry,Mid,PhD,9852
Legal,Mid,Bachelor's Degree,5505
Fishing,Mid,Bachelor's Degree,5379
Education,Mid,PhD,10950
Logistics,Entry,Master's Degree,6675
Forestry,Mid,Bachelor's Degree,6680
Healthcare,Mid,Bachelor's Degree,6888
Agriculture,Senior,Associate Degree,3958
Defense,Mid,Bachelor's Degree,6295
Finance,Senior,High School,4535
Defense,Senior,Associate Degree,4060
Legal,Entry,High School,3996
Fishing,Senior,Associate Degree,4552
Defense,Entry,Bachelor's Degree,6518
Education,Senior,Bachelor's Degree,5374
Manufacturing,Entry,PhD,10535
Retail,Entry,High School,4122
Finance,Mid,High School,4095
Legal,Mid,High School,4821
Real Estate,Mid,High School,3351
Real Estate,Entry,Bachelor's Degree,7179
Finance,Mid,PhD,10086
Engineering,Mid,Bachelor's Degree,6496
Forestry,Entry,PhD,8701
Manufacturing,Mid,Bachelor's Degree,6157
Logistics,Mid,Associate Degree,4225
Forestry,Entry,Bachelor's Degree,6849
Construction,Senior,Associate Degree,4373
Real Estate,Senior,Associate Degree,5595
Education,Entry,Master's Degree,8749
Agriculture,Mid,Bachelor's Degree,7639
Retail,Senior,Bachelor's Degree,7116
Fishing,Mid,High School,3925
Retail,Mid,Bachelor's Degree,5965
Education,Entry,Master's Degree,8386
Government,Mid,Associate Degree,5683
Energy,Entry,Bachelor's Degree,7026
Healthcare,Entry,Master's Degree,8807
Defense,Mid,Bachelor's Degree,7317
Education,Mid,Associate Degree,4275
Defense,Mid,Master's Degree,7502
Construction,Senior,High School,4079
Finance,Entry,Bachelor's Degree,6386
Agriculture,Mid,High School,3715
Media,Entry,Bachelor's Degree,7318
Government,Entry,High School,3993
Education,Senior,Associate Degree,4225
Finance,Mid,Associate Degree,5599
Construction,Mid,Bachelor's Degree,8008
Legal,Mid,Bachelor's Degree,6432
Transportation,Mid,High School,4775
Mining,Mid,Associate Degree,5706
Engineering,Mid,High School,4429
Media,Entry,High School,3597
Construction,Entry,Master's Degree,6408
Energy,Entry,Bachelor's Degree,6947
Defense,Senior,Associate Degree,5153
Government,Entry,High School,3793
Government,Entry,Master's Degree,8107
Engineering,Entry,Bachelor's Degree,7150
Government,Entry,High School,4553
Manufacturing,Mid,Master's Degree,6962
Media,Senior,High School,3670
Legal,Mid,Bachelor's Degree,7717
Retail,Entry,Bachelor's Degree,7666
Forestry,Entry,Bachelor's Degree,7958
Healthcare,Entry,Master's Degree,7711
Engineering,Mid,Bachelor's Degree,6832
Legal,Entry,Associate Degree,4198
Healthcare,Mid,Master's Degree,7977
Retail,Entry,High School,4281
Transportation,Entry,Bachelor's Degree,7077
Mining,Entry,Master's Degree,9049
Media,Entry,Bachelor's Degree,6573
Engineering,Senior,High School,4529
Healthcare,Mid,Bachelor's Degree,5782
Engineering,Mid,Associate Degree,4201
Healthcare,Senior,Associate Degree,5222
Fishing,Entry,Master's Degree,6902
Retail,Entry,Associate Degree,3859
Finance,Entry,High School,4012
Forestry,Mid,High School,4751
Construction,Entry,Associate Degree,4201
Retail,Mid,High School,3638
Transportation,Entry,Master's Degree,8364
Forestry,Mid,High School,4831
Transportation,Senior,Master's Degree,8588
Education,Entry,Master's Degree,7401
Mining,Entry,High School,3255
Mining,Entry,Bachelor's Degree,7057
Logistics,Entry,Master's Degree,9109
Forestry,Entry,Associate Degree,4348
Technology,Mid,High School,3961
Legal,Senior,High School,3479
Construction,Mid,Master's Degree,7786
Energy,Senior,Bachelor's Degree,6496
Defense,Senior,Master's Degree,9484
Defense,Mid,Associate Degree,4633
Transportation,Entry,Associate Degree,3923
Agriculture,Mid,Master's Degree,9566
Government,Senior,High School,4060
Education,Entry,Associate Degree,5212
Mining,Entry,Bachelor's Degree,7785
Transportation,Entry,Master's Degree,8727
Forestry,Mid,Bachelor's Degree,5547
Legal,Senior,Associate Degree,4029
Energy,Senior,Bachelor's Degree,7529
Construction,Entry,Bachelor's Degree,5497
Agriculture,Entry,Bachelor's Degree,6658
Real Estate,Senior,High School,4487
Fishing,Mid,Master's Degree,8020
Technology,Mid,High School,4706
Forestry,Mid,Master's Degree,9520
Logistics,Mid,Associate Degree,5039
Construction,Mid,Bachelor's Degree,5813
Media,Senior,Master's Degree,7727
Defense,Mid,Master's Degree,8674
Mining,Entry,Master's Degree,7384
Defense,Mid,High School,4053
Real Estate,Mid,Associate Degree,5580
Fishing,Mid,Associate Degree,5495
Legal,Entry,High School,4252
Mining,Entry,Associate Degree,4383
Government,Mid,High School,3624
Education,Mid,Associate Degree,4936
Mining,Mid,High School,3459
Transportation,Mid,Bachelor's Degree,6366
Technology,Mid,Bachelor's Degree,7058
Real Estate,Entry,Associate Degree,4523
Engineering,Mid,Master's Degree,8315
Logistics,Senior,Master's Degree,6596
Healthcare,Mid,Associate Degree,4484
Construction,Mid,High School,4412
Manufacturing,Mid,PhD,8291
Agriculture,Mid,High School,3620
Finance,Mid,Associate Degree,4937
Retail,Mid,Master's Degree,7492
Energy,Mid,Associate Degree,4721
Forestry,Entry,Bachelor's Degree,5597
Finance,Entry,Associate Degree,4656
Legal,Mid,Associate Degree,5269
Legal,Senior,High School,4696
Manufacturing,Entry,Associate Degree,5356
Transportation,Entry,Associate Degree,5391
Transportation,Mid,High School,3416
Education,Mid,PhD,11024
Healthcare,Entry,Bachelor's Degree,6753
Forestry,Entry,High School,4242
Finance,Entry,PhD,8323
Mining,Senior,Bachelor's Degree,6059
Agriculture,Entry,Associate Degree,5048
Construction,Entry,Master's Degree,9139
Manufacturing,Mid,High School,4568
Engineering,Entry,Associate Degree,4404
Energy,Senior,Associate Degree,4684
Manufacturing,Entry,Bachelor's Degree,7734
Fishing,Entry,PhD,10397
Manufacturing,Mid,Master's Degree,7172
Construction,Mid,PhD,10531
Government,Entry,PhD,8054
Transportation,Entry,High School,3342
Healthcare,Senior,Associate Degree,5543
Fishing,Entry,Associate Degree,5700
Agriculture,Mid,Bachelor's Degree,5619
Agriculture,Senior,Associate Degree,4468
Fishing,Entry,High School,3719
Logistics,Mid,Bachelor's Degree,7572
Mining,Mid,Associate Degree,5648
Defense,Senior,Associate Degree,4139
Healthcare,Senior,Associate Degree,4557
Mining,Mid,PhD,10796
Energy,Mid,Master's Degree,7071
Government,Mid,High School,4290
Defense,Mid,Master's Degree,8747
Manufacturing,Mid,Master's Degree,8034
Fishing,Entry,Bachelor's Degree,7325
Logistics,Mid,Bachelor's Degree,6734
Education,Entry,Associate Degree,4531
Energy,Entry,Bachelor's Degree,6848
Healthcare,Senior,Bachelor's Degree,7833
Government,Entry,Master's Degree,8752
Healthcare,Entry,Bachelor's Degree,5676
Logistics,Mid,Bachelor's Degree,5933
Construction,Senior,High School,4703
Forestry,Entry,Master's Degree,7565
Defense,Entry,Bachelor's Degree,6277
Transportation,Senior,Bachelor's Degree,6194
Defense,Entry,High School,4471
Government,Senior,PhD,11591
Real Estate,Senior,High School,3561
Fishing,Mid,High School,4033
Technology,Senior,Associate Degree,4870
Finance,Entry,Bachelor's Degree,7257
Fishing,Mid,Master's Degree,7579
Healthcare,Mid,High School,3427
Engineering,Entry,High School,3904
Construction,Senior,PhD,11365
Construction,Entry,PhD,9292
Fishing,Entry,Bachelor's Degree,6231
Agriculture,Senior,Master's Degree,6693
Retail,Senior,High School,3299
Finance,Entry,Associate Degree,5021
Construction,Senior,Associate Degree,5569
Defense,Mid,High School,4454
Education,Mid,High School,4636
Agriculture,Mid,High School,4138
Agriculture,Mid,Bachelor's Degree,7690
Energy,Senior,PhD,9814
Retail,Mid,Bachelor's Degree,5815
Forestry,Mid,High School,3960
Finance,Senior,Associate Degree,4534
Transportation,Mid,Bachelor's Degree,5412
Healthcare,Mid,PhD,10155
Government,Senior,Bachelor's Degree,5561
Media,Entry,Master's Degree,8424
Retail,Mid,High School,3418
Defense,Senior,Master's Degree,6700
Real Estate,Entry,Associate Degree,4140
Finance,Senior,High School,3666
Engineering,Mid,High School,4832
Real Estate,Senior,Master's Degree,8230
Fishing,Entry,Master's Degree,7202
Retail,Senior,Bachelor's Degree,6748
Finance,Entry,PhD,8520
Finance,Entry,PhD,9552
Real Estate,Mid,Bachelor's Degree,7843
Engineering,Entry,Master's Degree,7393
Defense,Entry,Associate Degree,5167
Mining,Senior,High School,3291
Education,Mid,Bachelor's Degree,7072
Forestry,Entry,Bachelor's Degree,6278
Healthcare,Senior,Bachelor's Degree,7266
Defense,Entry,Associate Degree,5545
Technology,Entry,High School,4308
Technology,Mid,Associate Degree,4982
Forestry,Mid,Associate Degree,5235
Energy,Senior,Associate Degree,4844
Logistics,Mid,Master's Degree,8128
Engineering,Entry,Master's Degree,7526
Logistics,Senior,High School,3951
Media,Mid,High School,3850
Mining,Entry,Bachelor's Degree,6645
Construction,Entry,Master's Degree,7113
Agriculture,Entry,Bachelor's Degree,7162
Fishing,Mid,Bachelor's Degree,7627
Logistics,Entry,Bachelor's Degree,7460
Real Estate,Entry,High School,3787
Defense,Mid,Bachelor's Degree,8001
Real Estate,Entry,Bachelor's Degree,6601
Manufacturing,Entry,Bachelor's Degree,6038
Defense,Entry,Associate Degree,5590
Engineering,Mid,PhD,9723
Finance,Mid,Bachelor's Degree,7636
Healthcare,Entry,Associate Degree,4472
Engineering,Entry,Bachelor's Degree,7126
Engineering,Mid,Bachelor's Degree,7606
Retail,Senior,Bachelor's Degree,7021
Manufacturing,Entry,PhD,9978
Government,Senior,Bachelor's Degree,5476
Logistics,Mid,Master's Degree,7561
Real Estate,Entry,PhD,10698
Engineering,Entry,Bachelor's Degree,7524
Media,Entry,High School,3311
Transportation,Entry,High School,4744
Logistics,Senior,Bachelor's Degree,7804
Media,Entry,Bachelor's Degree,5767
Forestry,Entry,Associate Degree,5196
Technology,Mid,Master's Degree,6698
Transportation,Mid,Bachelor's Degree,6515
Technology,Senior,Master's Degree,6664
Education,Mid,Master's Degree,8476
Finance,Entry,High School,4550
Education,Mid,High School,3688
Defense,Senior,Associate Degree,4917
Government,Mid,Associate Degree,5501
Education,Entry,High School,3335
Mining,Senior,Associate Degree,4803
Retail,Entry,Master's Degree,9334
Real Estate,Mid,Master's Degree,7293
Technology,Entry,Associate Degree,4621
Agriculture,Entry,Associate Degree,5695
Forestry,Senior,Master's Degree,7876
Media,Senior,High School,4367
Defense,Entry,Master's Degree,6727
Defense,Mid,Bachelor's Degree,6067
Legal,Senior,Bachelor's Degree,7410
Defense,Entry,High School,3341
Mining,Mid,High School,4064
Technology,Senior,Bachelor's Degree,7552
Legal,Senior,Associate Degree,4716
Logistics,Mid,Master's Degree,9411
Legal,Entry,High School,4411
Technology,Entry,Master's Degree,9223
Energy,Entry,Associate Degree,5346
Technology,Entry,Master's Degree,7940
Media,Entry,Associate Degree,4056
Transportation,Mid,Associate Degree,4739
Fishing,Entry,High School,3526
Fishing,Entry,Associate Degree,4424
Construction,Entry,Master's Degree,7327
Fishing,Senior,Bachelor's Degree,5428
Construction,Mid,Bachelor's Degree,5362
Manufacturing,Senior,Bachelor's Degree,6198
Fishing,Entry,Bachelor's Degree,6700
Engineering,Mid,High School,3572
Defense,Mid,High School,4392
Transportation,Mid,Associate Degree,5099
Construction,Entry,Bachelor's Degree,5640
Logistics,Mid,Bachelor's Degree,7746
Logistics,Mid,Associate Degree,5632
Logistics,Entry,High School,3732
Media,Senior,Associate Degree,5132
Mining,Entry,PhD,10463
Engineering,Mid,High School,3296
Retail,Senior,High School,4631
Media,Entry,Bachelor's Degree,7914
Agriculture,Mid,Bachelor's Degree,5977
Retail,Mid,Bachelor's Degree,5383
Construction,Mid,PhD,9014
Manufacturing,Mid,High School,4523
Government,Entry,PhD,9595
Legal,Mid,Associate Degree,5639
Healthcare,Mid,Associate Degree,4917
Construction,Entry,High School,4767
Manufacturing,Entry,Associate Degree,4482
Defense,Entry,Associate Degree,4175
Real Estate,Entry,Master's Degree,8046
Real Estate,Mid,Associate Degree,5557
Legal,Entry,Master's Degree,7616
Finance,Senior,Bachelor's Degree,6900
Legal,Entry,Bachelor's Degree,6848
Finance,Mid,Associate Degree,5068
Government,Mid,Bachelor's Degree,5962
Construction,Entry,Master's Degree,6692
Education,Entry,PhD,11608
Fishing,Entry,Bachelor's Degree,7724
Construction,Entry,Master's Degree,8067
Government,Senior,Associate Degree,4436
Media,Senior,Bachelor's Degree,6756
Mining,Mid,Master's Degree,7605
Engineering,Mid,Master's Degree,8109
Engineering,Entry,Bachelor's Degree,7145
Fishing,Entry,Bachelor's Degree,7227
Technology,Senior,Bachelor's Degree,5674
Technology,Senior,Master's Degree,8168
Energy,Senior,Master's Degree,6853
Forestry,Mid,Master's Degree,6470
Energy,Senior,Associate Degree,5532
Media,Entry,High School,4476
Transportation,Entry,High School,3485
Legal,Entry,Bachelor's Degree,6001
Agriculture,Entry,Master's Degree,6918
Agriculture,Mid,High School,3678
Retail,Mid,Master's Degree,7641
Engineering,Mid,Associate Degree,5473
Technology,Mid,PhD,10098
Education,Senior,Bachelor's Degree,7773
Fishing,Mid,High School,3914
Engineering,Entry,Associate Degree,4485
Legal,Entry,Associate Degree,5698
Defense,Senior,Associate Degree,4795
Real Estate,Entry,Bachelor's Degree,6071
Finance,Senior,Bachelor's Degree,6101
Logistics,Mid,Associate Degree,5160
Education,Mid,Associate Degree,4938
Logistics,Entry,Associate Degree,5144
Education,Mid,Bachelor's Degree,5638
Finance,Entry,Master's Degree,7521
Real Estate,Entry,Master's Degree,8274
Media,Entry,Master's Degree,9567
Finance,Entry,Associate Degree,3923
Media,Senior,Master's Degree,6979
Legal,Mid,Bachelor's Degree,7525
Government,Mid,Associate Degree,4788
Education,Entry,High School,3592
Media,Entry,Associate Degree,4070
Manufacturing,Entry,Bachelor's Degree,7315
Government,Entry,High School,3925
Finance,Entry,Associate Degree,4829
Transportation,Mid,High School,4567
Finance,Mid,Master's Degree,8254
Education,Mid,High School,4496
Energy,Entry,High School,3281
Mining,Mid,High School,3626
Defense,Mid,High School,4250
Healthcare,Mid,Associate Degree,5211
Retail,Entry,High School,4163
Legal,Senior,Bachelor's Degree,5660
Agriculture,Entry,Bachelor's Degree,6619
Government,Entry,High School,4666
Media,Senior,Bachelor's Degree,7151
Logistics,Senior,Associate Degree,5519
Retail,Senior,Master's Degree,8642
Defense,Entry,Bachelor's Degree,6643
Mining,Senior,PhD,10501
Construction,Entry,High School,4463
Agriculture,Entry,Bachelor's Degree,5651
Legal,Entry,Associate Degree,4365
Agriculture,Mid,Master's Degree,8402
Agriculture,Entry,Master's Degree,7671
Finance,Entry,High School,3975
Government,Entry,High School,3658
Legal,Mid,Bachelor's Degree,6358
Agriculture,Mid,High School,3458
Logistics,Mid,Associate Degree,5629
Agriculture,Entry,Bachelor's Degree,7103
Healthcare,Entry,High School,3789
Education,Senior,Associate Degree,4621
Engineering,Entry,Master's Degree,9528
Technology,Entry,Associate Degree,4921
Logistics,Entry,Associate Degree,4355
Agriculture,Entry,Associate Degree,4106
Fishing,Mid,PhD,10576
Education,Entry,Associate Degree,3841
Forestry,Mid,Master's Degree,6761
Energy,Senior,Bachelor's Degree,7931
Logistics,Senior,Associate Degree,4648
Healthcare,Mid,Associate Degree,5316
Construction,Entry,High School,3301
Media,Mid,Associate Degree,4741
Media,Entry,Bachelor's Degree,6870
Fishing,Senior,High School,4132
Mining,Entry,Bachelor's Degree,6090
Education,Senior,Associate Degree,5048
Construction,Senior,Bachelor's Degree,6778
Mining,Mid,Master's Degree,8254
Finance,Mid,High School,3362
Finance,Mid,Associate Degree,4234
Education,Mid,Associate Degree,4628
Mining,Mid,Bachelor's Degree,5487
Forestry,Entry,High School,3768
Education,Entry,Master's Degree,8204
Engineering,Mid,Master's Degree,7897
Manufacturing,Entry,High School,3272
Legal,Senior,Associate Degree,4108
Technology,Mid,Master's Degree,8291
Manufacturing,Mid,Associate Degree,5242
Real Estate,Entry,Associate Degree,4779
Construction,Mid,High School,4826
Education,Senior,Bachelor's Degree,6034
Defense,Mid,Associate Degree,5021
Agriculture,Entry,Bachelor's Degree,6994
Government,Mid,Master's Degree,9027
Media,Mid,Bachelor's Degree,7885
Education,Entry,High School,4444
Fishing,Entry,High School,3706
Retail,Mid,Associate Degree,4667
Media,Entry,Associate Degree,4897
Construction,Senior,Bachelor's Degree,7110
Finance,Entry,Associate Degree,4416
Forestry,Mid,High School,4035
Retail,Senior,Associate Degree,4494
Legal,Mid,Associate Degree,4384
Healthcare,Entry,High School,3342
Construction,Entry,Bachelor's Degree,7124
Retail,Entry,Master's Degree,7624
Engineering,Mid,Master's Degree,9022
Agriculture,Senior,Associate Degree,3817
Government,Entry,Associate Degree,5575
Government,Entry,Bachelor's Degree,6474
Transportation,Mid,Bachelor's Degree,5370
Forestry,Entry,Bachelor's Degree,7675
Energy,Mid,Bachelor's Degree,5778
Defense,Senior,High School,4043
Retail,Entry,Associate Degree,4581
Government,Senior,Bachelor's Degree,6898
Media,Entry,Bachelor's Degree,6377
Mining,Mid,Bachelor's Degree,6989
Transportation,Senior,Associate Degree,5528
Logistics,Entry,Master's Degree,9202
Construction,Mid,Master's Degree,7754
Logistics,Entry,Master's Degree,9114
Technology,Mid,High School,4357
Logistics,Entry,PhD,10272
Construction,Senior,High School,3905
Technology,Entry,Bachelor's Degree,7659
Engineering,Mid,Master's Degree,6860
Mining,Entry,Master's Degree,8341
Technology,Entry,High School,4570
Manufacturing,Senior,Master's Degree,8937
Agriculture,Entry,Associate Degree,5262
Mining,Senior,Associate Degree,4072
Retail,Entry,High School,4476
Healthcare,Senior,Master's Degree,7814
Agriculture,Senior,High School,3255
Energy,Senior,Bachelor's Degree,7257
Energy,Entry,High School,3236
Transportation,Mid,Associate Degree,5069
Real Estate,Senior,Bachelor's Degree,7890
Construction,Senior,Master's Degree,7622
Defense,Mid,Associate Degree,5329
Forestry,Mid,Associate Degree,4803
Construction,Entry,Master's Degree,8171
Technology,Mid,Master's Degree,7396
Transportation,Entry,Associate Degree,4851
Energy,Mid,Associate Degree,4515
Manufacturing,Mid,Associate Degree,5464
Mining,Mid,Bachelor's Degree,7263
Fishing,Mid,Master's Degree,7624
Government,Senior,Master's Degree,7489
Construction,Senior,Bachelor's Degree,6358
Energy,Mid,Bachelor's Degree,6360
Education,Entry,Bachelor's Degree,7200
Defense,Entry,Associate Degree,5118
Education,Entry,Bachelor's Degree,7422
Finance,Mid,Associate Degree,5265
Finance,Mid,Bachelor's Degree,7705
Media,Entry,Bachelor's Degree,7894
Retail,Mid,Bachelor's Degree,7464
Agriculture,Mid,Bachelor's Degree,6694
Manufacturing,Entry,Bachelor's Degree,6159
Transportation,Senior,Master's Degree,9302
Government,Entry,Bachelor's Degree,7862
Energy,Mid,Master's Degree,8651
Healthcare,Senior,Bachelor's Degree,5503
Agriculture,Senior,Bachelor's Degree,6984
Defense,Entry,Master's Degree,6410
Logistics,Mid,Bachelor's Degree,5560
Real Estate,Entry,High School,3586
Healthcare,Mid,Master's Degree,8318
Manufacturing,Entry,Associate Degree,5492
Media,Mid,Bachelor's Degree,7842
Logistics,Mid,Master's Degree,8695
Government,Mid,Bachelor's Degree,5866
Real Estate,Entry,High School,4210
Legal,Mid,Master's Degree,7867
Mining,Mid,Associate Degree,4263
Fishing,Mid,Bachelor's Degree,7923
Technology,Mid,Associate Degree,4218
Technology,Entry,Associate Degree,4961
Engineering,Senior,Associate Degree,3928
Energy,Mid,High School,3448
Fishing,Mid,Bachelor's Degree,6834
Real Estate,Senior,Master's Degree,9243
Finance,Mid,Associate Degree,5051
Government,Mid,Bachelor's Degree,5523
Education,Mid,Master's Degree,8202
Real Estate,Entry,PhD,8742
Forestry,Senior,Associate Degree,5577
Education,Senior,Associate Degree,4476
Defense,Mid,High School,4376
Legal,Mid,Bachelor's Degree,6872
Retail,Senior,Master's Degree,7677
Fishing,Entry,Associate Degree,4824
Education,Mid,Master's Degree,7404
Healthcare,Entry,Bachelor's Degree,7103
Forestry,Senior,Bachelor's Degree,5594
Mining,Entry,Associate Degree,4239
Retail,Entry,Bachelor's Degree,6318
Construction,Senior,Associate Degree,3878
Media,Entry,Associate Degree,5432
Mining,Senior,Associate Degree,4579
Legal,Entry,Master's Degree,9011
Legal,Entry,Bachelor's Degree,6007
Logistics,Entry,High School,4320
Energy,Mid,Bachelor's Degree,7833
Construction,Senior,Master's Degree,7115
Fishing,Mid,Bachelor's Degree,5729
Finance,Entry,Master's Degree,8189
Fishing,Mid,Bachelor's Degree,6396
Energy,Mid,Bachelor's Degree,8000
Defense,Entry,PhD,9700
Government,Mid,Master's Degree,6885
Finance,Entry,Master's Degree,6414
Mining,Entry,High School,4511
Media,Mid,High School,4101
Retail,Mid,High School,4383
Finance,Entry,Bachelor's Degree,6620
Engineering,Entry,PhD,11754
Government,Entry,Associate Degree,3902
Fishing,Mid,Associate Degree,5697
Forestry,Entry,High School,4205
Real Estate,Mid,Bachelor's Degree,6826
Mining,Senior,High School,3274
Media,Mid,Bachelor's Degree,5444
Logistics,Entry,Bachelor's Degree,6018
Real Estate,Entry,Associate Degree,4962
Legal,Entry,Master's Degree,6865
Forestry,Entry,PhD,10598
Construction,Entry,Bachelor's Degree,6453
Mining,Mid,Master's Degree,9009
Real Estate,Entry,Master's Degree,9435
Legal,Senior,High School,3262
Legal,Senior,Master's Degree,7227
Energy,Entry,Bachelor's Degree,7404
Agriculture,Senior,Bachelor's Degree,5856
Real Estate,Mid,Master's Degree,9436
Mining,Mid,Master's Degree,8576
Construction,Mid,Master's Degree,8467
Finance,Mid,Master's Degree,9224
Transportation,Entry,High School,3769
Manufacturing,Mid,Associate Degree,4824
Transportation,Entry,High School,4800
Engineering,Mid,Master's Degree,6898
Engineering,Senior,Associate Degree,4268
Manufacturing,Mid,High School,3666
Real Estate,Entry,Bachelor's Degree,5752
Energy,Mid,PhD,10052
Legal,Entry,Associate Degree,4546
Finance,Senior,Bachelor's Degree,5778
Technology,Mid,Associate Degree,5276
Defense,Entry,Bachelor's Degree,6070
Government,Entry,High School,3903
Government,Senior,Bachelor's Degree,6291
Defense,Senior,High School,4558
Transportation,Mid,Associate Degree,3886
Finance,Senior,High School,3996
Defense,Entry,Bachelor's Degree,7023
Government,Entry,Associate Degree,4828
Construction,Entry,Bachelor's Degree,7706
Construction,Mid,Associate Degree,3816
Mining,Senior,Bachelor's Degree,5372
Finance,Mid,Master's Degree,8286
Logistics,Entry,High School,3303
Transportation,Senior,Master's Degree,7342
Real Estate,Entry,Associate Degree,4499
Mining,Mid,Master's Degree,8744
Agriculture,Mid,Associate Degree,4143
Finance,Entry,Master's Degree,8423
Fishing,Mid,Associate Degree,4879
Transportation,Entry,Master's Degree,8819
Mining,Senior,Associate Degree,5224
Transportation,Senior,Associate Degree,4677
Media,Entry,Bachelor's Degree,7037
Fishing,Senior,Bachelor's Degree,8000
Fishing,Entry,Master's Degree,8737
Healthcare,Entry,Bachelor's Degree,6102
Manufacturing,Mid,Master's Degree,6966
Real Estate,Entry,Master's Degree,8650
Transportation,Mid,Bachelor's Degree,7861
Defense,Mid,Master's Degree,8272
Agriculture,Mid,Associate Degree,4016
Retail,Senior,Associate Degree,4646
Logistics,Mid,Master's Degree,8513
Agriculture,Mid,High School,4317
Logistics,Entry,Master's Degree,7096
Technology,Senior,Associate Degree,5006
Education,Entry,Associate Degree,5437
Defense,Entry,High School,4357
Education,Entry,High School,4048
Education,Entry,Bachelor's Degree,5730
Fishing,Senior,PhD,11508
Real Estate,Entry,High School,3952
Education,Mid,Associate Degree,4474
Manufacturing,Senior,Master's Degree,9523
Technology,Mid,Bachelor's Degree,7340
Healthcare,Mid,High School,4536
Forestry,Mid,Master's Degree,8481
Construction,Entry,Master's Degree,8603
Legal,Mid,Bachelor's Degree,5568
Manufacturing,Senior,Associate Degree,4446
Defense,Senior,High School,4761
Healthcare,Mid,High School,4601
Real Estate,Mid,Master's Degree,7729
Transportation,Senior,Master's Degree,9190
Education,Entry,Bachelor's Degree,6301
Education,Senior,Bachelor's Degree,5948
Energy,Mid,High School,3975
Engineering,Senior,Associate Degree,4503
Energy,Mid,Bachelor's Degree,7796
Technology,Senior,Bachelor's Degree,7235
Fishing,Mid,High School,4749
Forestry,Entry,High School,3383
Retail,Mid,High School,4100
Education,Senior,Bachelor's Degree,6177
Engineering,Entry,Associate Degree,5024
Real Estate,Senior,Bachelor's Degree,7362
Retail,Entry,PhD,9024
Energy,Mid,Master's Degree,8530
Healthcare,Entry,Associate Degree,4387
Transportation,Mid,Bachelor's Degree,7662
Logistics,Senior,Master's Degree,7531
Engineering,Senior,Bachelor's Degree,7826
Forestry,Mid,Associate Degree,4187
Education,Entry,High School,4796
Healthcare,Senior,High School,3948
Manufacturing,Entry,High School,3474
Media,Entry,Master's Degree,9093
Construction,Mid,Master's Degree,7971
Energy,Entry,Associate Degree,3855
Legal,Mid,Associate Degree,3989
Finance,Entry,Bachelor's Degree,7014
Manufacturing,Entry,Bachelor's Degree,6653
Media,Entry,Master's Degree,7849
Healthcare,Mid,Bachelor's Degree,6349
Fishing,Entry,Associate Degree,4427
Real Estate,Mid,High School,4266
Engineering,Mid,Bachelor's Degree,7960
Healthcare,Mid,Bachelor's Degree,7513
Media,Entry,Associate Degree,5451
Logistics,Entry,PhD,10697
Media,Mid,Associate Degree,5239
Logistics,Mid,Bachelor's Degree,6249
Transportation,Mid,Master's Degree,9490
Fishing,Entry,Associate Degree,5292
Education,Mid,Master's Degree,6562
Fishing,Entry,Associate Degree,4554
Government,Mid,Bachelor's Degree,7174
Forestry,Entry,Master's Degree,7321
Engineering,Entry,Bachelor's Degree,7617
Retail,Entry,Bachelor's Degree,8020
Real Estate,Entry,Associate Degree,4727
Defense,Mid,Associate Degree,4964
Government,Entry,Associate Degree,5459
Government,Entry,Master's Degree,7594
Real Estate,Entry,Master's Degree,9488
Education,Entry,Master's Degree,6484
Education,Mid,Master's Degree,9044
Mining,Entry,Bachelor's Degree,5510
Media,Mid,Master's Degree,8848
Logistics,Entry,Master's Degree,7004
Energy,Entry,Bachelor's Degree,7222
Forestry,Mid,High School,4035
Construction,Entry,PhD,9180
Logistics,Entry,Master's Degree,7780
Engineering,Mid,Associate Degree,4188
Engineering,Entry,High School,4396
Technology,Entry,Bachelor's Degree,5974
Media,Entry,Bachelor's Degree,7187
Finance,Mid,Associate Degree,4481
Retail,Mid,Master's Degree,9327
Legal,Senior,Bachelor's Degree,5391
Defense,Mid,Bachelor's Degree,6460
Technology,Senior,Master's Degree,6482
Media,Entry,PhD,8822
Energy,Entry,Master's Degree,8385
Fishing,Entry,Associate Degree,4545
Retail,Mid,Associate Degree,5338
Construction,Senior,High School,3635
Government,Entry,Bachelor's Degree,6672
Engineering,Entry,Bachelor's Degree,7100
Technology,Senior,Associate Degree,5214
Education,Entry,High School,4099
Retail,Entry,Master's Degree,7511
Healthcare,Senior,Associate Degree,3894
Education,Senior,Master's Degree,9530
Real Estate,Entry,Associate Degree,5433
Energy,Senior,High School,4133
Healthcare,Entry,Associate Degree,4712
Mining,Senior,High School,4323
Technology,Mid,Associate Degree,4297
Engineering,Entry,Associate Degree,5097
Energy,Mid,Associate Degree,4982
Manufacturing,Mid,Associate Degree,3836
Technology,Mid,Associate Degree,4283
Agriculture,Mid,Bachelor's Degree,7559
Healthcare,Senior,Associate Degree,5516
Technology,Senior,Master's Degree,9261
Finance,Senior,Master's Degree,8324
Energy,Entry,High School,3479
Government,Entry,Associate Degree,4708
Education,Senior,Associate Degree,5578
Defense,Entry,Associate Degree,4152
Manufacturing,Senior,Master's Degree,7598
Logistics,Mid,High School,3547
Education,Mid,Associate Degree,4220
Fishing,Entry,Associate Degree,4490
Education,Entry,Bachelor's Degree,5994
Agriculture,Entry,High School,3811
Transportation,Mid,High School,3902
Technology,Entry,Bachelor's Degree,6304
Education,Entry,Associate Degree,5015
Education,Entry,High School,3378
Healthcare,Senior,Associate Degree,4381
Energy,Entry,High School,4262
Finance,Senior,Bachelor's Degree,7287
Fishing,Entry,Bachelor's Degree,7009
Logistics,Mid,PhD,8035
Agriculture,Entry,Associate Degree,5574
Logistics,Entry,Associate Degree,4499
Manufacturing,Entry,Master's Degree,6379
Defense,Entry,Bachelor's Degree,5467
Healthcare,Entry,High School,4802
Fishing,Senior,Associate Degree,5044
Legal,Entry,Associate Degree,5031
Technology,Senior,High School,4611
Forestry,Mid,Associate Degree,4439
Real Estate,Senior,Associate Degree,3923
Retail,Mid,Associate Degree,4408
Agriculture,Senior,Master's Degree,6488
Manufacturing,Entry,Bachelor's Degree,5476
Technology,Mid,Associate Degree,3925
Legal,Senior,Master's Degree,8718
Fishing,Mid,Bachelor's Degree,6728
Forestry,Entry,Master's Degree,9296
Real Estate,Senior,Associate Degree,4702
Media,Senior,Master's Degree,7690
Energy,Entry,Bachelor's Degree,5387
Fishing,Mid,High School,4728
Education,Mid,Associate Degree,4636
Manufacturing,Mid,Associate Degree,5068
Legal,Mid,Associate Degree,5691
Defense,Entry,Bachelor's Degree,5516
Legal,Entry,Associate Degree,3995
Agriculture,Senior,Bachelor's Degree,5763
Energy,Entry,High School,4402
Retail,Mid,Bachelor's Degree,6771
Education,Entry,Associate Degree,4720
Logistics,Mid,Bachelor's Degree,5841
Engineering,Senior,High School,4540
Construction,Entry,Bachelor's Degree,5854
Manufacturing,Entry,High School,3782
Energy,Entry,PhD,10488
Healthcare,Entry,High School,3572
Healthcare,Senior,Master's Degree,9053
Manufacturing,Mid,Master's Degree,8281
Legal,Mid,Master's Degree,9484
Fishing,Entry,High School,3708
Legal,Mid,High School,3733
Mining,Senior,Associate Degree,4941
Healthcare,Mid,Associate Degree,4051
Defense,Entry,Associate Degree,4170
Legal,Mid,Bachelor's Degree,7387
Fishing,Mid,Bachelor's Degree,5713
Forestry,Senior,Associate Degree,4587
Healthcare,Mid,Master's Degree,6651
Mining,Mid,Bachelor's Degree,7627
Legal,Mid,High School,3617
Mining,Mid,High School,3332
Healthcare,Mid,Associate Degree,4241
Retail,Senior,Master's Degree,7494
Defense,Entry,High School,3350
Agriculture,Senior,High School,3856
Government,Entry,Master's Degree,6954
Media,Entry,PhD,10180
Education,Entry,Master's Degree,7698
Logistics,Mid,Associate Degree,4099
Technology,Mid,High School,4249
Agriculture,Senior,Master's Degree,7666
Education,Senior,High School,4312
Education,Mid,High School,3497
Fishing,Mid,Bachelor's Degree,7963
Finance,Entry,Bachelor's Degree,6090
Healthcare,Mid,Bachelor's Degree,7158
Education,Entry,Bachelor's Degree,5568
Education,Entry,Bachelor's Degree,7757
Technology,Entry,Bachelor's Degree,5821
Education,Entry,High School,3541
Fishing,Entry,Bachelor's Degree,6952
Energy,Mid,PhD,8947
Manufacturing,Mid,Master's Degree,8194
Engineering,Entry,Associate Degree,4683
Agriculture,Entry,Associate Degree,4581
Energy,Senior,Master's Degree,7953
Technology,Mid,High School,3392
Government,Mid,Master's Degree,6740
Technology,Mid,Associate Degree,4295
Technology,Mid,Master's Degree,9159
Logistics,Entry,Associate Degree,3877
Defense,Entry,Master's Degree,8796
Forestry,Mid,Master's Degree,6442
Legal,Mid,Associate Degree,3955
Real Estate,Mid,High School,3747
Defense,Senior,Bachelor's Degree,5546
Education,Entry,Associate Degree,5669
Transportation,Entry,Associate Degree,5376
Agriculture,Senior,Master's Degree,8060
Manufacturing,Mid,Master's Degree,7417
Engineering,Entry,Associate Degree,3810
Construction,Senior,High School,4409
Technology,Entry,Associate Degree,5220
Manufacturing,Mid,Bachelor's Degree,7420
Legal,Mid,Bachelor's Degree,7684
Retail,Mid,High School,3345
Legal,Senior,Associate Degree,4914
Mining,Mid,Bachelor's Degree,6441
Energy,Entry,Associate Degree,4851
Healthcare,Mid,High School,4283
Real Estate,Mid,Associate Degree,5297
Forestry,Mid,Master's Degree,6705
Real Estate,Entry,Bachelor's Degree,7382
Education,Mid,High School,4711
Finance,Entry,Associate Degree,4072
Retail,Entry,Master's Degree,7384
Media,Mid,Bachelor's Degree,6543
Retail,Mid,Bachelor's Degree,6027
Mining,Mid,High School,4393
Manufacturing,Entry,Bachelor's Degree,6488
Legal,Mid,High School,4469
Healthcare,Senior,PhD,10847
Defense,Mid,High School,4070
Defense,Mid,High School,4810
Agriculture,Senior,High School,4730
Transportation,Mid,Associate Degree,4336
Real Estate,Mid,High School,3304
Energy,Mid,Associate Degree,3915
Transportation,Mid,Bachelor's Degree,5718
Real Estate,Senior,Associate Degree,3864
Fishing,Mid,PhD,10204
Finance,Entry,Bachelor's Degree,6288
Retail,Entry,PhD,9683
Media,Mid,PhD,8410
Engineering,Mid,Bachelor's Degree,7180
Healthcare,Mid,Associate Degree,4540
Forestry,Entry,Bachelor's Degree,6631
Agriculture,Mid,Master's Degree,7477
Healthcare,Mid,Associate Degree,4302
Construction,Senior,Associate Degree,3864
Transportation,Entry,High School,3580
Defense,Entry,High School,3967
Agriculture,Mid,Master's Degree,9308
Retail,Entry,Master's Degree,8897
Real Estate,Mid,Associate Degree,4841
Fishing,Entry,Master's Degree,9398
Construction,Entry,Master's Degree,7268
Education,Entry,PhD,10995
Legal,Mid,Master's Degree,7175
Defense,Entry,High School,4007
Construction,Senior,Associate Degree,4799
Technology,Entry,Bachelor's Degree,6193
Engineering,Entry,Associate Degree,4472
Technology,Entry,High School,3980
Legal,Mid,Bachelor's Degree,6464
Government,Entry,High School,4158
Education,Entry,Associate Degree,5231
Energy,Entry,Master's Degree,8843
Energy,Entry,High School,3299
Finance,Senior,Bachelor's Degree,5357
Media,Mid,Bachelor's Degree,5775
Transportation,Entry,Bachelor's Degree,7366
Transportation,Entry,PhD,11076
Manufacturing,Entry,Bachelor's Degree,5351
Fishing,Entry,Bachelor's Degree,7981
Fishing,Entry,High School,4124
Government,Entry,Associate Degree,4887
Defense,Entry,Master's Degree,8432
Manufacturing,Senior,PhD,10181
Forestry,Mid,Bachelor's Degree,5957
Logistics,Senior,High School,3323
Education,Mid,Associate Degree,4269
Construction,Entry,Bachelor's Degree,7118
Media,Mid,High School,3275
Manufacturing,Entry,Master's Degree,9108
Healthcare,Mid,Associate Degree,4180
Mining,Mid,Associate Degree,4685
Healthcare,Mid,Master's Degree,9151
Healthcare,Senior,Bachelor's Degree,6875
Media,Mid,PhD,10870
Retail,Mid,Master's Degree,7164
Media,Mid,Bachelor's Degree,6503
Mining,Mid,Bachelor's Degree,5780
Manufacturing,Entry,High School,4354
Forestry,Mid,Associate Degree,5401
Transportation,Mid,Associate Degree,4533
Logistics,Entry,Associate Degree,5183
Manufacturing,Entry,Master's Degree,6840
Healthcare,Entry,PhD,9932
Construction,Entry,High School,4738
Logistics,Mid,Bachelor's Degree,5774
Legal,Mid,Bachelor's Degree,5375
Healthcare,Entry,High School,3374
Manufacturing,Mid,High School,3932
Mining,Entry,Associate Degree,4887
Mining,Senior,Bachelor's Degree,7985
Real Estate,Mid,High School,3722
Real Estate,Senior,Master's Degree,7470
Construction,Mid,High School,3226
Legal,Mid,High School,4338
Agriculture,Entry,Associate Degree,4154
Forestry,Senior,Associate Degree,4637
Energy,Entry,Associate Degree,5662
Construction,Entry,Master's Degree,8843
Manufacturing,Senior,Master's Degree,6384
Fishing,Mid,Bachelor's Degree,6580
Defense,Entry,Associate Degree,5195
Transportation,Mid,Associate Degree,5105
Healthcare,Senior,Bachelor's Degree,7177
Government,Senior,High School,3307
Construction,Entry,High School,4046
Legal,Entry,Master's Degree,7936
Logistics,Entry,Bachelor's Degree,5595
Logistics,Entry,Bachelor's Degree,5809
Construction,Entry,Bachelor's Degree,7088
Technology,Mid,Associate Degree,4845
Government,Senior,High School,4104
Logistics,Senior,Master's Degree,9275
Engineering,Mid,High School,4623
Finance,Senior,Bachelor's Degree,7002
Media,Entry,Bachelor's Degree,5969
Forestry,Entry,Associate Degree,4394
Media,Senior,Master's Degree,6438
Energy,Mid,Bachelor's Degree,7656
Education,Entry,High School,4398
Retail,Entry,Bachelor's Degree,7854
Education,Senior,Bachelor's Degree,6595
Transportation,Mid,Master's Degree,7390
Transportation,Entry,Associate Degree,4419
Legal,Mid,High School,4318
Construction,Mid,Associate Degree,4196
Fishing,Mid,High School,4129
Legal,Entry,Master's Degree,8636
Defense,Senior,Associate Degree,5620
Finance,Mid,Master's Degree,8320
Government,Entry,High School,3945
Education,Mid,Master's Degree,8207
Energy,Senior,Master's Degree,7272
Finance,Entry,Master's Degree,7566
Engineering,Entry,Bachelor's Degree,7636
Forestry,Mid,PhD,10273
Agriculture,Senior,Bachelor's Degree,5376
Fishing,Entry,Master's Degree,8658
Retail,Senior,Associate Degree,5420
Finance,Senior,Bachelor's Degree,7710
Legal,Mid,Master's Degree,8394
Media,Mid,Master's Degree,9063
Energy,Entry,Bachelor's Degree,7384
Government,Senior,Master's Degree,6682
Manufacturing,Entry,High School,3915
Mining,Mid,Bachelor's Degree,6690
Transportation,Mid,Associate Degree,4424
Logistics,Entry,Bachelor's Degree,6797
Finance,Entry,Bachelor's Degree,7256
Technology,Entry,Master's Degree,9478
Defense,Mid,Associate Degree,3855
Logistics,Mid,Associate Degree,4453
Healthcare,Mid,Associate Degree,4356
Healthcare,Mid,Associate Degree,4335
Forestry,Mid,Associate Degree,3882
Technology,Entry,Bachelor's Degree,6900
Media,Senior,Bachelor's Degree,5946
Transportation,Entry,High School,4674
Manufacturing,Mid,Associate Degree,5592
Government,Entry,Associate Degree,4857
Technology,Entry,High School,4285
Engineering,Mid,Master's Degree,8983
Media,Entry,Bachelor's Degree,6591
Retail,Entry,High School,3371
Logistics,Mid,Bachelor's Degree,5475
Transportation,Entry,Bachelor's Degree,6399
Defense,Mid,PhD,9269
Healthcare,Mid,Master's Degree,6733
Forestry,Entry,Associate Degree,4272
Healthcare,Mid,Associate Degree,5201
Construction,Mid,Associate Degree,5148
Agriculture,Mid,Associate Degree,4400
Energy,Mid,PhD,10216
Technology,Senior,High School,4723
Healthcare,Entry,Associate Degree,4541
Technology,Senior,Bachelor's Degree,7512
Transportation,Mid,Master's Degree,7759
Energy,Entry,Bachelor's Degree,6983
Energy,Senior,High School,4559
Logistics,Entry,Bachelor's Degree,7326
Agriculture,Entry,Master's Degree,9192
Education,Mid,Associate Degree,4579
Mining,Entry,Bachelor's Degree,7072
Finance,Entry,Associate Degree,4787
Construction,Mid,Master's Degree,6885
Retail,Mid,High School,4328
Transportation,Senior,Master's Degree,8975
Fishing,Mid,Associate Degree,5018
Mining,Mid,Master's Degree,9028
Real Estate,Mid,Bachelor's Degree,6243
Healthcare,Entry,PhD,10967
Forestry,Entry,Bachelor's Degree,6287
Defense,Entry,Associate Degree,4795
Engineering,Entry,Master's Degree,9441
Construction,Entry,High School,4598
Fishing,Mid,Associate Degree,5554
Transportation,Mid,Associate Degree,4537
Healthcare,Entry,Bachelor's Degree,7231
Forestry,Mid,Master's Degree,8994
Legal,Entry,Master's Degree,9438
Transportation,Mid,Bachelor's Degree,6957
Education,Entry,Master's Degree,8660
Media,Senior,Associate Degree,4885
Agriculture,Entry,Master's Degree,9445
Construction,Mid,Bachelor's Degree,5922
Forestry,Entry,PhD,8701
Agriculture,Senior,Master's Degree,7528
Education,Entry,PhD,10269
Government,Entry,Associate Degree,4291
Energy,Entry,PhD,9093
Media,Entry,Associate Degree,4614
Retail,Entry,High School,4585
Retail,Entry,Master's Degree,7132
Forestry,Entry,Bachelor's Degree,6391
Construction,Senior,Master's Degree,7951
Retail,Entry,High School,4133
Defense,Entry,Bachelor's Degree,7313
Media,Entry,High School,4718
Engineering,Senior,Bachelor's Degree,5588
Real Estate,Entry,High School,4069
Education,Entry,Associate Degree,4658
Engineering,Entry,Associate Degree,5607
Legal,Mid,Associate Degree,5629
Fishing,Mid,Master's Degree,8196
Retail,Entry,Bachelor's Degree,6112
Healthcare,Senior,Associate Degree,4776
Healthcare,Senior,Master's Degree,8209
Government,Senior,High School,3738
Healthcare,Mid,High School,3835
Finance,Mid,Bachelor's Degree,7259
Energy,Entry,Bachelor's Degree,6123
Forestry,Mid,Bachelor's Degree,6492
Healthcare,Mid,Master's Degree,8115
Technology,Mid,PhD,8301
Energy,Senior,PhD,10107
Forestry,Entry,Bachelor's Degree,5666
Technology,Mid,Associate Degree,5442
Agriculture,Mid,Bachelor's Degree,7947
Technology,Senior,High School,4488
Government,Entry,Master's Degree,6986
Finance,Entry,Bachelor's Degree,6851
Fishing,Entry,Associate Degree,4914
Engineering,Entry,Associate Degree,3963
Government,Mid,Associate Degree,4878
Energy,Mid,Bachelor's Degree,6683
Mining,Mid,High School,3366
Defense,Entry,PhD,11698
Education,Senior,Bachelor's Degree,6338
Media,Entry,Bachelor's Degree,7315
Legal,Entry,Associate Degree,5238
Education,Entry,Master's Degree,7107
Forestry,Entry,Associate Degree,4864
Defense,Mid,Bachelor's Degree,5438
Construction,Senior,High School,3610
Media,Entry,Associate Degree,4803
Legal,Mid,Associate Degree,4376
Legal,Mid,Bachelor's Degree,6452
Fishing,Senior,PhD,8488
Healthcare,Mid,Associate Degree,5279
Mining,Mid,High School,3777
Government,Mid,Bachelor's Degree,6132
Agriculture,Entry,Bachelor's Degree,5648
Real Estate,Entry,Master's Degree,9460
Manufacturing,Entry,High School,4412
Agriculture,Mid,Bachelor's Degree,7007
Manufacturing,Entry,Master's Degree,8117
Agriculture,Senior,Associate Degree,4741
Forestry,Mid,Associate Degree,4297
Energy,Mid,High School,4021
Technology,Senior,Associate Degree,3962
Real Estate,Mid,Associate Degree,4647
Engineering,Mid,Bachelor's Degree,5430
Legal,Entry,Master's Degree,7091
Legal,Entry,High School,4403
Legal,Senior,PhD,11137
Retail,Entry,Associate Degree,4532
Technology,Mid,Master's Degree,8933
Retail,Entry,Bachelor's Degree,7261
Media,Mid,Master's Degree,6580
Retail,Entry,Bachelor's Degree,7218
Defense,Mid,Associate Degree,3986
Forestry,Entry,Associate Degree,4353
Forestry,Mid,Master's Degree,7794
Manufacturing,Entry,Bachelor's Degree,6627
Finance,Mid,Bachelor's Degree,6784
Defense,Entry,High School,3818
Construction,Entry,High School,4593
Transportation,Mid,Master's Degree,8242
Agriculture,Senior,Master's Degree,7880
Engineering,Entry,Master's Degree,8274
Forestry,Entry,Associate Degree,4464
Energy,Entry,Master's Degree,8916
Technology,Entry,Associate Degree,4791
Energy,Entry,Bachelor's Degree,6613
Agriculture,Entry,Bachelor's Degree,7739
Government,Mid,Bachelor's Degree,7798
Construction,Mid,Associate Degree,5214
Agriculture,Entry,PhD,8666
Defense,Entry,Bachelor's Degree,7372
Healthcare,Senior,Associate Degree,4396
Finance,Entry,Bachelor's Degree,7131
Defense,Mid,High School,4213
Government,Mid,Master's Degree,7724
Education,Entry,Bachelor's Degree,7881
Manufacturing,Entry,Bachelor's Degree,6680
Construction,Entry,Associate Degree,4466
Construction,Senior,Bachelor's Degree,5438
Construction,Senior,Master's Degree,9337
Agriculture,Mid,High School,4336
Legal,Mid,PhD,9315
Transportation,Mid,Master's Degree,7345
Education,Mid,Bachelor's Degree,6638
Transportation,Mid,Associate Degree,4952
Government,Senior,Associate Degree,5511
Healthcare,Entry,Bachelor's Degree,7280
Energy,Entry,Master's Degree,9448
Manufacturing,Entry,Bachelor's Degree,7227
Technology,Entry,High School,3444
Education,Senior,High School,4502
Government,Mid,Associate Degree,5708
Technology,Entry,Bachelor's Degree,6737
Real Estate,Entry,Bachelor's Degree,5760
Fishing,Entry,Master's Degree,8632
Education,Senior,Master's Degree,7002
Engineering,Senior,Associate Degree,4761
Retail,Entry,Associate Degree,4447
Forestry,Senior,Associate Degree,4762
Manufacturing,Mid,Master's Degree,8982
Healthcare,Entry,Bachelor's Degree,6072
Construction,Mid,Associate Degree,4147
Media,Mid,Bachelor's Degree,5734
Healthcare,Senior,Bachelor's Degree,5597
Construction,Senior,Bachelor's Degree,7980
Government,Entry,High School,4814
Manufacturing,Mid,Master's Degree,7592
Government,Mid,Master's Degree,6624
Logistics,Mid,Associate Degree,5150
Energy,Mid,Bachelor's Degree,7299
Manufacturing,Entry,Associate Degree,4752
Engineering,Entry,High School,4464
Media,Mid,Bachelor's Degree,7668
Technology,Entry,Master's Degree,9074
Engineering,Mid,Bachelor's Degree,7131
Media,Entry,Master's Degree,6806
Mining,Entry,Master's Degree,7443
Government,Mid,Associate Degree,5675
Legal,Mid,High School,3417
Energy,Senior,High School,4125
Real Estate,Mid,Master's Degree,6395
Mining,Mid,Associate Degree,4639
Government,Entry,Bachelor's Degree,5811
Technology,Senior,Associate Degree,3952
Finance,Senior,Associate Degree,4717
Legal,Mid,PhD,8428
Mining,Entry,Associate Degree,4881
Defense,Senior,Associate Degree,5036
Agriculture,Senior,Master's Degree,8115
Government,Mid,Master's Degree,9023
Education,Entry,Associate Degree,4624
Defense,Mid,Associate Degree,5003
Fishing,Mid,Associate Degree,4311
Construction,Mid,Bachelor's Degree,6133
Transportation,Senior,High School,4389
Education,Senior,Bachelor's Degree,7055
Technology,Entry,Associate Degree,3934
Government,Entry,PhD,10695
Agriculture,Mid,Associate Degree,4774
Education,Mid,High School,4186
Technology,Senior,Master's Degree,6864
Finance,Senior,Associate Degree,5661
Real Estate,Mid,Master's Degree,8757
Manufacturing,Entry,Associate Degree,5343
Energy,Senior,Master's Degree,6655
Logistics,Mid,High School,4582
Energy,Mid,Bachelor's Degree,7644
Media,Entry,Associate Degree,5182
Fishing,Mid,Associate Degree,4554
Real Estate,Entry,Master's Degree,6557
Education,Mid,High School,3624
Mining,Mid,High School,3533
Manufacturing,Mid,Master's Degree,7297
Retail,Entry,Associate Degree,5034
Real Estate,Senior,Associate Degree,4975
Retail,Mid,Bachelor's Degree,7017
Retail,Mid,Associate Degree,4814
Forestry,Senior,Master's Degree,8188
Technology,Mid,Associate Degree,4506
Legal,Mid,High School,3627
Retail,Mid,Master's Degree,8797
Agriculture,Entry,Associate Degree,4409
Technology,Entry,Master's Degree,6498
Agriculture,Entry,Bachelor's Degree,7374
Manufacturing,Mid,Bachelor's Degree,7518
Engineering,Mid,Bachelor's Degree,7103
Logistics,Mid,Associate Degree,5544
Government,Senior,Bachelor's Degree,7109
Energy,Mid,Associate Degree,4524
Legal,Entry,High School,4075
Forestry,Senior,High School,4114
Technology,Mid,High School,4808
Real Estate,Entry,High School,4127
Energy,Mid,High School,4662
Logistics,Mid,Associate Degree,4080
Healthcare,Senior,Master's Degree,8942
Finance,Entry,Associate Degree,4967
Retail,Entry,High School,4485
Construction,Entry,Associate Degree,4160
Technology,Entry,Bachelor's Degree,6507
Agriculture,Entry,Master's Degree,8526
Finance,Entry,Bachelor's Degree,6566
Agriculture,Entry,Bachelor's Degree,5845
Media,Senior,Bachelor's Degree,7061
Media,Entry,High School,3647
Transportation,Entry,Bachelor's Degree,6256
Agriculture,Entry,Associate Degree,4589
Legal,Entry,High School,4078
Healthcare,Mid,Associate Degree,4232
Education,Senior,Associate Degree,4557
Government,Mid,Bachelor's Degree,5916
Logistics,Senior,Bachelor's Degree,6287
Transportation,Mid,Bachelor's Degree,7708
Agriculture,Entry,Associate Degree,4252
Legal,Entry,Bachelor's Degree,7130
Defense,Entry,Associate Degree,4698
Energy,Entry,Associate Degree,5111
Retail,Mid,Master's Degree,7798
Fishing,Entry,Bachelor's Degree,6977
Real Estate,Mid,Associate Degree,5283
Forestry,Senior,High School,4810
Education,Entry,Bachelor's Degree,7764
Engineering,Senior,Bachelor's Degree,6973
Logistics,Entry,High School,3585
Finance,Entry,Bachelor's Degree,6758
Technology,Mid,Master's Degree,8857
Media,Senior,High School,4420
Forestry,Mid,Associate Degree,4467
Fishing,Entry,Bachelor's Degree,7046
Education,Entry,High School,3554
Healthcare,Entry,Master's Degree,7623
Healthcare,Entry,Master's Degree,7365
Legal,Entry,High School,3501
Healthcare,Senior,Bachelor's Degree,7711
Energy,Senior,High School,3564
Defense,Senior,Bachelor's Degree,7910
Forestry,Entry,PhD,9377
Healthcare,Entry,Associate Degree,4069
Retail,Mid,Bachelor's Degree,7405
Transportation,Senior,Associate Degree,4758
Logistics,Mid,High School,3544
Government,Entry,Bachelor's Degree,7477
Engineering,Senior,Bachelor's Degree,5719
Defense,Entry,PhD,8160
Transportation,Entry,High School,4581
Logistics,Entry,Master's Degree,6637
Energy,Mid,Bachelor's Degree,7263
Legal,Mid,PhD,9974
Forestry,Senior,High School,4631
Mining,Senior,Associate Degree,4065
Legal,Mid,Bachelor's Degree,7359
Agriculture,Entry,Bachelor's Degree,7413
Engineering,Senior,Associate Degree,4875
Retail,Senior,PhD,9731
Construction,Senior,Bachelor's Degree,6579
Media,Mid,PhD,10134
Fishing,Mid,Master's Degree,9012
Construction,Entry,Master's Degree,7438
Energy,Senior,High School,3746
Real Estate,Senior,Bachelor's Degree,7163
Media,Senior,PhD,11531
Media,Mid,Associate Degree,4972
Media,Senior,High School,3783
Media,Entry,Bachelor's Degree,6038
Education,Mid,Associate Degree,4250
Healthcare,Senior,High School,4654
Fishing,Entry,Associate Degree,5461
Logistics,Entry,Associate Degree,4183
Media,Senior,Associate Degree,5285
Technology,Mid,Bachelor's Degree,7804
Healthcare,Entry,Master's Degree,7978
Forestry,Mid,Master's Degree,6874
Transportation,Mid,Bachelor's Degree,6823
Mining,Entry,Bachelor's Degree,7039
Finance,Mid,Associate Degree,5027
Technology,Entry,Bachelor's Degree,7432
Energy,Entry,Bachelor's Degree,6688
Legal,Entry,Master's Degree,7696
Energy,Entry,Associate Degree,5001
Government,Entry,Master's Degree,7346
Forestry,Mid,PhD,8621
Energy,Senior,Bachelor's Degree,7400
Transportation,Entry,Master's Degree,7401
Mining,Mid,Bachelor's Degree,7940
Education,Senior,Associate Degree,4010
Manufacturing,Senior,Bachelor's Degree,5631
Engineering,Mid,High School,3625
Engineering,Entry,Bachelor's Degree,7571
Media,Entry,Bachelor's Degree,6709
Retail,Mid,High School,3454
Logistics,Entry,PhD,11147
Construction,Senior,Bachelor's Degree,7288
Mining,Senior,Associate Degree,3813
Education,Entry,Master's Degree,8726
Mining,Mid,Associate Degree,4223
Agriculture,Entry,Associate Degree,4446
Agriculture,Entry,PhD,8732
Technology,Senior,Bachelor's Degree,7125
Technology,Mid,Bachelor's Degree,5402
Retail,Senior,Bachelor's Degree,6278
Mining,Mid,Associate Degree,5383
Construction,Mid,Associate Degree,4697
Legal,Mid,High School,4482
Forestry,Entry,Associate Degree,4417
Manufacturing,Entry,High School,3493
Real Estate,Entry,High School,3637
Transportation,Mid,Associate Degree,5615
Construction,Mid,Bachelor's Degree,7135
Media,Entry,High School,3586
Real Estate,Mid,Bachelor's Degree,7827
Legal,Senior,High School,4774
Media,Entry,Associate Degree,5128
Real Estate,Entry,Master's Degree,9455
Media,Entry,Master's Degree,8770
Manufacturing,Mid,Master's Degree,6961
Engineering,Entry,PhD,10925
Technology,Mid,Master's Degree,8402
Manufacturing,Senior,High School,4740
Fishing,Entry,Associate Degree,4642
Finance,Entry,Associate Degree,5046
Technology,Entry,High School,4658
Transportation,Mid,Bachelor's Degree,6066
Forestry,Entry,Bachelor's Degree,6633
Mining,Entry,Master's Degree,8012
Engineering,Senior,Bachelor's Degree,6797
Real Estate,Entry,Bachelor's Degree,7006
Defense,Mid,Bachelor's Degree,6561
Manufacturing,Mid,Associate Degree,4371
Healthcare,Mid,Bachelor's Degree,6736
Education,Entry,Master's Degree,7159
Finance,Mid,PhD,11070
Agriculture,Entry,Master's Degree,7552
Media,Mid,Bachelor's Degree,7837
Fishing,Mid,Associate Degree,4718
Legal,Entry,Bachelor's Degree,7922
Healthcare,Entry,Bachelor's Degree,6621
Finance,Mid,Associate Degree,5492
Transportation,Mid,Bachelor's Degree,7783
Defense,Entry,Associate Degree,4460
Education,Senior,Master's Degree,7625
Transportation,Entry,Bachelor's Degree,5563
Finance,Entry,High School,4360
Agriculture,Senior,Bachelor's Degree,7232
Fishing,Entry,Associate Degree,3985
Finance,Mid,Master's Degree,8903
Fishing,Senior,Master's Degree,7983
Construction,Mid,Master's Degree,6887
Fishing,Entry,Associate Degree,4342
Fishing,Mid,Associate Degree,4490
Retail,Senior,High School,3792
Technology,Mid,High School,3399
Logistics,Entry,Associate Degree,4189
Finance,Mid,Master's Degree,7341
Government,Mid,Associate Degree,5592
Mining,Entry,Master's Degree,6843
Media,Mid,Master's Degree,7521
Media,Mid,Associate Degree,5157
Fishing,Mid,Master's Degree,7297
Defense,Entry,Associate Degree,4616
Agriculture,Senior,Master's Degree,7768
Retail,Entry,Master's Degree,9031
Agriculture,Mid,High School,4162
Real Estate,Entry,Associate Degree,4868
Engineering,Entry,Bachelor's Degree,6354
Government,Mid,High School,3753
Retail,Mid,Master's Degree,8433
Transportation,Entry,Bachelor's Degree,5908
Defense,Entry,Bachelor's Degree,6244
Fishing,Entry,Associate Degree,4484
Energy,Entry,Master's Degree,6386
Legal,Mid,Associate Degree,5703
Finance,Entry,Associate Degree,4257
Healthcare,Entry,PhD,10140
Real Estate,Senior,Bachelor's Degree,7260
Logistics,Entry,Bachelor's Degree,7041
Mining,Senior,Associate Degree,5549
Technology,Entry,Bachelor's Degree,5915
Fishing,Mid,Associate Degree,4168
Education,Mid,High School,3432
Healthcare,Senior,High School,4361
Technology,Senior,Bachelor's Degree,7773
Agriculture,Senior,Bachelor's Degree,5476
Manufacturing,Mid,Bachelor's Degree,5463
Real Estate,Mid,Bachelor's Degree,5743
Transportation,Entry,Master's Degree,8894
Mining,Mid,Associate Degree,4298
Legal,Mid,Master's Degree,9162
Construction,Entry,High School,3579
Engineering,Mid,Associate Degree,4461
Engineering,Mid,Bachelor's Degree,5684
Forestry,Mid,PhD,8044
Mining,Entry,Master's Degree,8989
Media,Senior,High School,4002
Healthcare,Mid,Master's Degree,6808
Government,Senior,Associate Degree,3914
Mining,Entry,Bachelor's Degree,5986
Healthcare,Entry,PhD,10651
Finance,Mid,Bachelor's Degree,5383
Transportation,Mid,Bachelor's Degree,7319
Transportation,Mid,High School,3972
Healthcare,Mid,Associate Degree,4444
Forestry,Entry,Associate Degree,4182
Logistics,Mid,Master's Degree,9289
Defense,Mid,High School,3578
Fishing,Senior,High School,3709
Finance,Entry,Bachelor's Degree,6773
Defense,Mid,High School,4175
Manufacturing,Entry,Bachelor's Degree,7457
Defense,Entry,Bachelor's Degree,8023
Mining,Senior,High School,4021
Fishing,Mid,Master's Degree,9260
Transportation,Entry,Associate Degree,5059
Education,Entry,Master's Degree,9511
Healthcare,Mid,Associate Degree,5669
Defense,Mid,Master's Degree,7378
Education,Mid,High School,4629
Forestry,Mid,Associate Degree,4072
Fishing,Entry,Bachelor's Degree,6957
Real Estate,Entry,High School,4154
Engineering,Entry,High School,4650
Government,Mid,Bachelor's Degree,6682
Legal,Mid,Associate Degree,5264
Mining,Entry,Master's Degree,7721
Fishing,Senior,Master's Degree,8231
Education,Mid,Associate Degree,4250
Construction,Mid,Associate Degree,4474
Defense,Entry,Master's Degree,6427
Real Estate,Mid,Bachelor's Degree,7614
Real Estate,Entry,Bachelor's Degree,6377
Defense,Mid,Bachelor's Degree,6133
Energy,Mid,Associate Degree,4625
Healthcare,Entry,Master's Degree,7489
Defense,Senior,Associate Degree,4691
Retail,Mid,Bachelor's Degree,7850
Defense,Entry,Associate Degree,4186
Transportation,Mid,Associate Degree,4680
Construction,Mid,High School,3500
Energy,Entry,PhD,9682
Energy,Senior,PhD,9193
Mining,Mid,Bachelor's Degree,6456
Agriculture,Senior,Associate Degree,4778
Retail,Mid,Associate Degree,4382
Logistics,Entry,Associate Degree,4939
Retail,Entry,Bachelor's Degree,5397
Energy,Entry,Associate Degree,4026
Agriculture,Senior,Associate Degree,5141
Healthcare,Entry,Associate Degree,4871
Fishing,Mid,Associate Degree,5377
Technology,Entry,Associate Degree,4059
Transportation,Mid,Bachelor's Degree,7999
Manufacturing,Entry,Master's Degree,6886
Healthcare,Senior,High School,4035
Real Estate,Senior,Master's Degree,6735
Defense,Mid,PhD,8092
Energy,Entry,Master's Degree,6541
Finance,Mid,Associate Degree,4947
Healthcare,Mid,Master's Degree,7830
Retail,Mid,High School,4824
Manufacturing,Entry,High School,3889
Healthcare,Mid,High School,3943
Forestry,Senior,PhD,10320
Defense,Entry,Bachelor's Degree,6344
Real Estate,Entry,Associate Degree,5485
Technology,Entry,Bachelor's Degree,7403
Construction,Entry,Bachelor's Degree,7596
Finance,Mid,High School,3784
Defense,Entry,High School,4536
Education,Mid,High School,3533
Government,Senior,PhD,8166
Finance,Senior,High School,3658
Forestry,Entry,Master's Degree,8032
Construction,Entry,Bachelor's Degree,7709
Fishing,Entry,Master's Degree,7188
Finance,Mid,Bachelor's Degree,6670
Education,Entry,Bachelor's Degree,7481
Retail,Mid,High School,4314
Mining,Senior,Associate Degree,5705
Mining,Mid,High School,3792
Forestry,Entry,High School,3407
Manufacturing,Entry,Master's Degree,8753
Healthcare,Mid,High School,4607
Defense,Mid,Master's Degree,7840
Education,Entry,Associate Degree,5357
Media,Mid,Associate Degree,5561
Real Estate,Senior,Associate Degree,4316
Education,Entry,Bachelor's Degree,6645
Government,Mid,High School,4546
Energy,Senior,Associate Degree,5244
Forestry,Senior,Associate Degree,5199
Media,Entry,High School,3707
Logistics,Mid,High School,3898
Logistics,Entry,Master's Degree,8228
Agriculture,Senior,Bachelor's Degree,7974
Legal,Entry,Master's Degree,8451
Government,Mid,Associate Degree,4592
Energy,Senior,Bachelor's Degree,7207
Engineering,Entry,Master's Degree,7085
Media,Mid,Bachelor's Degree,7821
Manufacturing,Senior,High School,4347
Construction,Entry,Associate Degree,5517
Construction,Senior,High School,4618
Technology,Entry,High School,4304
Legal,Entry,High School,4786
Construction,Entry,Associate Degree,4235
Media,Mid,Bachelor's Degree,6207
Retail,Mid,Bachelor's Degree,6809
Construction,Entry,Bachelor's Degree,5724
Energy,Entry,High School,4823
Mining,Entry,High School,4480
Real Estate,Entry,Master's Degree,6525
Healthcare,Mid,Bachelor's Degree,6429
Construction,Senior,Bachelor's Degree,7636
Education,Mid,Associate Degree,4891
Engineering,Mid,Master's Degree,6855
Media,Senior,High School,3688
Manufacturing,Mid,High School,3961
Logistics,Entry,Master's Degree,9007
Mining,Mid,Associate Degree,5417
Energy,Senior,High School,3829
Legal,Mid,High School,4354
Government,Mid,Master's Degree,7179
Energy,Senior,Bachelor's Degree,5625
Construction,Entry,Master's Degree,8697
Finance,Entry,Associate Degree,4035
Technology,Mid,Bachelor's Degree,6977
Real Estate,Entry,Associate Degree,4343
Manufacturing,Mid,Associate Degree,4652
Media,Senior,High School,4466
Mining,Entry,Associate Degree,5352
Defense,Senior,Bachelor's Degree,5879
Construction,Entry,Bachelor's Degree,6899
Education,Mid,Bachelor's Degree,7831
Logistics,Entry,Bachelor's Degree,5986
Logistics,Senior,Associate Degree,4546
Logistics,Mid,Master's Degree,8565
Mining,Entry,Master's Degree,7420
Forestry,Entry,Associate Degree,4025
Healthcare,Mid,Associate Degree,5017
Retail,Senior,Master's Degree,8997
Retail,Entry,Master's Degree,9237
Transportation,Entry,High School,3416
Finance,Entry,Bachelor's Degree,7589
Government,Mid,Associate Degree,5441
Forestry,Senior,High School,4716
Logistics,Mid,Master's Degree,9285
Technology,Entry,Associate Degree,5303
Media,Entry,Bachelor's Degree,7037
Defense,Mid,Bachelor's Degree,6856
Technology,Senior,PhD,8605
Fishing,Entry,Bachelor's Degree,7882
Mining,Mid,Bachelor's Degree,5550
Construction,Entry,Bachelor's Degree,7797
Real Estate,Mid,Bachelor's Degree,5936
Finance,Senior,Associate Degree,4182
Construction,Mid,Bachelor's Degree,6196
Real Estate,Senior,Bachelor's Degree,5429
Logistics,Mid,Bachelor's Degree,7943
Mining,Senior,Bachelor's Degree,7650
Transportation,Senior,Master's Degree,7872
Real Estate,Entry,Bachelor's Degree,5669
Energy,Mid,High School,3732
Fishing,Entry,High School,3668
Defense,Entry,Bachelor's Degree,6979
Logistics,Senior,Bachelor's Degree,6106
Education,Entry,PhD,7991
Education,Mid,Bachelor's Degree,7926
Defense,Entry,High School,3939
Construction,Senior,PhD,11096
Defense,Mid,Bachelor's Degree,7789
Construction,Entry,High School,4562
Forestry,Entry,Associate Degree,4060
Manufacturing,Mid,Associate Degree,5648
Agriculture,Entry,Bachelor's Degree,7315
Real Estate,Entry,High School,3725
Construction,Senior,High School,3586
Fishing,Mid,Associate Degree,4018
Fishing,Mid,Bachelor's Degree,5565
Construction,Mid,High School,3593
Engineering,Mid,High School,3929
Logistics,Entry,Associate Degree,3926
Media,Entry,Bachelor's Degree,6306
Construction,Mid,Associate Degree,4769
Real Estate,Mid,Associate Degree,4335
Finance,Mid,Bachelor's Degree,7232
Media,Entry,Bachelor's Degree,7715
Forestry,Senior,Master's Degree,9444
Legal,Entry,Associate Degree,5472
Construction,Mid,Associate Degree,5422
Mining,Entry,Associate Degree,5443
Technology,Entry,Master's Degree,6489
Manufacturing,Mid,Associate Degree,4126
Media,Mid,High School,4254
Government,Senior,Associate Degree,4402
Transportation,Entry,Associate Degree,3930
Real Estate,Mid,High School,3788
Real Estate,Entry,Associate Degree,4969
Transportation,Entry,Associate Degree,3966
Fishing,Entry,Associate Degree,4705
Defense,Senior,Bachelor's Degree,6447
Agriculture,Mid,Associate Degree,4051
Education,Mid,Bachelor's Degree,5465
Technology,Senior,Master's Degree,7998
Defense,Mid,High School,3492
Fishing,Entry,High School,4347
Technology,Entry,Master's Degree,8948
Fishing,Mid,Master's Degree,7392
Manufacturing,Entry,PhD,8678
Construction,Entry,Bachelor's Degree,6386
Engineering,Mid,PhD,8515
Construction,Mid,Associate Degree,3933
Fishing,Senior,Master's Degree,9180
Mining,Entry,Bachelor's Degree,6199
Engineering,Mid,PhD,7997
Media,Senior,Bachelor's Degree,5777
Education,Mid,Master's Degree,7420
Energy,Mid,Associate Degree,4344
Technology,Entry,Bachelor's Degree,6496
Healthcare,Entry,High School,4188
Mining,Mid,Master's Degree,9521
Technology,Entry,Bachelor's Degree,6478
Construction,Entry,High School,4227
Government,Senior,High School,4330
Education,Entry,High School,3712
Construction,Mid,Associate Degree,4218
Real Estate,Senior,Bachelor's Degree,7845
Retail,Mid,High School,3327
Education,Mid,Bachelor's Degree,6465
Energy,Entry,Associate Degree,5552
Legal,Mid,Bachelor's Degree,7180
Defense,Senior,Bachelor's Degree,6870
Finance,Mid,Master's Degree,8133
Construction,Entry,Bachelor's Degree,7959
Government,Senior,High School,4352
Defense,Entry,Bachelor's Degree,7012
Logistics,Entry,Bachelor's Degree,7086
Retail,Senior,Associate Degree,3836
Defense,Entry,Bachelor's Degree,6721
Manufacturing,Entry,High School,4493
Retail,Entry,Master's Degree,7613
Real Estate,Entry,Bachelor's Degree,6798
Engineering,Mid,High School,4192
Engineering,Entry,Associate Degree,4579
Legal,Mid,Master's Degree,6759
Government,Senior,Associate Degree,3848
Education,Entry,Bachelor's Degree,5896
Construction,Mid,High School,3771
Government,Entry,Bachelor's Degree,5765
Construction,Entry,High School,3673
Legal,Mid,Master's Degree,9435
Real Estate,Mid,High School,4179
Healthcare,Entry,Master's Degree,6406
Agriculture,Mid,Master's Degree,8338
Technology,Entry,Associate Degree,4931
Government,Senior,High School,4507
Technology,Senior,Bachelor's Degree,6654
Energy,Mid,Bachelor's Degree,5609
Fishing,Entry,High School,3576
Technology,Mid,Associate Degree,4290
Construction,Mid,High School,3657
Education,Entry,Master's Degree,7301
Government,Senior,Master's Degree,9117
Energy,Entry,Master's Degree,7936
Healthcare,Entry,Master's Degree,9341
Technology,Entry,PhD,9198
Retail,Entry,Associate Degree,5008
Government,Mid,Bachelor's Degree,6462
Transportation,Entry,Associate Degree,4434
Finance,Entry,Associate Degree,4244
Government,Mid,Associate Degree,5237
Retail,Entry,Associate Degree,4018
Defense,Entry,Associate Degree,4276
Mining,Mid,Bachelor's Degree,6909
Transportation,Entry,Master's Degree,8873
Agriculture,Entry,Associate Degree,5505
Forestry,Senior,High School,4381
Logistics,Senior,High School,3972
Technology,Mid,Associate Degree,4932
Manufacturing,Entry,Associate Degree,4146
Construction,Entry,High School,3878
Finance,Entry,Associate Degree,4453
Legal,Entry,Associate Degree,4711
Legal,Entry,High School,3977
Education,Entry,Associate Degree,5091
Agriculture,Mid,Bachelor's Degree,7820
Manufacturing,Senior,High School,3753
Media,Entry,PhD,10285
Media,Entry,Bachelor's Degree,6374
Government,Senior,Bachelor's Degree,6219
Logistics,Senior,Associate Degree,4842
Mining,Mid,Bachelor's Degree,7310
Education,Mid,High School,4259
Retail,Mid,Bachelor's Degree,7523
Logistics,Entry,High School,4628
Engineering,Mid,Master's Degree,9421
Fishing,Mid,High School,3675
Logistics,Mid,Master's Degree,7684
Construction,Entry,Master's Degree,7390
Manufacturing,Entry,Master's Degree,8356
Government,Senior,PhD,10022
Mining,Mid,PhD,9491
Agriculture,Mid,Master's Degree,8167
Media,Entry,Master's Degree,8190
Finance,Entry,Associate Degree,5272
Forestry,Mid,Master's Degree,6568
Retail,Mid,Associate Degree,5671
Technology,Entry,Bachelor's Degree,6833
Real Estate,Entry,Associate Degree,3918
Energy,Mid,Master's Degree,7092
Real Estate,Mid,High School,3352
Logistics,Mid,High School,4291
Logistics,Entry,High School,4402
Agriculture,Mid,Associate Degree,4693
Government,Mid,High School,3377
Defense,Senior,PhD,9470
Finance,Entry,Associate Degree,4286
Technology,Entry,Associate Degree,4220
Finance,Mid,Bachelor's Degree,5586
Education,Mid,Associate Degree,4859
Defense,Senior,Bachelor's Degree,6646
Government,Entry,Master's Degree,9537
Forestry,Entry,Bachelor's Degree,6156
Manufacturing,Entry,Bachelor's Degree,6641
Transportation,Mid,Associate Degree,4776
Legal,Senior,Master's Degree,9067
Forestry,Senior,Master's Degree,6755
Education,Mid,Bachelor's Degree,6126
Technology,Entry,Bachelor's Degree,7670
Legal,Mid,Bachelor's Degree,7442
Manufacturing,Senior,Master's Degree,6784
Defense,Entry,Bachelor's Degree,7579
Government,Entry,Bachelor's Degree,5887
Government,Senior,Bachelor's Degree,7245
Legal,Mid,High School,4617
Agriculture,Entry,Bachelor's Degree,5747
Education,Entry,Bachelor's Degree,6944
Logistics,Senior,Master's Degree,9479
Manufacturing,Senior,Associate Degree,5526
Logistics,Senior,PhD,10159
Education,Entry,Master's Degree,7881
Defense,Senior,Bachelor's Degree,7223
Manufacturing,Senior,Master's Degree,8678
Energy,Mid,Bachelor's Degree,7732
Legal,Mid,Master's Degree,8301
Finance,Mid,Bachelor's Degree,7225
Transportation,Mid,High School,3957
Defense,Mid,Bachelor's Degree,6838
Construction,Entry,Associate Degree,4414
Transportation,Senior,Bachelor's Degree,5433
Agriculture,Entry,Associate Degree,5270
Education,Senior,Bachelor's Degree,7749
Agriculture,Entry,PhD,10230
Construction,Mid,Master's Degree,7690
Fishing,Mid,Associate Degree,4010
Technology,Mid,Bachelor's Degree,7030
Transportation,Entry,Bachelor's Degree,6719
Finance,Mid,Associate Degree,4063
Real Estate,Mid,Associate Degree,4787
Finance,Senior,Master's Degree,7539
Manufacturing,Mid,Master's Degree,7701
Mining,Mid,Associate Degree,5564
Education,Mid,Master's Degree,8081
Technology,Entry,Bachelor's Degree,6242
Defense,Entry,Master's Degree,8381
Finance,Mid,Bachelor's Degree,7140
Media,Entry,Associate Degree,5558
Logistics,Mid,Bachelor's Degree,7182
Education,Mid,Associate Degree,4778
Legal,Entry,Bachelor's Degree,6462
Media,Senior,Master's Degree,9014
Forestry,Entry,Associate Degree,4819
Construction,Mid,High School,4507
Real Estate,Senior,High School,4000
Construction,Entry,Associate Degree,5561
Retail,Entry,High School,3987
Fishing,Mid,Master's Degree,7895
Engineering,Mid,Associate Degree,5346
Real Estate,Mid,Master's Degree,7110
Agriculture,Senior,Bachelor's Degree,7194
Forestry,Mid,Associate Degree,3821
Legal,Entry,Associate Degree,5602
Manufacturing,Mid,Associate Degree,4176
Manufacturing,Senior,Master's Degree,7882
Defense,Entry,Master's Degree,8337
Engineering,Senior,High School,4245
Government,Senior,Bachelor's Degree,6235
Finance,Entry,Master's Degree,6667
Manufacturing,Entry,High School,4671
Logistics,Entry,Associate Degree,4808
Engineering,Entry,Associate Degree,5183
Media,Entry,Bachelor's Degree,7832
Energy,Entry,Master's Degree,6629
Real Estate,Mid,Bachelor's Degree,5812
Media,Senior,High School,3828
Mining,Mid,Associate Degree,4741
Forestry,Mid,Associate Degree,5476
Retail,Mid,High School,3606
Energy,Mid,Associate Degree,5314
Logistics,Entry,Bachelor's Degree,5683
Engineering,Entry,Master's Degree,7605
Manufacturing,Entry,High School,4399
Technology,Senior,Master's Degree,6743
Healthcare,Entry,Bachelor's Degree,7940
Construction,Senior,High School,4804
Technology,Senior,High School,3651
Forestry,Entry,Master's Degree,7944
Media,Entry,Bachelor's Degree,7355
Healthcare,Entry,Associate Degree,5280
Real Estate,Senior,High School,3706
Agriculture,Mid,Master's Degree,7317
Transportation,Senior,Bachelor's Degree,7408
Education,Entry,Associate Degree,5258
Manufacturing,Senior,Bachelor's Degree,6352
Media,Mid,Master's Degree,6405
Finance,Entry,Bachelor's Degree,8020
Legal,Mid,Bachelor's Degree,6891
Healthcare,Mid,Associate Degree,4716
Education,Mid,Associate Degree,3814
Engineering,Senior,Bachelor's Degree,7707
Mining,Senior,Master's Degree,8131
Healthcare,Entry,Associate Degree,4801
Legal,Entry,High School,3517
Agriculture,Senior,High School,3502
Education,Mid,PhD,11292
Engineering,Mid,Bachelor's Degree,6716
Healthcare,Senior,Master's Degree,8564
Forestry,Entry,Master's Degree,7510
Healthcare,Entry,High School,4394
Technology,Senior,Bachelor's Degree,5998
Construction,Mid,Associate Degree,3857
Energy,Entry,Master's Degree,9357
Logistics,Mid,Associate Degree,5177
Fishing,Entry,Master's Degree,8695
Technology,Senior,Associate Degree,5478
Retail,Mid,Bachelor's Degree,5517
Real Estate,Mid,Associate Degree,5147
Education,Entry,High School,4688
Media,Mid,High School,3633
Construction,Entry,Associate Degree,5497
Manufacturing,Mid,High School,4717
Retail,Entry,Bachelor's Degree,5404
Media,Senior,Associate Degree,4963
Logistics,Entry,Master's Degree,7241
Technology,Mid,PhD,11253
Healthcare,Mid,Bachelor's Degree,5854
Energy,Mid,High School,4319
Defense,Entry,Associate Degree,4576
Technology,Entry,Master's Degree,6897
Education,Senior,Bachelor's Degree,5484
Engineering,Senior,High School,3326
Logistics,Senior,Master's Degree,8747
Energy,Entry,Master's Degree,7032
Construction,Entry,Associate Degree,5062
Education,Mid,High School,4390
Manufacturing,Senior,Associate Degree,5121
Finance,Mid,PhD,9350
Construction,Entry,Associate Degree,4391
Construction,Mid,High School,4090
Manufacturing,Mid,High School,4134
Transportation,Entry,High School,4376
Fishing,Entry,Associate Degree,5339
Finance,Senior,High School,4694
Real Estate,Senior,Master's Degree,6661
Retail,Entry,Master's Degree,8847
Defense,Entry,Bachelor's Degree,5946
Manufacturing,Senior,Associate Degree,4236
Retail,Mid,Master's Degree,8379
Transportation,Entry,Bachelor's Degree,7174
Technology,Mid,Bachelor's Degree,7852
Mining,Entry,Master's Degree,8299
Defense,Senior,Associate Degree,4406
Fishing,Mid,High School,3544
Government,Entry,Associate Degree,5380
Agriculture,Entry,Master's Degree,7792
Manufacturing,Senior,Bachelor's Degree,6540
Healthcare,Mid,PhD,8668
Agriculture,Senior,Bachelor's Degree,7754
Agriculture,Mid,Master's Degree,9558
Forestry,Entry,Associate Degree,3993
Forestry,Entry,Master's Degree,7081
Technology,Senior,Bachelor's Degree,5605
Transportation,Entry,PhD,11628
Manufacturing,Entry,Associate Degree,5529
Logistics,Senior,Master's Degree,8904
Transportation,Entry,Bachelor's Degree,7039
Logistics,Entry,Bachelor's Degree,7103
Government,Entry,Bachelor's Degree,6433
Healthcare,Mid,Bachelor's Degree,7844
Agriculture,Senior,Bachelor's Degree,7961
Retail,Entry,Bachelor's Degree,7269
Finance,Entry,High School,4617
Media,Entry,Bachelor's Degree,7199
Transportation,Entry,Master's Degree,7508
Government,Mid,Associate Degree,4135
Transportation,Mid,Master's Degree,6428
Mining,Mid,PhD,8502
Finance,Mid,Associate Degree,4032
Engineering,Senior,Associate Degree,5392
Education,Mid,Master's Degree,7525
Healthcare,Senior,Master's Degree,6588
Engineering,Entry,Bachelor's Degree,7307
Media,Entry,Associate Degree,5626
Technology,Senior,PhD,8515
Defense,Mid,Bachelor's Degree,7742
Engineering,Mid,High School,3267
Construction,Mid,Associate Degree,3832
Engineering,Mid,High School,3689
Manufacturing,Mid,Bachelor's Degree,7219
Forestry,Entry,Associate Degree,5496
Construction,Senior,Associate Degree,5572
Construction,Entry,Master's Degree,8250
Mining,Mid,High School,4749
Real Estate,Entry,Master's Degree,7639
Defense,Entry,Bachelor's Degree,6499
Legal,Entry,Bachelor's Degree,6396
Transportation,Entry,High School,4793
Government,Mid,Master's Degree,6733
Fishing,Mid,Associate Degree,4262
Construction,Entry,PhD,11220
Government,Senior,High School,4246
Energy,Senior,Associate Degree,5306
Finance,Mid,Associate Degree,4098
Energy,Entry,High School,3590
Construction,Entry,Associate Degree,4333
Agriculture,Entry,Bachelor's Degree,7235
Legal,Senior,Associate Degree,3828
Healthcare,Entry,Bachelor's Degree,7516
Finance,Entry,Associate Degree,5632
Mining,Entry,Master's Degree,6881
Defense,Senior,Associate Degree,4078
Transportation,Entry,High School,4441
Media,Senior,High School,4240
Finance,Entry,Associate Degree,4844
Engineering,Entry,Master's Degree,9422
Agriculture,Entry,Associate Degree,4595
Mining,Mid,Associate Degree,5713
Engineering,Mid,Associate Degree,5490
Construction,Mid,High School,3511
Fishing,Entry,Master's Degree,9146
Real Estate,Senior,PhD,9780
Logistics,Mid,Associate Degree,5419
Fishing,Senior,Associate Degree,4180
Logistics,Entry,Bachelor's Degree,6863
Transportation,Entry,Master's Degree,7871
Defense,Mid,Bachelor's Degree,6158
Media,Senior,High School,3499
Real Estate,Senior,High School,3902
Fishing,Entry,Bachelor's Degree,6361
Real Estate,Entry,Bachelor's Degree,7427
Forestry,Entry,Master's Degree,7039
Forestry,Entry,Associate Degree,3941
Media,Senior,Associate Degree,5464
Engineering,Senior,High School,4143
Education,Entry,Bachelor's Degree,7024
Real Estate,Mid,Bachelor's Degree,7873
Retail,Entry,Bachelor's Degree,6004
Mining,Entry,Master's Degree,6541
Agriculture,Mid,Associate Degree,4429
Healthcare,Entry,Associate Degree,4863
Agriculture,Senior,Master's Degree,7345
Healthcare,Senior,High School,4822
Education,Entry,Master's Degree,9019
Healthcare,Entry,Bachelor's Degree,7714
Defense,Mid,Associate Degree,4837
Real Estate,Senior,High School,3862
Government,Senior,Bachelor's Degree,6332
Education,Senior,High School,4421
Logistics,Senior,Bachelor's Degree,5575
Forestry,Mid,Bachelor's Degree,5960
Technology,Mid,Bachelor's Degree,7367
Energy,Mid,Bachelor's Degree,6526
Fishing,Mid,Associate Degree,4205
Forestry,Entry,Associate Degree,5285
Agriculture,Mid,Bachelor's Degree,5572
Defense,Entry,PhD,9499
Forestry,Entry,High School,3920
Healthcare,Entry,High School,4299
Construction,Mid,Master's Degree,7936
Technology,Mid,High School,4284
Retail,Senior,PhD,10455
Retail,Entry,Bachelor's Degree,6418
Manufacturing,Entry,PhD,8741
Media,Entry,Master's Degree,7867
Legal,Mid,Bachelor's Degree,5548
Retail,Entry,Master's Degree,7285
Engineering,Senior,Bachelor's Degree,7349
Fishing,Mid,PhD,10358
Logistics,Entry,Associate Degree,3913
Media,Mid,Associate Degree,4590
Mining,Mid,Associate Degree,5382
Construction,Mid,Associate Degree,5099
Media,Entry,Bachelor's Degree,6166
Government,Mid,Bachelor's Degree,5690
Transportation,Mid,High School,4669
Fishing,Entry,Associate Degree,5663
Energy,Entry,Master's Degree,7713
Mining,Entry,Master's Degree,9284
Fishing,Entry,Bachelor's Degree,6596
Finance,Mid,Master's Degree,7047
Real Estate,Senior,Master's Degree,8188
Defense,Entry,Associate Degree,4733
Mining,Entry,Bachelor's Degree,5755
Construction,Mid,Master's Degree,9204
Education,Mid,Associate Degree,4245
Technology,Senior,Associate Degree,4949
Logistics,Mid,Bachelor's Degree,5441
Technology,Mid,High School,4788
Mining,Mid,Associate Degree,4165
Education,Senior,Associate Degree,5450
Real Estate,Mid,Associate Degree,4676
Government,Senior,Bachelor's Degree,7691
Mining,Mid,High School,3306
Government,Mid,PhD,8085
Government,Senior,PhD,8749
Government,Entry,Associate Degree,5251
Manufacturing,Entry,Associate Degree,4602
Legal,Entry,High School,3972
Government,Entry,High School,4283
Education,Mid,Bachelor's Degree,7430
Legal,Senior,Master's Degree,9066
Transportation,Senior,High School,4558
Logistics,Entry,Bachelor's Degree,7969
Technology,Mid,Associate Degree,5145
Legal,Entry,Master's Degree,8617
Logistics,Entry,Associate Degree,3962
Technology,Senior,Associate Degree,5562
Finance,Mid,High School,4398
Forestry,Senior,High School,4044
Fishing,Mid,Bachelor's Degree,7713
Defense,Mid,High School,3978
Construction,Mid,High School,4533
Agriculture,Mid,Bachelor's Degree,6890
Agriculture,Senior,Master's Degree,8716
Media,Mid,Master's Degree,7228
Media,Entry,Master's Degree,7141
Construction,Senior,Master's Degree,8693
Energy,Entry,Bachelor's Degree,5846
Mining,Senior,High School,3788
Manufacturing,Senior,Master's Degree,9112
Logistics,Mid,High School,4833
Finance,Mid,Associate Degree,4088
Mining,Senior,Bachelor's Degree,5794
Retail,Entry,Bachelor's Degree,6901
Healthcare,Entry,Bachelor's Degree,5900
Media,Entry,Associate Degree,5061
Engineering,Entry,Bachelor's Degree,6268
Government,Mid,Associate Degree,5330
Mining,Mid,Associate Degree,4187
Real Estate,Entry,Bachelor's Degree,7189
Engineering,Senior,Master's Degree,7521
Defense,Senior,PhD,8123
Forestry,Entry,Master's Degree,7531
Healthcare,Entry,Master's Degree,7366
Education,Entry,Bachelor's Degree,6682
Education,Entry,Master's Degree,8497
Defense,Mid,Master's Degree,6816
Agriculture,Senior,High School,4003
Mining,Mid,Associate Degree,3867
Energy,Mid,High School,4349
Healthcare,Mid,Bachelor's Degree,6635
Legal,Senior,Bachelor's Degree,7980
Government,Mid,Associate Degree,4813
Education,Entry,Bachelor's Degree,6346
Manufacturing,Entry,Bachelor's Degree,8006
Finance,Senior,Bachelor's Degree,7063
Healthcare,Mid,Bachelor's Degree,7740
Fishing,Mid,Bachelor's Degree,7924
Forestry,Mid,Associate Degree,4154
Logistics,Mid,Associate Degree,4771
Forestry,Senior,Master's Degree,9485
Engineering,Mid,Bachelor's Degree,6423
Transportation,Entry,PhD,10561
Manufacturing,Entry,Master's Degree,6520
Media,Entry,High School,4538
Real Estate,Mid,Bachelor's Degree,6454
Fishing,Entry,Bachelor's Degree,6482
Logistics,Entry,High School,3922
Fishing,Entry,Bachelor's Degree,5912
Finance,Mid,Associate Degree,4050
Agriculture,Entry,Master's Degree,8799
Media,Mid,High School,4391
Agriculture,Entry,Master's Degree,9071
Forestry,Entry,Bachelor's Degree,7641
Finance,Entry,High School,4495
Agriculture,Senior,Bachelor's Degree,6428
Real Estate,Entry,Master's Degree,9088
Defense,Entry,Associate Degree,4613
Legal,Senior,Associate Degree,3895
Agriculture,Entry,High School,3904
Engineering,Entry,Associate Degree,3950
Manufacturing,Entry,Bachelor's Degree,5736
Healthcare,Entry,High School,3418
Retail,Senior,Associate Degree,4376
Legal,Mid,Bachelor's Degree,6952
Mining,Senior,PhD,9991
Logistics,Entry,Bachelor's Degree,6771
Fishing,Entry,Associate Degree,4571
Healthcare,Mid,Master's Degree,7969
Engineering,Mid,High School,3428
Education,Mid,PhD,10446
Agriculture,Entry,Associate Degree,5674
Defense,Mid,Bachelor's Degree,6002
Education,Mid,Associate Degree,5658
Legal,Entry,Bachelor's Degree,6713
Manufacturing,Senior,High School,4479
Government,Mid,High School,4662
Transportation,Mid,PhD,9473
Legal,Senior,Bachelor's Degree,5690
Finance,Mid,High School,4062
Defense,Entry,High School,3670
Engineering,Mid,Bachelor's Degree,7270
Energy,Senior,Associate Degree,4728
Forestry,Senior,High School,4220
Transportation,Mid,Associate Degree,3960
Energy,Mid,High School,4714
Defense,Entry,Bachelor's Degree,7954
Mining,Mid,Associate Degree,3991
Government,Entry,High School,4414
Technology,Mid,Associate Degree,4583
Fishing,Entry,Master's Degree,8560
Logistics,Entry,Bachelor's Degree,5697
Mining,Entry,Master's Degree,6961
Retail,Senior,High School,3586
Retail,Mid,Bachelor's Degree,7555
Real Estate,Mid,Bachelor's Degree,6835
Mining,Entry,Bachelor's Degree,7232
Logistics,Mid,Bachelor's Degree,7372
Media,Senior,High School,3572
Legal,Mid,Associate Degree,4625
Real Estate,Senior,Bachelor's Degree,5661
Engineering,Mid,Master's Degree,7076
Media,Entry,PhD,11173
Retail,Entry,Bachelor's Degree,7299
Manufacturing,Senior,Master's Degree,9375
Manufacturing,Entry,High School,3613
Engineering,Entry,Bachelor's Degree,5485
Engineering,Entry,Bachelor's Degree,7405
Legal,Mid,Bachelor's Degree,7450
Government,Senior,Bachelor's Degree,5544
Legal,Mid,PhD,7931
Engineering,Senior,Bachelor's Degree,6116
Forestry,Mid,High School,3617
Mining,Senior,Bachelor's Degree,7219
Government,Entry,High School,3885
Healthcare,Entry,Associate Degree,5152
Healthcare,Mid,Bachelor's Degree,7145
Fishing,Mid,Bachelor's Degree,6211
Retail,Entry,Bachelor's Degree,6286
Agriculture,Entry,High School,3431
Real Estate,Mid,Bachelor's Degree,6479
Mining,Entry,Bachelor's Degree,6534
Forestry,Entry,Bachelor's Degree,7865
Media,Entry,High School,4102
Media,Mid,High School,4470
Healthcare,Entry,Master's Degree,6836
Mining,Entry,High School,4305
Healthcare,Mid,High School,4491
Legal,Mid,Associate Degree,3936
Education,Senior,Master's Degree,6659
Construction,Mid,Bachelor's Degree,7143
Transportation,Entry,Bachelor's Degree,5435
Media,Mid,Associate Degree,3950
Fishing,Mid,Bachelor's Degree,7167
Legal,Mid,Master's Degree,9336
Forestry,Entry,High School,4788
Forestry,Entry,Master's Degree,8502
Government,Senior,High School,4629
Logistics,Entry,Bachelor's Degree,6912
Real Estate,Mid,Bachelor's Degree,5589
Retail,Senior,Master's Degree,8581
Defense,Mid,Bachelor's Degree,5913
Retail,Entry,Associate Degree,4730
Media,Entry,Associate Degree,4766
Manufacturing,Senior,Bachelor's Degree,7375
Agriculture,Senior,High School,4119
Engineering,Senior,Bachelor's Degree,5835
Legal,Entry,High School,3669
Construction,Entry,High School,3553
Legal,Mid,PhD,10680
Healthcare,Mid,Bachelor's Degree,7006
Government,Senior,Associate Degree,4546
Healthcare,Mid,High School,4226
Healthcare,Entry,Associate Degree,5272
Logistics,Mid,Bachelor's Degree,7376
Transportation,Entry,High School,3275
Logistics,Entry,Master's Degree,9150
Finance,Senior,Associate Degree,4743
Defense,Entry,High School,3463
Transportation,Mid,High School,4246
Forestry,Entry,Bachelor's Degree,7998
Fishing,Mid,High School,3703
Mining,Senior,High School,4536
Agriculture,Entry,Master's Degree,6594
Agriculture,Mid,Associate Degree,4427
Healthcare,Entry,Bachelor's Degree,7706
Legal,Senior,Associate Degree,5601
Retail,Entry,Bachelor's Degree,7471
Government,Mid,High School,4696
Retail,Entry,High School,4699
Manufacturing,Senior,Master's Degree,8536
Real Estate,Entry,PhD,11107
Logistics,Entry,PhD,9516
Healthcare,Mid,Bachelor's Degree,5645
Construction,Senior,PhD,8795
Finance,Mid,Bachelor's Degree,6418
Transportation,Mid,High School,4538
Transportation,Entry,High School,4555
Energy,Mid,Associate Degree,5306
Healthcare,Mid,Bachelor's Degree,7599
Education,Mid,Master's Degree,9488
Transportation,Entry,Associate Degree,4182
Legal,Senior,Bachelor's Degree,5845
Mining,Entry,High School,3365
Legal,Mid,Master's Degree,9399
Engineering,Entry,Master's Degree,8351
Mining,Mid,High School,4018
Retail,Mid,Bachelor's Degree,6354
Energy,Mid,Bachelor's Degree,6887
Technology,Mid,Master's Degree,9480
Logistics,Entry,Associate Degree,4396
Engineering,Mid,Associate Degree,3988
Transportation,Mid,High School,4475
Mining,Mid,Master's Degree,8428
Mining,Entry,Bachelor's Degree,6090
Defense,Entry,Bachelor's Degree,7634
Finance,Entry,Associate Degree,3919
Forestry,Senior,High School,3566
Fishing,Mid,Associate Degree,4242
Construction,Senior,High School,3342
Fishing,Mid,Master's Degree,7301
Defense,Senior,High School,4630
Retail,Senior,Associate Degree,4030
Finance,Mid,PhD,10002
Technology,Mid,High School,4140
Mining,Senior,Master's Degree,6843
Manufacturing,Mid,Master's Degree,6493
Retail,Entry,Bachelor's Degree,5501
Construction,Entry,Bachelor's Degree,7592
Healthcare,Entry,Master's Degree,7430
Education,Senior,Bachelor's Degree,6981
Education,Mid,High School,4258
Agriculture,Mid,Associate Degree,4031
Legal,Entry,Master's Degree,7981
Energy,Senior,Associate Degree,4652
Real Estate,Mid,Bachelor's Degree,6770
Forestry,Senior,Bachelor's Degree,6491
Retail,Entry,Associate Degree,4125
Forestry,Mid,Associate Degree,4488
Finance,Senior,Associate Degree,5591
Real Estate,Mid,High School,4103
Healthcare,Entry,Associate Degree,5284
Construction,Entry,High School,3630
Retail,Senior,High School,3328
Legal,Mid,Bachelor's Degree,8001
Legal,Entry,Associate Degree,4461
Government,Mid,Master's Degree,8353
Engineering,Mid,High School,3521
Defense,Entry,PhD,9348
Forestry,Entry,Bachelor's Degree,5654
Logistics,Entry,Master's Degree,8428
Agriculture,Entry,Bachelor's Degree,5386
Healthcare,Mid,Associate Degree,3942
Energy,Mid,High School,3240
Defense,Mid,Bachelor's Degree,5644
Manufacturing,Mid,Associate Degree,4690
Manufacturing,Mid,Master's Degree,7711
Legal,Senior,Master's Degree,7418
Media,Senior,High School,3735
Construction,Entry,Master's Degree,7021
Defense,Entry,Bachelor's Degree,6636
Defense,Entry,High School,3856
Engineering,Mid,Bachelor's Degree,5690
Defense,Entry,Master's Degree,8892
Mining,Mid,High School,4482
Agriculture,Mid,PhD,11602
Logistics,Mid,Bachelor's Degree,6362
Construction,Senior,Master's Degree,8618
Finance,Senior,Master's Degree,9377
Government,Mid,Bachelor's Degree,6374
Manufacturing,Entry,Associate Degree,5381
Finance,Entry,Associate Degree,5616
Forestry,Senior,Bachelor's Degree,7045
Real Estate,Senior,Associate Degree,4075
Agriculture,Mid,Associate Degree,4286
Engineering,Mid,High School,4108
Engineering,Entry,Associate Degree,4183
Logistics,Mid,High School,3679
Real Estate,Entry,Bachelor's Degree,6462
Energy,Entry,High School,4823
Legal,Mid,Master's Degree,6652
Technology,Mid,High School,3883
Logistics,Entry,Associate Degree,4890
Retail,Mid,Associate Degree,4142
Energy,Senior,Bachelor's Degree,5697
Agriculture,Entry,Bachelor's Degree,6280
Education,Mid,Associate Degree,4833
Manufacturing,Mid,High School,3292
Forestry,Entry,High School,4497
Fishing,Senior,Bachelor's Degree,6383
Engineering,Senior,Master's Degree,7404
Defense,Senior,Bachelor's Degree,5820
Construction,Entry,High School,4766
Healthcare,Entry,High School,4463
Healthcare,Senior,High School,3752
Logistics,Senior,Associate Degree,5630
Finance,Mid,Associate Degree,4235
Defense,Mid,High School,3229
Technology,Mid,Bachelor's Degree,5796
Retail,Senior,Master's Degree,7058
Defense,Entry,Associate Degree,5142
Construction,Mid,Bachelor's Degree,6860
Manufacturing,Senior,Bachelor's Degree,6481
Agriculture,Senior,Master's Degree,7748
Government,Senior,Associate Degree,5553
Agriculture,Entry,Bachelor's Degree,6525
Healthcare,Entry,Associate Degree,5609
Defense,Entry,Master's Degree,6591
Defense,Mid,Associate Degree,5290
Mining,Senior,Bachelor's Degree,6834
Manufacturing,Mid,Bachelor's Degree,5822
Mining,Senior,Bachelor's Degree,5398
Construction,Entry,Associate Degree,5206
Logistics,Entry,Master's Degree,8095
Agriculture,Entry,Master's Degree,6932
Technology,Entry,High School,4415
Logistics,Entry,Associate Degree,3992
Fishing,Mid,Bachelor's Degree,5958
Mining,Senior,High School,4229
Transportation,Senior,Bachelor's Degree,5586
Retail,Mid,Master's Degree,7849
Manufacturing,Entry,Bachelor's Degree,5903
Healthcare,Mid,Associate Degree,5437
Transportation,Entry,Master's Degree,9522
Logistics,Entry,Associate Degree,4415
Logistics,Entry,High School,4660
Agriculture,Mid,Bachelor's Degree,5387
Real Estate,Senior,High School,4197
Transportation,Entry,Bachelor's Degree,5958
Technology,Mid,High School,3320
Fishing,Mid,Master's Degree,9146
Mining,Mid,Bachelor's Degree,6445
Energy,Entry,Master's Degree,7579
Defense,Mid,Bachelor's Degree,7287
Mining,Senior,Bachelor's Degree,8023
Defense,Entry,High School,4765
Energy,Entry,Master's Degree,7660
Mining,Senior,Bachelor's Degree,5797
Technology,Entry,Bachelor's Degree,7853
Agriculture,Entry,Associate Degree,5657
Fishing,Entry,Bachelor's Degree,8019
Manufacturing,Entry,Bachelor's Degree,7749
Fishing,Entry,High School,3448
Logistics,Senior,Associate Degree,5139
Finance,Entry,Bachelor's Degree,8002
Healthcare,Mid,Associate Degree,5137
Education,Mid,Associate Degree,4762
Defense,Senior,Bachelor's Degree,7796
Transportation,Entry,High School,3854
Finance,Entry,Bachelor's Degree,5924
Fishing,Entry,Associate Degree,3998
Healthcare,Senior,Master's Degree,6392
Logistics,Mid,Master's Degree,7751
Agriculture,Mid,Bachelor's Degree,5741
Finance,Entry,Master's Degree,7533
Finance,Mid,Bachelor's Degree,7201
Media,Senior,High School,3466
Healthcare,Mid,Associate Degree,4854
Mining,Senior,High School,3942
Retail,Senior,Bachelor's Degree,5900
Media,Senior,Bachelor's Degree,7151
Retail,Entry,Master's Degree,7688
Defense,Mid,Bachelor's Degree,6437
Energy,Mid,High School,3417
Media,Mid,Associate Degree,5443
Education,Senior,Associate Degree,3891
Technology,Mid,Bachelor's Degree,5396
Defense,Entry,Bachelor's Degree,7467
Fishing,Entry,Bachelor's Degree,6848
Defense,Senior,Associate Degree,4909
Government,Senior,Bachelor's Degree,7442
Transportation,Entry,Bachelor's Degree,6839
Manufacturing,Entry,Associate Degree,5585
Technology,Mid,Master's Degree,8012
Technology,Mid,High School,4423
Retail,Mid,Master's Degree,8222
Transportation,Entry,High School,4156
Real Estate,Entry,Associate Degree,4563
Energy,Mid,Master's Degree,6522
Defense,Senior,Master's Degree,8964
Retail,Entry,High School,4622
Engineering,Entry,Associate Degree,5247
Government,Entry,Associate Degree,5603
Education,Mid,High School,4698
Defense,Senior,Associate Degree,4288
Transportation,Mid,Bachelor's Degree,7309
Agriculture,Senior,Bachelor's Degree,6368
Government,Entry,Associate Degree,4160
Engineering,Senior,Bachelor's Degree,5936
Agriculture,Senior,Associate Degree,4841
Construction,Entry,Bachelor's Degree,6835
Real Estate,Entry,Bachelor's Degree,6164
Logistics,Entry,Bachelor's Degree,5500
Construction,Senior,Bachelor's Degree,5424
Legal,Mid,Bachelor's Degree,7183
Fishing,Entry,Associate Degree,4536
Technology,Senior,Associate Degree,4631
Forestry,Senior,Associate Degree,4358
Forestry,Entry,Associate Degree,3971
Finance,Entry,Master's Degree,7925
Retail,Mid,Master's Degree,8840
Finance,Entry,High School,4767
Forestry,Mid,High School,3260
Engineering,Mid,High School,4064
Agriculture,Mid,Associate Degree,5124
Defense,Entry,Associate Degree,3828
Defense,Entry,Bachelor's Degree,6530
Real Estate,Senior,Associate Degree,4512
Technology,Mid,Bachelor's Degree,7888
Fishing,Entry,Associate Degree,4065
Retail,Entry,Master's Degree,8017
Healthcare,Mid,Associate Degree,5222
Logistics,Senior,Master's Degree,6389
Energy,Senior,Associate Degree,4325
Logistics,Mid,Bachelor's Degree,7464
Healthcare,Mid,High School,4118
Finance,Senior,High School,4703
Real Estate,Entry,Master's Degree,9301
Defense,Entry,Bachelor's Degree,6495
Defense,Entry,High School,3667
Real Estate,Mid,Master's Degree,9098
Education,Senior,Associate Degree,4152
Healthcare,Mid,Master's Degree,6382
Manufacturing,Mid,Bachelor's Degree,6940
Technology,Entry,PhD,10759
Defense,Mid,High School,3708
Manufacturing,Senior,Associate Degree,5590
Logistics,Senior,Associate Degree,3924
Government,Entry,Associate Degree,4655
Logistics,Entry,Master's Degree,9546
Media,Mid,High School,3497
Education,Entry,Associate Degree,4515
Manufacturing,Senior,Master's Degree,6987
Retail,Entry,Associate Degree,4614
Legal,Mid,Bachelor's Degree,5417
Real Estate,Mid,Bachelor's Degree,5394
Fishing,Mid,Bachelor's Degree,6848
Healthcare,Entry,Associate Degree,5414
Retail,Senior,Associate Degree,5441
Media,Mid,Associate Degree,3970
Healthcare,Entry,Associate Degree,4943
Government,Senior,Bachelor's Degree,7063
Real Estate,Mid,Associate Degree,5648
Technology,Senior,Master's Degree,7740
Retail,Senior,High School,4407
Agriculture,Entry,Bachelor's Degree,5725
Engineering,Entry,High School,4604
Legal,Entry,Bachelor's Degree,7173
Fishing,Senior,Bachelor's Degree,7699
Forestry,Mid,Associate Degree,5328
Engineering,Entry,Bachelor's Degree,6732
Finance,Mid,High School,4058
Mining,Entry,Master's Degree,8455
Government,Entry,Associate Degree,4223
Retail,Entry,High School,4336
Real Estate,Mid,Associate Degree,4800
Fishing,Senior,Associate Degree,5576
Manufacturing,Mid,Associate Degree,4520
Manufacturing,Entry,Bachelor's Degree,6225
Mining,Senior,Master's Degree,8227
Finance,Entry,PhD,10908
Education,Mid,Associate Degree,3855
Mining,Entry,High School,3994
Education,Entry,High School,3416
Energy,Senior,Associate Degree,3842
Retail,Senior,High School,4412
Energy,Mid,High School,4349
Mining,Mid,Bachelor's Degree,5518
Finance,Entry,Master's Degree,8785
Mining,Senior,Bachelor's Degree,6604
Forestry,Entry,Master's Degree,8172
Manufacturing,Mid,Bachelor's Degree,7280
Logistics,Mid,Associate Degree,4474
Healthcare,Entry,Associate Degree,5363
Agriculture,Senior,Bachelor's Degree,6170
Forestry,Entry,Bachelor's Degree,7400
Technology,Mid,Associate Degree,4221
Transportation,Mid,Bachelor's Degree,6280
Healthcare,Entry,High School,3799
Finance,Senior,High School,3777
Construction,Mid,High School,4370
Engineering,Mid,Bachelor's Degree,6170
Healthcare,Entry,Associate Degree,3965
Technology,Mid,Bachelor's Degree,6068
Government,Senior,Associate Degree,4896
Retail,Entry,Bachelor's Degree,7799
Fishing,Senior,Associate Degree,4545
Retail,Mid,Master's Degree,7426
Real Estate,Entry,Bachelor's Degree,7624
Media,Entry,Master's Degree,7983
Engineering,Senior,Associate Degree,5612
Retail,Mid,Associate Degree,5258
Defense,Mid,Associate Degree,4309
Mining,Mid,Master's Degree,6489
Technology,Senior,High School,3810
Media,Senior,High School,4604
Construction,Entry,PhD,9680
Technology,Senior,Master's Degree,7375
Government,Mid,PhD,9302
Agriculture,Senior,Bachelor's Degree,7467
Mining,Entry,High School,3258
Retail,Entry,Associate Degree,5182
Energy,Entry,Associate Degree,4770
Legal,Senior,Master's Degree,7831
Technology,Entry,Master's Degree,8000
Manufacturing,Entry,Master's Degree,8712
Transportation,Senior,Associate Degree,5709
Logistics,Senior,Bachelor's Degree,6824
Legal,Entry,High School,3319
Government,Entry,High School,3444
Education,Senior,Bachelor's Degree,6360
Forestry,Mid,Associate Degree,4760
Finance,Entry,High School,3695
Manufacturing,Entry,High School,4166
Media,Entry,Bachelor's Degree,5428
Government,Entry,High School,3322
Education,Mid,Bachelor's Degree,6941
Mining,Senior,Bachelor's Degree,7579
Media,Senior,Master's Degree,7423
Logistics,Mid,Associate Degree,5626
Education,Mid,Master's Degree,9039
Technology,Mid,Associate Degree,4788
Agriculture,Entry,Associate Degree,5714
Real Estate,Mid,High School,4576
Agriculture,Entry,Master's Degree,7201
Energy,Entry,Master's Degree,8900
Forestry,Entry,Bachelor's Degree,8016
Forestry,Mid,Associate Degree,4418
Agriculture,Senior,Bachelor's Degree,7486
Real Estate,Entry,Master's Degree,8226
Forestry,Mid,Master's Degree,8870
Construction,Entry,Bachelor's Degree,7898
Transportation,Mid,High School,3685
Energy,Senior,Bachelor's Degree,7011
Fishing,Mid,Associate Degree,4111
Fishing,Entry,Associate Degree,4090
Forestry,Mid,Master's Degree,9355
Construction,Mid,Associate Degree,5584
Mining,Mid,Associate Degree,4449
Technology,Mid,High School,4666
Real Estate,Senior,Master's Degree,7672
Forestry,Mid,High School,4575
Finance,Senior,Master's Degree,7976
Construction,Senior,Master's Degree,8436
Healthcare,Entry,Bachelor's Degree,7892
Finance,Senior,High School,3672
Logistics,Mid,Associate Degree,4305
Manufacturing,Mid,High School,3350
Energy,Entry,Associate Degree,4306
Retail,Senior,High School,4425
Education,Mid,Master's Degree,8201
Energy,Entry,High School,3767
Mining,Mid,Associate Degree,4613
Fishing,Mid,Associate Degree,4622
Legal,Entry,Bachelor's Degree,7317
Construction,Entry,Master's Degree,8054
Energy,Mid,Bachelor's Degree,7087
Transportation,Mid,Bachelor's Degree,7039
Real Estate,Entry,Bachelor's Degree,5761
Technology,Entry,Master's Degree,7987
Manufacturing,Entry,Associate Degree,5523
Engineering,Mid,High School,4818
Logistics,Senior,Master's Degree,8027
Forestry,Entry,Bachelor's Degree,5967
Manufacturing,Entry,Bachelor's Degree,6153
Media,Mid,Associate Degree,4512
Government,Mid,High School,4248
Fishing,Entry,Master's Degree,6525
Construction,Entry,Bachelor's Degree,6105
Engineering,Mid,High School,4461
Healthcare,Entry,Associate Degree,4644
Agriculture,Mid,High School,3764
Mining,Mid,Master's Degree,8861
Healthcare,Entry,Master's Degree,7074
Retail,Mid,PhD,8647
Construction,Entry,High School,4150
Transportation,Entry,Bachelor's Degree,7695
Legal,Mid,Associate Degree,3927
Retail,Entry,Associate Degree,4470
Energy,Entry,High School,4017
Healthcare,Mid,Master's Degree,6709
Real Estate,Mid,Master's Degree,6854
Healthcare,Entry,PhD,11300
Education,Mid,Associate Degree,4945
Forestry,Mid,Bachelor's Degree,6535
Defense,Senior,Associate Degree,5451
Mining,Entry,Associate Degree,5494
Manufacturing,Mid,Associate Degree,4501
Government,Entry,Master's Degree,7306
Mining,Mid,Bachelor's Degree,6684
Engineering,Entry,Bachelor's Degree,5547
Government,Entry,Master's Degree,8482
Real Estate,Senior,Associate Degree,5341
Finance,Senior,Associate Degree,5645
Forestry,Entry,Master's Degree,6684
Healthcare,Mid,High School,3290
Real Estate,Mid,Bachelor's Degree,5928
Engineering,Senior,High School,3384
Manufacturing,Mid,Bachelor's Degree,5372
Technology,Mid,Associate Degree,5270
Energy,Entry,Master's Degree,7076
Engineering,Mid,Bachelor's Degree,6358
Agriculture,Senior,Associate Degree,4763
Defense,Entry,Master's Degree,7904
Agriculture,Entry,Bachelor's Degree,7151
Retail,Senior,Bachelor's Degree,7472
Fishing,Entry,Bachelor's Degree,5417
Government,Senior,Master's Degree,6526
Mining,Mid,Bachelor's Degree,7151
Real Estate,Entry,Master's Degree,7048
Transportation,Mid,High School,4446
Forestry,Mid,High School,3826
Transportation,Mid,Bachelor's Degree,7781
Finance,Mid,Bachelor's Degree,5611
Healthcare,Mid,Bachelor's Degree,7772
Legal,Senior,High School,3722
Education,Entry,Bachelor's Degree,6520
Energy,Entry,Master's Degree,8830
Construction,Mid,Associate Degree,4164
Transportation,Entry,Bachelor's Degree,7518
Retail,Entry,Associate Degree,5675
Forestry,Entry,Master's Degree,7736
Healthcare,Mid,Bachelor's Degree,6231
Fishing,Mid,Associate Degree,4476
Transportation,Senior,Master's Degree,9455
Mining,Entry,PhD,9300
Engineering,Mid,Bachelor's Degree,7541
Government,Entry,High School,4210
Engineering,Mid,Bachelor's Degree,7439
Logistics,Mid,Bachelor's Degree,5837
Energy,Entry,Associate Degree,4689
Education,Entry,High School,3757
Energy,Mid,Associate Degree,4747
Fishing,Senior,Master's Degree,6670
Finance,Entry,Master's Degree,7178
Fishing,Entry,Master's Degree,6855
Media,Entry,Master's Degree,7223
Government,Senior,Bachelor's Degree,5975
Government,Mid,High School,3445
Government,Senior,Master's Degree,6585
Engineering,Mid,Master's Degree,7542
Forestry,Mid,Bachelor's Degree,7962
Real Estate,Senior,Master's Degree,8424
Technology,Entry,Bachelor's Degree,7395
Agriculture,Entry,High School,3239
Finance,Senior,High School,4015
Retail,Entry,Associate Degree,3896
Logistics,Senior,Associate Degree,4303
Finance,Senior,Associate Degree,5587
Forestry,Senior,Bachelor's Degree,6339
Transportation,Mid,High School,3449
Transportation,Mid,Bachelor's Degree,7800
Technology,Mid,Bachelor's Degree,5925
Education,Mid,High School,4053
Education,Entry,Associate Degree,4563
Technology,Entry,Associate Degree,4565
Agriculture,Entry,Associate Degree,4052
Manufacturing,Senior,High School,3967
Fishing,Mid,Bachelor's Degree,6660
Finance,Mid,Associate Degree,5110
Real Estate,Mid,Bachelor's Degree,7047
Defense,Mid,Master's Degree,9114
Mining,Mid,Associate Degree,5575
Manufacturing,Entry,Master's Degree,8180
Engineering,Entry,Master's Degree,8583
Manufacturing,Entry,Master's Degree,8630
Education,Mid,Bachelor's Degree,6732
Real Estate,Senior,Associate Degree,5226
Media,Mid,Bachelor's Degree,6865
Energy,Senior,High School,3613
Logistics,Entry,Bachelor's Degree,6725
Agriculture,Mid,High School,3643
Education,Mid,Master's Degree,6450
Government,Mid,Associate Degree,5274
Finance,Senior,Bachelor's Degree,5506
Energy,Entry,High School,4390
Education,Mid,Master's Degree,7634
Education,Mid,Bachelor's Degree,7398
Engineering,Mid,Master's Degree,6955
Education,Entry,Associate Degree,4318
Engineering,Mid,Master's Degree,8481
Real Estate,Mid,Associate Degree,4533
Construction,Senior,Associate Degree,5622
Healthcare,Mid,Associate Degree,4950
Education,Mid,Associate Degree,5545
Defense,Mid,Master's Degree,6632
Technology,Senior,Bachelor's Degree,5440
Real Estate,Entry,High School,3805
Real Estate,Entry,Bachelor's Degree,7328
Fishing,Mid,Associate Degree,4043
Defense,Entry,High School,4105
Real Estate,Entry,Bachelor's Degree,7090
Mining,Mid,Bachelor's Degree,6297
Retail,Mid,Bachelor's Degree,7363
Technology,Mid,PhD,11744
Media,Senior,Master's Degree,6415
Fishing,Mid,High School,4363
Forestry,Entry,Associate Degree,4423
Government,Entry,Master's Degree,8041
Government,Mid,Associate Degree,3998
Manufacturing,Mid,Bachelor's Degree,6754
Government,Mid,Master's Degree,9193
Real Estate,Entry,Master's Degree,7499
Education,Mid,PhD,9251
Fishing,Mid,Master's Degree,6781
Manufacturing,Senior,PhD,9844
Retail,Senior,High School,4794
Fishing,Entry,Bachelor's Degree,6901
Fishing,Mid,Master's Degree,6653
Manufacturing,Entry,PhD,8574
Manufacturing,Senior,Bachelor's Degree,6439
Transportation,Mid,Master's Degree,9533
Logistics,Senior,Master's Degree,8269
Manufacturing,Senior,Bachelor's Degree,5411
Retail,Entry,Bachelor's Degree,5520
Finance,Mid,High School,4038
Agriculture,Entry,High School,4017
Retail,Entry,Bachelor's Degree,6229
Real Estate,Mid,Master's Degree,7030
Government,Senior,Bachelor's Degree,6363
Agriculture,Mid,PhD,7965
Forestry,Mid,Associate Degree,5571
Technology,Mid,Associate Degree,4517
Education,Entry,Bachelor's Degree,5492
Retail,Entry,Associate Degree,5292
Engineering,Mid,High School,4729
Retail,Senior,High School,4687
Education,Senior,Master's Degree,8238
Agriculture,Entry,Bachelor's Degree,7871
Manufacturing,Entry,Master's Degree,8776
Mining,Entry,Master's Degree,9414
Mining,Mid,Associate Degree,5486
Agriculture,Entry,Master's Degree,6416
Construction,Mid,Master's Degree,7516
Mining,Senior,Bachelor's Degree,6556
Technology,Mid,Master's Degree,9261
Government,Mid,Master's Degree,7495
Legal,Mid,High School,4229
Technology,Entry,Associate Degree,4752
Technology,Mid,Bachelor's Degree,6675
Media,Entry,Bachelor's Degree,6757
Legal,Senior,High School,3537
Legal,Mid,High School,3280
Transportation,Mid,PhD,10963
Technology,Entry,Associate Degree,5329
Media,Entry,High School,4524
Media,Entry,Bachelor's Degree,7738
Forestry,Mid,Associate Degree,4622
Education,Senior,Associate Degree,5097
Education,Entry,PhD,11440
Healthcare,Senior,Bachelor's Degree,6422
Education,Mid,Bachelor's Degree,6747
Defense,Senior,Bachelor's Degree,7531
Education,Entry,High School,4279
Mining,Mid,Bachelor's Degree,5442
Real Estate,Senior,Bachelor's Degree,5816
Forestry,Mid,Bachelor's Degree,5761
Legal,Senior,Bachelor's Degree,7099
Energy,Mid,Associate Degree,5124
Defense,Mid,Bachelor's Degree,6527
Media,Mid,Bachelor's Degree,6435
Construction,Entry,Bachelor's Degree,5751
Healthcare,Mid,High School,3226
Education,Entry,High School,4134
Energy,Mid,Associate Degree,5293
Fishing,Mid,Master's Degree,6494
Real Estate,Senior,Master's Degree,8582
Government,Entry,Associate Degree,5435
Energy,Entry,Bachelor's Degree,7275
Engineering,Entry,Master's Degree,7812
Mining,Entry,High School,4786
Retail,Entry,Bachelor's Degree,5562
Retail,Entry,Master's Degree,6416
Mining,Entry,High School,4136
Retail,Senior,Master's Degree,9223
Finance,Entry,Bachelor's Degree,7784
Mining,Entry,Master's Degree,7533
Manufacturing,Entry,Master's Degree,8110
Real Estate,Mid,High School,3993
Construction,Mid,Bachelor's Degree,6452
Retail,Senior,PhD,10621
Construction,Entry,Associate Degree,4620
Education,Mid,Associate Degree,4812
Forestry,Senior,PhD,8614
Education,Entry,Associate Degree,5040
Legal,Entry,Associate Degree,5441
Real Estate,Mid,Bachelor's Degree,7529
Defense,Entry,High School,4470
Legal,Entry,Bachelor's Degree,5591
Healthcare,Mid,High School,4423
Retail,Mid,Master's Degree,9538
Energy,Mid,High School,4268
Healthcare,Entry,Master's Degree,9264
Manufacturing,Mid,High School,4781
Technology,Entry,High School,4470
Manufacturing,Entry,Bachelor's Degree,6208
Defense,Entry,Associate Degree,3826
Energy,Mid,Associate Degree,4639
Defense,Entry,Master's Degree,7880
Fishing,Senior,Master's Degree,9273
Real Estate,Mid,High School,4486
Legal,Mid,Associate Degree,4686
Transportation,Entry,PhD,11639
Fishing,Mid,Associate Degree,3844
Media,Mid,High School,3225
Healthcare,Senior,High School,4465
Legal,Entry,High School,4770
Government,Entry,Bachelor's Degree,6517
Real Estate,Mid,Associate Degree,4772
Logistics,Senior,Bachelor's Degree,6673
Transportation,Entry,Bachelor's Degree,5513
Forestry,Entry,Master's Degree,8342
Mining,Entry,Bachelor's Degree,6468
Transportation,Entry,Master's Degree,7029
Legal,Mid,Associate Degree,4584
Retail,Entry,Associate Degree,5081
Legal,Mid,High School,4028
Energy,Entry,Associate Degree,4711
Construction,Entry,PhD,8931
Technology,Entry,High School,4108
Fishing,Entry,Bachelor's Degree,7536
Media,Senior,PhD,11610
Fishing,Senior,High School,3671
Construction,Mid,Associate Degree,4359
Defense,Mid,High School,4009
Finance,Entry,Associate Degree,5320
Technology,Mid,Associate Degree,4550
Mining,Mid,Associate Degree,4325
Mining,Senior,Bachelor's Degree,5881
Government,Entry,Bachelor's Degree,7970
Engineering,Senior,High School,3571
Transportation,Mid,Master's Degree,7439
Government,Entry,Bachelor's Degree,7700
Technology,Senior,Associate Degree,5004
Forestry,Entry,High School,3747
Defense,Senior,Bachelor's Degree,7342
Construction,Mid,High School,4094
Healthcare,Mid,High School,3771
Finance,Senior,Bachelor's Degree,7166
Finance,Entry,Associate Degree,4799
Energy,Entry,Master's Degree,8343
Energy,Mid,Master's Degree,9193
Fishing,Entry,Master's Degree,7434
Retail,Senior,Bachelor's Degree,7570
Real Estate,Entry,PhD,9473
Government,Entry,Bachelor's Degree,5610
Agriculture,Senior,Bachelor's Degree,5551
Manufacturing,Mid,Master's Degree,8095
Real Estate,Mid,Associate Degree,5536
Media,Entry,Associate Degree,3991
Agriculture,Entry,Bachelor's Degree,7178
Legal,Mid,PhD,9281
Construction,Entry,Master's Degree,8558
Finance,Mid,Master's Degree,9232
Defense,Mid,Bachelor's Degree,7177
Healthcare,Entry,Associate Degree,4317
Media,Entry,Bachelor's Degree,6508
Government,Mid,Bachelor's Degree,5892
Fishing,Entry,Bachelor's Degree,6939
Forestry,Entry,PhD,7997
Energy,Mid,Master's Degree,9437
Agriculture,Mid,Associate Degree,5467
Logistics,Mid,Master's Degree,8039
Logistics,Senior,Associate Degree,5542
Agriculture,Senior,High School,3632
Legal,Mid,Associate Degree,4968
Manufacturing,Entry,High School,3484
Construction,Senior,High School,4785
Media,Mid,Master's Degree,8323
Legal,Mid,Associate Degree,4844
Retail,Entry,Bachelor's Degree,5867
Education,Senior,Master's Degree,8813
Defense,Entry,Associate Degree,5417
Education,Mid,High School,4462
Real Estate,Mid,Bachelor's Degree,7300
Forestry,Entry,High School,3585
Retail,Mid,Bachelor's Degree,6693
Forestry,Mid,Master's Degree,7192
Technology,Entry,Associate Degree,3968
Fishing,Mid,Associate Degree,4078
Energy,Mid,High School,3403
Forestry,Mid,Associate Degree,5042
Engineering,Senior,High School,4015
Government,Entry,Bachelor's Degree,7373
Education,Senior,High School,3286
Construction,Entry,Master's Degree,6890
Legal,Senior,Associate Degree,5202
Engineering,Entry,High School,4024
Defense,Senior,Bachelor's Degree,6528
Technology,Mid,Associate Degree,5317
Energy,Mid,Bachelor's Degree,6673
Finance,Entry,Associate Degree,5686
Retail,Mid,PhD,9653
Agriculture,Mid,Bachelor's Degree,6685
Construction,Mid,Associate Degree,4569
Mining,Senior,Bachelor's Degree,6601
Engineering,Senior,Bachelor's Degree,5981
Energy,Mid,Associate Degree,5167
Mining,Mid,Bachelor's Degree,7154
Healthcare,Entry,Bachelor's Degree,6829
Mining,Mid,Associate Degree,4139
Government,Entry,Associate Degree,4016
Energy,Entry,Master's Degree,8060
Transportation,Mid,Bachelor's Degree,7492
Engineering,Mid,Bachelor's Degree,5684
Transportation,Senior,Bachelor's Degree,6492
Fishing,Senior,Bachelor's Degree,6463
Real Estate,Entry,Associate Degree,5081
Forestry,Entry,High School,4703
Healthcare,Entry,Master's Degree,6603
Transportation,Entry,Bachelor's Degree,7762
Mining,Senior,PhD,8305
Retail,Mid,PhD,8563
Education,Senior,Master's Degree,6608
Forestry,Senior,Bachelor's Degree,5854
Mining,Entry,High School,3364
Defense,Entry,High School,3232
Retail,Senior,High School,4194
Transportation,Entry,Associate Degree,5588
Energy,Mid,Master's Degree,8644
Legal,Entry,High School,4615
Technology,Senior,Associate Degree,5211
Healthcare,Senior,High School,3870
Agriculture,Entry,Bachelor's Degree,7633
Government,Senior,Bachelor's Degree,5925
Agriculture,Mid,High School,3244
Engineering,Mid,Master's Degree,7388
Technology,Mid,PhD,9322
Media,Mid,High School,4343
Agriculture,Mid,Bachelor's Degree,6002
Forestry,Senior,Associate Degree,3879
Healthcare,Mid,Associate Degree,5117
Transportation,Mid,PhD,8677
Agriculture,Mid,Bachelor's Degree,7476
Fishing,Mid,High School,4654
Fishing,Mid,Bachelor's Degree,7287
Technology,Entry,Master's Degree,9185
Technology,Mid,Master's Degree,6713
Legal,Mid,Associate Degree,4574
Technology,Mid,Bachelor's Degree,7670
Finance,Mid,High School,4441
Mining,Entry,High School,4812
Construction,Mid,High School,3991
Government,Senior,Associate Degree,4146
Real Estate,Entry,Bachelor's Degree,5925
Construction,Senior,Bachelor's Degree,5443
Finance,Entry,Associate Degree,3876
Transportation,Mid,Master's Degree,8817
Agriculture,Mid,Associate Degree,4050
Legal,Entry,Master's Degree,8666
Media,Senior,Bachelor's Degree,7338
Engineering,Entry,Master's Degree,9017
Manufacturing,Entry,High School,3284
Education,Senior,High School,4246
Retail,Senior,High School,4793
Defense,Mid,Bachelor's Degree,7016
Forestry,Entry,High School,3885
Construction,Entry,Master's Degree,9358
Retail,Mid,High School,3529
Media,Mid,Master's Degree,8470
Fishing,Mid,Master's Degree,7151
Technology,Entry,Associate Degree,5690
Retail,Entry,Bachelor's Degree,6160
Transportation,Entry,Bachelor's Degree,5717
Defense,Entry,Master's Degree,8853
Legal,Mid,Master's Degree,6684
Government,Mid,Associate Degree,5279
Energy,Mid,Associate Degree,4192
Finance,Mid,Master's Degree,8709
Defense,Senior,Bachelor's Degree,5667
Fishing,Mid,Bachelor's Degree,5462
Retail,Entry,Bachelor's Degree,5601
Mining,Entry,PhD,10193
Transportation,Mid,Bachelor's Degree,7541
Technology,Mid,High School,4477
Fishing,Senior,Master's Degree,8470
Manufacturing,Entry,Bachelor's Degree,5621
Logistics,Senior,Associate Degree,5496
Legal,Mid,Bachelor's Degree,5526
Legal,Mid,High School,4317
Transportation,Entry,Master's Degree,7390
Education,Mid,High School,3435
Transportation,Mid,PhD,8529
Real Estate,Senior,High School,3965
Construction,Entry,Bachelor's Degree,5580
Engineering,Entry,Bachelor's Degree,6114
Forestry,Senior,Bachelor's Degree,6394
Retail,Senior,Bachelor's Degree,6846
Manufacturing,Entry,High School,3743
Construction,Mid,Master's Degree,8527
Media,Senior,Bachelor's Degree,5759
Mining,Entry,High School,3642
Forestry,Senior,High School,4440
Media,Entry,High School,3717
Technology,Entry,Bachelor's Degree,6778
Engineering,Entry,Associate Degree,4139
Energy,Entry,Bachelor's Degree,6712
Finance,Senior,Bachelor's Degree,5598
Engineering,Entry,Bachelor's Degree,6087
Construction,Mid,Bachelor's Degree,7741
Logistics,Entry,Master's Degree,8486
Healthcare,Senior,Associate Degree,5530
Retail,Entry,Associate Degree,5408
Engineering,Senior,Associate Degree,4313
Logistics,Entry,Bachelor's Degree,7196
Education,Entry,Associate Degree,5258
Energy,Mid,Associate Degree,5581
Technology,Senior,Bachelor's Degree,7227
Healthcare,Mid,Associate Degree,4265
Education,Entry,Associate Degree,4982
Legal,Mid,Bachelor's Degree,5837
Mining,Entry,Associate Degree,4857
Finance,Mid,High School,3855
Fishing,Entry,High School,4757
Retail,Senior,High School,3429
Agriculture,Entry,Associate Degree,5168
Retail,Entry,Master's Degree,7599
Fishing,Mid,Bachelor's Degree,5927
Logistics,Mid,Master's Degree,7827
Engineering,Entry,Associate Degree,5232
Media,Mid,High School,4065
Fishing,Entry,Master's Degree,7887
Fishing,Entry,Master's Degree,6816
Logistics,Senior,Associate Degree,5687
Construction,Entry,PhD,11321
Technology,Mid,High School,4187
Energy,Mid,High School,3965
Defense,Mid,Master's Degree,8927
Media,Mid,Associate Degree,4398
Healthcare,Entry,High School,3848
Transportation,Entry,Bachelor's Degree,6797
Construction,Entry,High School,4307
Media,Mid,Master's Degree,8565
Transportation,Entry,Associate Degree,5530
Finance,Mid,Associate Degree,4860
Mining,Mid,Master's Degree,7014
Transportation,Mid,High School,3357
Fishing,Entry,High School,3889
Real Estate,Mid,Bachelor's Degree,7012
Legal,Senior,High School,4798
Engineering,Senior,Bachelor's Degree,7330
Mining,Mid,Bachelor's Degree,6035
Engineering,Senior,Master's Degree,7449
Construction,Senior,Master's Degree,9100
Transportation,Mid,Bachelor's Degree,7351
Technology,Mid,Associate Degree,5088
Technology,Mid,PhD,8355
Legal,Senior,Associate Degree,4700
Finance,Entry,Associate Degree,5314
Construction,Mid,Master's Degree,8507
Technology,Senior,Master's Degree,8723
Healthcare,Entry,Associate Degree,4526
Government,Mid,Associate Degree,5514
Defense,Mid,High School,4746
Real Estate,Entry,Master's Degree,8604
Logistics,Entry,Associate Degree,5270
Legal,Entry,Associate Degree,4784
Engineering,Mid,Associate Degree,5567
Engineering,Senior,Associate Degree,5500
Energy,Senior,High School,4700
Media,Entry,Bachelor's Degree,7884
Media,Mid,Associate Degree,5457
Fishing,Mid,Bachelor's Degree,7078
Agriculture,Senior,Master's Degree,7031
Technology,Entry,Bachelor's Degree,5373
Real Estate,Mid,PhD,8427
Logistics,Mid,High School,3305
Transportation,Entry,Bachelor's Degree,6301
Manufacturing,Entry,Associate Degree,5076
Healthcare,Senior,Master's Degree,6716
Energy,Senior,Bachelor's Degree,7578
Technology,Entry,Associate Degree,4129
Government,Mid,Bachelor's Degree,5926
Finance,Entry,Associate Degree,5556
Energy,Entry,PhD,8947
Healthcare,Mid,Bachelor's Degree,5930
Defense,Mid,Bachelor's Degree,7425
Transportation,Entry,Associate Degree,5566
Healthcare,Mid,Bachelor's Degree,6325
Government,Senior,Associate Degree,4226
Legal,Entry,Associate Degree,5169
Manufacturing,Senior,High School,4117
Technology,Entry,Master's Degree,9411
Fishing,Entry,Master's Degree,7159
Media,Entry,High School,3594
Mining,Entry,Associate Degree,4877
Transportation,Mid,Bachelor's Degree,5462
Media,Mid,Bachelor's Degree,5367
Fishing,Entry,Associate Degree,3866
Finance,Entry,Bachelor's Degree,5549
Finance,Senior,High School,3518
Engineering,Senior,Bachelor's Degree,6214
Mining,Entry,Bachelor's Degree,7750
Fishing,Entry,Master's Degree,6464
Fishing,Entry,High School,4301
Mining,Entry,PhD,9070
Legal,Mid,Bachelor's Degree,7750
Fishing,Mid,Bachelor's Degree,7287
Agriculture,Entry,Master's Degree,8699
Technology,Entry,Bachelor's Degree,6654
Finance,Entry,Associate Degree,4618
Forestry,Entry,Master's Degree,7924
Engineering,Entry,Bachelor's Degree,5445
Technology,Mid,Bachelor's Degree,7606
Retail,Mid,High School,3469
Engineering,Mid,PhD,11363
Legal,Senior,Bachelor's Degree,6881
Energy,Senior,Master's Degree,6472
Fishing,Mid,Bachelor's Degree,6938
Real Estate,Entry,Master's Degree,7260
Media,Mid,Master's Degree,8470
Logistics,Mid,High School,3809
Manufacturing,Entry,Master's Degree,9245
Forestry,Mid,Bachelor's Degree,6992
Government,Senior,High School,3332
Media,Mid,High School,4077
Technology,Mid,Bachelor's Degree,6440
Mining,Mid,Bachelor's Degree,7411
Logistics,Mid,Master's Degree,7418
Forestry,Entry,Associate Degree,4399
Government,Senior,Associate Degree,4635
Forestry,Senior,High School,3972
Media,Mid,Bachelor's Degree,7701
Transportation,Entry,High School,4422
Finance,Entry,Associate Degree,5178
Fishing,Mid,Bachelor's Degree,7482
Technology,Mid,Bachelor's Degree,7802
Healthcare,Entry,Associate Degree,5071
Transportation,Entry,High School,4373
Retail,Mid,Master's Degree,7230
Legal,Entry,Bachelor's Degree,6078
Agriculture,Mid,Master's Degree,8769
Finance,Senior,Bachelor's Degree,6142
Finance,Mid,Master's Degree,9060
Real Estate,Senior,PhD,8054
Defense,Entry,Bachelor's Degree,6033
Government,Senior,High School,4580
Mining,Mid,Bachelor's Degree,6309
Government,Entry,Associate Degree,4614
Education,Mid,PhD,8323
Transportation,Mid,Master's Degree,8003
Fishing,Entry,Bachelor's Degree,5994
Real Estate,Senior,Master's Degree,9258
Retail,Senior,High School,4664
Real Estate,Senior,High School,4016
Healthcare,Mid,Bachelor's Degree,6937
Fishing,Entry,Associate Degree,4705
Legal,Entry,Master's Degree,7292
Retail,Mid,Associate Degree,4932
Finance,Entry,Associate Degree,4252
Real Estate,Mid,Bachelor's Degree,7681
Real Estate,Mid,Bachelor's Degree,7005
Real Estate,Senior,Associate Degree,4962
Healthcare,Mid,Associate Degree,5570
Legal,Entry,Associate Degree,5458
Technology,Entry,Bachelor's Degree,7284
Transportation,Senior,Associate Degree,4075
Engineering,Entry,PhD,7950
Real Estate,Entry,High School,4500
Legal,Mid,Master's Degree,8135
Agriculture,Entry,High School,4402
Mining,Entry,Bachelor's Degree,6709
Fishing,Mid,High School,4210
Fishing,Senior,Bachelor's Degree,6401
Engineering,Mid,Associate Degree,4365
Media,Entry,Bachelor's Degree,5776
Transportation,Entry,High School,4728
Construction,Senior,Master's Degree,7431
Education,Entry,Associate Degree,3903
Finance,Mid,PhD,8947
Mining,Mid,Associate Degree,5445
Defense,Entry,PhD,9818
Media,Entry,Master's Degree,7098
Finance,Entry,High School,4835
Media,Entry,Associate Degree,5497
Logistics,Senior,Bachelor's Degree,7595
Forestry,Mid,High School,3994
Engineering,Senior,Bachelor's Degree,7392
Finance,Entry,High School,3283
Finance,Mid,Master's Degree,7010
Fishing,Mid,Associate Degree,4929
Energy,Entry,High School,4045
Forestry,Entry,High School,3983
Engineering,Senior,Master's Degree,8824
Agriculture,Entry,High School,4834
Agriculture,Senior,Associate Degree,5401
Legal,Mid,High School,3391
Fishing,Senior,Associate Degree,4628
Construction,Mid,Bachelor's Degree,5365
Agriculture,Entry,High School,3636
Healthcare,Senior,Bachelor's Degree,7432
Legal,Entry,Master's Degree,6435
Media,Senior,Bachelor's Degree,6372
Manufacturing,Mid,High School,4451
Agriculture,Entry,Associate Degree,5084
Technology,Entry,Master's Degree,8347
Construction,Mid,High School,4658
Construction,Entry,High School,3729
Fishing,Mid,Associate Degree,4328
Technology,Senior,Bachelor's Degree,7301
Transportation,Entry,High School,3444
Education,Entry,High School,4468
Fishing,Mid,Associate Degree,5192
Media,Mid,Bachelor's Degree,7668
Media,Senior,Bachelor's Degree,7083
Defense,Entry,Master's Degree,8297
Government,Entry,PhD,8211
Media,Entry,Associate Degree,5079
Engineering,Mid,High School,4815
Agriculture,Entry,Associate Degree,5399
Finance,Senior,Master's Degree,9452
Mining,Senior,Associate Degree,4106
Manufacturing,Mid,High School,4070
Defense,Entry,Bachelor's Degree,7547
Logistics,Senior,Associate Degree,3923
Legal,Entry,Master's Degree,9350
Forestry,Mid,Master's Degree,8518
Manufacturing,Senior,Bachelor's Degree,7910
Real Estate,Mid,PhD,8664
Agriculture,Mid,Bachelor's Degree,5730
Forestry,Mid,Associate Degree,5461
Real Estate,Mid,Master's Degree,7770
Legal,Mid,Associate Degree,4975
Legal,Mid,Bachelor's Degree,7441
Technology,Mid,Bachelor's Degree,6957
Logistics,Entry,Associate Degree,4738
Real Estate,Mid,Bachelor's Degree,5859
Energy,Mid,PhD,10456
Defense,Entry,Bachelor's Degree,5428
Logistics,Mid,Master's Degree,6730
Defense,Mid,High School,4221
Manufacturing,Entry,Bachelor's Degree,6459
Government,Mid,Bachelor's Degree,5678
Retail,Senior,Associate Degree,4859
Healthcare,Mid,Master's Degree,9264
Agriculture,Mid,Bachelor's Degree,6869
Retail,Mid,Bachelor's Degree,7836
Transportation,Entry,Associate Degree,5190
Real Estate,Mid,Associate Degree,4424
Forestry,Mid,High School,3338
Manufacturing,Entry,Associate Degree,5639
Fishing,Senior,Master's Degree,6977
Energy,Mid,Master's Degree,8402
Healthcare,Senior,High School,3733
Energy,Entry,Associate Degree,5597
Fishing,Senior,Bachelor's Degree,6935
Government,Entry,Associate Degree,4022
Real Estate,Mid,PhD,8527
Retail,Senior,Bachelor's Degree,6443
Education,Mid,Bachelor's Degree,7196
Retail,Mid,High School,4170
Government,Entry,Master's Degree,7976
Energy,Mid,Associate Degree,5229
Finance,Entry,Bachelor's Degree,6568
Agriculture,Mid,High School,4811
Healthcare,Mid,Associate Degree,4335
Manufacturing,Mid,Bachelor's Degree,6679
Defense,Entry,Associate Degree,4924
Legal,Entry,Bachelor's Degree,6571
Fishing,Mid,High School,3719
Agriculture,Mid,PhD,11653
Real Estate,Senior,Bachelor's Degree,6624
Legal,Entry,Master's Degree,7805
Transportation,Entry,Associate Degree,4469
Media,Mid,Master's Degree,6617
Healthcare,Entry,Master's Degree,7717
Transportation,Mid,Bachelor's Degree,7656
Manufacturing,Entry,Associate Degree,5441
Government,Mid,Bachelor's Degree,7994
Fishing,Mid,High School,3865
Manufacturing,Senior,Associate Degree,3947
Construction,Mid,Associate Degree,5549
Fishing,Mid,Master's Degree,8407
Fishing,Mid,Bachelor's Degree,7769
Media,Mid,Associate Degree,3838
Fishing,Mid,Master's Degree,7999
Defense,Entry,High School,3644
Technology,Senior,Associate Degree,5199
Energy,Mid,Associate Degree,5665
Retail,Entry,Bachelor's Degree,6178
Healthcare,Senior,High School,4096
Fishing,Entry,PhD,7921
Technology,Entry,High School,3707
Transportation,Entry,Master's Degree,9224
Manufacturing,Mid,High School,4552
Media,Mid,High School,4766
Real Estate,Entry,PhD,11267
Engineering,Mid,Bachelor's Degree,6161
Technology,Senior,Bachelor's Degree,6152
Real Estate,Senior,Bachelor's Degree,5885
Transportation,Entry,Bachelor's Degree,5564
Energy,Entry,Associate Degree,3935
Legal,Mid,Associate Degree,4894
Retail,Senior,Associate Degree,4760
Media,Entry,Bachelor's Degree,6693
Forestry,Mid,Associate Degree,4186
Forestry,Mid,Associate Degree,4814
Engineering,Senior,Associate Degree,5538
Fishing,Mid,Bachelor's Degree,6195
Engineering,Senior,High School,3650
Forestry,Senior,PhD,8651
Manufacturing,Mid,Bachelor's Degree,5784
Finance,Senior,High School,4105
Education,Mid,Bachelor's Degree,7708
Transportation,Senior,High School,4541
Logistics,Senior,Master's Degree,6719
Forestry,Senior,Master's Degree,7457
Engineering,Mid,Master's Degree,6490
Agriculture,Senior,High School,3454
Fishing,Senior,Associate Degree,4693
Construction,Entry,High School,4251
Education,Entry,Associate Degree,5420
Transportation,Mid,High School,4682
Technology,Entry,Bachelor's Degree,6660
Transportation,Mid,High School,4074
Retail,Entry,Bachelor's Degree,7785
Technology,Mid,PhD,11666
Finance,Mid,Bachelor's Degree,5677
Energy,Entry,Bachelor's Degree,6633
Forestry,Senior,Associate Degree,5402
Agriculture,Entry,Bachelor's Degree,6450
Education,Mid,Associate Degree,4436
Engineering,Mid,Master's Degree,7346
Retail,Entry,Associate Degree,4002
Government,Mid,Master's Degree,9050
Legal,Mid,Bachelor's Degree,5826
Mining,Mid,High School,3472
Manufacturing,Senior,High School,3868
Construction,Mid,Master's Degree,6782
Logistics,Senior,Bachelor's Degree,7063
Logistics,Entry,High School,3237
Mining,Entry,Master's Degree,7915
Healthcare,Entry,Bachelor's Degree,6965
Finance,Senior,Bachelor's Degree,7187
Finance,Mid,Associate Degree,4138
Forestry,Entry,Master's Degree,8541
Construction,Mid,High School,4204
Real Estate,Mid,Associate Degree,5110
Healthcare,Mid,Associate Degree,5179
Manufacturing,Entry,Associate Degree,5338
Energy,Mid,Bachelor's Degree,6617
Manufacturing,Entry,Master's Degree,7425
Mining,Mid,Bachelor's Degree,7577
Finance,Entry,Associate Degree,5084
Mining,Mid,Bachelor's Degree,6301
Healthcare,Mid,Master's Degree,8435
Technology,Senior,Associate Degree,4751
Transportation,Entry,High School,3619
Mining,Mid,Bachelor's Degree,5522
Logistics,Entry,High School,3910
Retail,Mid,Bachelor's Degree,6555
Manufacturing,Mid,Bachelor's Degree,5604
Technology,Senior,Master's Degree,8150
Mining,Mid,Associate Degree,4245
Transportation,Mid,Bachelor's Degree,5632
Education,Entry,Associate Degree,4034
Retail,Mid,Associate Degree,3990
Education,Entry,Master's Degree,7715
Finance,Mid,Master's Degree,7838
Government,Entry,Bachelor's Degree,6994
Transportation,Mid,Bachelor's Degree,6365
Retail,Entry,Master's Degree,6854
Healthcare,Senior,Associate Degree,4669
Forestry,Mid,PhD,10623
Government,Entry,Associate Degree,5469
Logistics,Mid,Bachelor's Degree,6393
Media,Senior,Master's Degree,6718
Defense,Mid,High School,4374
Transportation,Entry,Bachelor's Degree,7644
Finance,Entry,Bachelor's Degree,5807
Transportation,Entry,Bachelor's Degree,6395
Real Estate,Entry,Associate Degree,4943
Construction,Senior,Bachelor's Degree,7950
Government,Mid,Master's Degree,7010
Media,Entry,Associate Degree,5506
Real Estate,Mid,Bachelor's Degree,5678
Energy,Mid,High School,3614
Transportation,Entry,Bachelor's Degree,7036
Government,Entry,High School,4573
Forestry,Mid,Master's Degree,9254
Defense,Senior,Bachelor's Degree,5742
Energy,Entry,Associate Degree,5302
Media,Entry,High School,4702
Finance,Entry,Associate Degree,3998
Education,Entry,Bachelor's Degree,6961
Technology,Senior,Associate Degree,4728
Legal,Mid,PhD,10764
Agriculture,Mid,Associate Degree,5205
Finance,Entry,High School,3595
Government,Entry,High School,3762
Healthcare,Mid,High School,3281
Fishing,Entry,Associate Degree,4730
Government,Entry,Bachelor's Degree,7190
Technology,Mid,Bachelor's Degree,7029
Retail,Senior,High School,4741
Construction,Mid,PhD,9423
Fishing,Senior,Bachelor's Degree,5878
Manufacturing,Mid,Associate Degree,5577
Government,Entry,Bachelor's Degree,6436
Logistics,Entry,Bachelor's Degree,5638
Fishing,Entry,Master's Degree,6578
Legal,Mid,Associate Degree,5013
Logistics,Senior,Bachelor's Degree,6275
Mining,Mid,Master's Degree,8928
Real Estate,Entry,Bachelor's Degree,5659
Mining,Entry,High School,3890
Manufacturing,Entry,Associate Degree,4080
Engineering,Senior,Bachelor's Degree,5470
Legal,Entry,High School,3643
Logistics,Mid,High School,4386
Energy,Senior,Associate Degree,4954
Healthcare,Mid,Associate Degree,4807
Agriculture,Entry,Master's Degree,9513
Agriculture,Senior,Master's Degree,7175
Transportation,Mid,Associate Degree,4047
Energy,Entry,Associate Degree,3826
Forestry,Entry,Associate Degree,4764
Defense,Entry,Associate Degree,5394
Legal,Mid,High School,4638
Legal,Entry,Master's Degree,8896
Energy,Mid,High School,3665
Fishing,Senior,Associate Degree,4362
Real Estate,Mid,Associate Degree,5515
Fishing,Mid,Master's Degree,9225
Technology,Mid,PhD,11726
Government,Mid,High School,4110
Fishing,Mid,Associate Degree,4211
Finance,Mid,Bachelor's Degree,6330
Real Estate,Senior,Master's Degree,9544
Healthcare,Mid,Associate Degree,4029
Construction,Mid,High School,3457
Government,Entry,Associate Degree,4488
Engineering,Entry,Bachelor's Degree,5595
Retail,Senior,Bachelor's Degree,7105
Defense,Entry,Bachelor's Degree,5481
Energy,Senior,Bachelor's Degree,7528
Finance,Entry,High School,3907
Mining,Senior,High School,4215
Technology,Entry,Master's Degree,7180
Defense,Mid,Master's Degree,7929
Education,Mid,Master's Degree,8071
Forestry,Mid,Associate Degree,4069
Logistics,Senior,Bachelor's Degree,6278
Transportation,Entry,Master's Degree,8914
Legal,Senior,Bachelor's Degree,7404
Legal,Mid,Bachelor's Degree,6356
Construction,Entry,Associate Degree,5345
Fishing,Entry,High School,3611
Fishing,Entry,Bachelor's Degree,6131
Defense,Entry,Associate Degree,5209
Legal,Mid,Associate Degree,5341
Defense,Entry,Bachelor's Degree,7827
Construction,Mid,Master's Degree,6695
Legal,Senior,Associate Degree,5202
Construction,Entry,High School,3580
Education,Mid,Bachelor's Degree,5638
Technology,Mid,High School,3766
Fishing,Entry,Master's Degree,8012
Government,Mid,Associate Degree,4220
Agriculture,Mid,Associate Degree,3947
Media,Senior,Master's Degree,6678
Finance,Mid,Master's Degree,8959
Mining,Entry,Master's Degree,8707
Government,Senior,Master's Degree,6882
Finance,Entry,High School,3482
Manufacturing,Entry,High School,3318
Legal,Entry,Master's Degree,8880
Logistics,Mid,Master's Degree,8833
Government,Mid,Bachelor's Degree,7560
Defense,Senior,Bachelor's Degree,6462
Government,Mid,Bachelor's Degree,7236
Fishing,Mid,Associate Degree,4892
Construction,Mid,Bachelor's Degree,6153
Logistics,Entry,Associate Degree,4693
Legal,Entry,Master's Degree,7971
Manufacturing,Senior,Associate Degree,3944
Government,Entry,Master's Degree,6430
Construction,Entry,Bachelor's Degree,6389
Mining,Mid,High School,3731
Defense,Entry,High School,3459
Retail,Mid,High School,3238
Fishing,Entry,Bachelor's Degree,5531
Education,Mid,Associate Degree,4401
Transportation,Entry,Bachelor's Degree,6565
Manufacturing,Senior,Master's Degree,7299
Media,Entry,Associate Degree,5035
Engineering,Entry,Master's Degree,7374
Real Estate,Entry,Master's Degree,6393
Media,Senior,Associate Degree,4370
Retail,Mid,Associate Degree,5290
Defense,Senior,High School,4783
Government,Mid,Associate Degree,4210
Manufacturing,Mid,High School,4526
Media,Mid,High School,4686
Healthcare,Entry,Associate Degree,3905
Technology,Senior,Master's Degree,7663
Logistics,Mid,Master's Degree,8475
Government,Mid,Associate Degree,5525
Government,Entry,High School,3402
Retail,Entry,PhD,9044
Manufacturing,Mid,Bachelor's Degree,7693
Fishing,Entry,Bachelor's Degree,5852
Legal,Entry,Master's Degree,8380
Retail,Mid,PhD,10238
Real Estate,Senior,Master's Degree,9229
Construction,Mid,Associate Degree,4445
Government,Mid,Associate Degree,5180
Retail,Entry,Master's Degree,6519
Education,Entry,High School,4512
Government,Entry,Associate Degree,5377
Logistics,Mid,Associate Degree,5673
Forestry,Senior,Master's Degree,9439
Retail,Entry,Master's Degree,7580
Defense,Senior,Master's Degree,6636
Fishing,Senior,Associate Degree,4008
Forestry,Senior,Bachelor's Degree,5714
Agriculture,Entry,Associate Degree,5452
Transportation,Entry,PhD,10124
Manufacturing,Mid,Associate Degree,4730
Government,Senior,Master's Degree,9014
Government,Mid,High School,4578
Government,Senior,Master's Degree,8824
Forestry,Entry,Associate Degree,4720
Legal,Mid,Master's Degree,9362
Engineering,Mid,Bachelor's Degree,7535
Government,Mid,High School,4531
Mining,Entry,High School,4020
Engineering,Mid,Associate Degree,4701
Retail,Mid,Master's Degree,8299
Government,Entry,High School,4315
Legal,Entry,Master's Degree,9344
Defense,Senior,Associate Degree,5183
Fishing,Mid,High School,3298
Media,Entry,Master's Degree,6982
Government,Entry,Master's Degree,8782
Retail,Senior,Associate Degree,5610
Healthcare,Mid,Bachelor's Degree,5640
Education,Entry,High School,3379
Real Estate,Entry,Bachelor's Degree,6381
Retail,Entry,Master's Degree,7205
Manufacturing,Entry,High School,3914
Education,Mid,Associate Degree,4308
Manufacturing,Mid,Associate Degree,5690
Finance,Mid,Bachelor's Degree,7403
Healthcare,Mid,Master's Degree,8795
Technology,Mid,Associate Degree,4099
Manufacturing,Entry,Bachelor's Degree,7683
Defense,Entry,Bachelor's Degree,6401
Fishing,Entry,Bachelor's Degree,6557
Manufacturing,Entry,High School,4799
Forestry,Mid,Master's Degree,6783
Construction,Mid,Associate Degree,4647
Transportation,Entry,Bachelor's Degree,7771
Defense,Mid,Bachelor's Degree,7633
Logistics,Mid,High School,4240
Transportation,Entry,Associate Degree,4241
Manufacturing,Senior,Associate Degree,3963
Defense,Entry,Master's Degree,7920
Retail,Mid,Associate Degree,4365
Finance,Mid,High School,3448
Mining,Senior,Bachelor's Degree,7932
Healthcare,Entry,Bachelor's Degree,7859
Defense,Mid,High School,3266
Construction,Mid,Bachelor's Degree,7356
Manufacturing,Mid,Bachelor's Degree,5972
Fishing,Entry,Associate Degree,4436
Education,Senior,High School,3498
Legal,Entry,Master's Degree,9099
Engineering,Mid,Master's Degree,8712
Mining,Mid,Bachelor's Degree,7188
Finance,Mid,PhD,8082
Agriculture,Mid,High School,4765
Finance,Mid,Master's Degree,9261
Media,Entry,Master's Degree,6582
Energy,Entry,Associate Degree,4506
Engineering,Mid,Master's Degree,9008
Finance,Mid,Master's Degree,6898
Manufacturing,Entry,Bachelor's Degree,5884
Education,Senior,High School,3853
Energy,Mid,High School,4162
Real Estate,Entry,Associate Degree,5329
Manufacturing,Entry,High School,4165
Forestry,Entry,Bachelor's Degree,7664
Defense,Mid,Master's Degree,7981
Engineering,Mid,High School,3375
Real Estate,Mid,High School,4534
Transportation,Entry,High School,3951
Forestry,Mid,Bachelor's Degree,7636
Construction,Mid,Master's Degree,7596
Healthcare,Entry,Master's Degree,8912
Retail,Entry,Associate Degree,5094
Logistics,Mid,High School,3233
Healthcare,Mid,Master's Degree,8747
Finance,Entry,Associate Degree,4388
Education,Entry,Associate Degree,3821
Defense,Entry,Master's Degree,8793
Healthcare,Entry,Bachelor's Degree,7789
Construction,Entry,Associate Degree,5019
Energy,Senior,High School,4745
Healthcare,Entry,Bachelor's Degree,7678
Technology,Mid,Associate Degree,5560
Transportation,Mid,High School,3844
Energy,Mid,Bachelor's Degree,6174
Government,Entry,Bachelor's Degree,7888
Retail,Entry,Master's Degree,9445
Forestry,Mid,Bachelor's Degree,7837
Retail,Entry,Associate Degree,4316
Fishing,Entry,Master's Degree,8614
Defense,Senior,Bachelor's Degree,5961
Mining,Mid,Master's Degree,6669
Retail,Entry,Bachelor's Degree,7419
Mining,Entry,Bachelor's Degree,5936
Government,Entry,Bachelor's Degree,6006
Media,Mid,Associate Degree,5713
Agriculture,Mid,Bachelor's Degree,6733
Energy,Mid,Associate Degree,3882
Logistics,Mid,Master's Degree,8771
Fishing,Entry,PhD,8867
Media,Senior,Master's Degree,7193
Legal,Mid,Master's Degree,6679
Manufacturing,Entry,Master's Degree,6688
Logistics,Mid,Bachelor's Degree,6928
Manufacturing,Entry,Bachelor's Degree,6470
Technology,Entry,Master's Degree,7281
Government,Senior,Associate Degree,5562
Engineering,Mid,Associate Degree,5613
Mining,Mid,Bachelor's Degree,7097
Technology,Entry,High School,3817
Logistics,Mid,Master's Degree,7405
Legal,Mid,Bachelor's Degree,5943
Legal,Entry,Bachelor's Degree,7161
Logistics,Entry,Master's Degree,9028
Mining,Mid,High School,3905
Government,Entry,Master's Degree,9404
Defense,Mid,Associate Degree,4291
Media,Entry,High School,4623
Forestry,Entry,Master's Degree,7115
Energy,Mid,Bachelor's Degree,5455
Manufacturing,Mid,Associate Degree,4819
Forestry,Entry,Bachelor's Degree,6886
Defense,Entry,Bachelor's Degree,7815
Forestry,Entry,Associate Degree,5474
Energy,Mid,High School,4327
Forestry,Entry,Master's Degree,7570
Real Estate,Entry,High School,4564
Engineering,Senior,High School,3614
Mining,Mid,Associate Degree,4910
Healthcare,Mid,Associate Degree,5042
Legal,Mid,Bachelor's Degree,6751
Forestry,Mid,Bachelor's Degree,7592
Forestry,Mid,Master's Degree,7886
Technology,Entry,High School,4808
Forestry,Mid,High School,3369
Technology,Mid,Bachelor's Degree,6366
Media,Entry,High School,3354
Manufacturing,Entry,Master's Degree,6562
Government,Mid,High School,4469
Mining,Senior,Associate Degree,4678
Finance,Senior,Master's Degree,6764
Education,Mid,Bachelor's Degree,7040
Technology,Mid,Associate Degree,4098
Technology,Senior,Bachelor's Degree,6016
Technology,Entry,Bachelor's Degree,6784
Education,Entry,High School,3861
Healthcare,Entry,Bachelor's Degree,7370
Agriculture,Entry,Master's Degree,7518
Agriculture,Mid,Bachelor's Degree,6790
Real Estate,Entry,Associate Degree,5287
Finance,Entry,Bachelor's Degree,5712
Government,Mid,Bachelor's Degree,5863
Retail,Mid,Bachelor's Degree,6222
Finance,Entry,Bachelor's Degree,7643
Technology,Entry,Master's Degree,7898
Forestry,Senior,Associate Degree,3943
Logistics,Mid,Bachelor's Degree,5886
Real Estate,Entry,Associate Degree,5171
Finance,Senior,Associate Degree,4472
Agriculture,Entry,Associate Degree,4039
Energy,Entry,Bachelor's Degree,6548
Logistics,Mid,Associate Degree,4462
Agriculture,Mid,Associate Degree,4289
Energy,Mid,High School,3384
Fishing,Entry,Master's Degree,9559
Construction,Senior,Associate Degree,4208
Manufacturing,Mid,Master's Degree,6602
Agriculture,Entry,High School,4143
Agriculture,Mid,Associate Degree,4206
Legal,Senior,Master's Degree,8904
Transportation,Mid,High School,3445
Media,Entry,PhD,8336
Retail,Entry,Master's Degree,6917
Retail,Mid,Associate Degree,4545
Forestry,Mid,Bachelor's Degree,6893
Transportation,Entry,Associate Degree,5506
Technology,Mid,Associate Degree,5345
Engineering,Entry,Bachelor's Degree,6751
Fishing,Mid,Master's Degree,7159
Finance,Entry,High School,3477
Fishing,Senior,Associate Degree,5266
Mining,Mid,Bachelor's Degree,7250
Media,Mid,High School,3639
Retail,Senior,PhD,11091
Retail,Entry,Bachelor's Degree,7854
Fishing,Senior,High School,3699
Agriculture,Mid,High School,3388
Engineering,Entry,Associate Degree,3933
Mining,Senior,High School,4140
Legal,Entry,Bachelor's Degree,7252
Manufacturing,Entry,Master's Degree,8860
Defense,Mid,Associate Degree,4871
Legal,Mid,High School,3401
Government,Entry,Bachelor's Degree,7832
Transportation,Entry,PhD,9588
Real Estate,Senior,Associate Degree,3848
Fishing,Senior,Master's Degree,6892
Energy,Senior,Associate Degree,4657
Retail,Entry,Master's Degree,7619
Transportation,Entry,Bachelor's Degree,7615
Logistics,Entry,Associate Degree,5312
Retail,Entry,High School,3349
Construction,Mid,Bachelor's Degree,6894
Healthcare,Mid,High School,4388
Engineering,Senior,Bachelor's Degree,5587
Retail,Mid,Bachelor's Degree,6027
Logistics,Senior,Bachelor's Degree,6553
Real Estate,Senior,Bachelor's Degree,7783
Construction,Entry,Bachelor's Degree,6454
Manufacturing,Mid,Master's Degree,7801
Legal,Entry,Associate Degree,4749
Agriculture,Mid,High School,3305
Manufacturing,Senior,Master's Degree,9470
Healthcare,Entry,High School,4554
Construction,Entry,High School,4577
Government,Entry,High School,3558
Real Estate,Entry,High School,4096
Engineering,Entry,Bachelor's Degree,6907
Construction,Senior,Bachelor's Degree,6076
Finance,Mid,Associate Degree,4999
Transportation,Entry,Associate Degree,4960
Government,Entry,Bachelor's Degree,6792
Legal,Entry,Associate Degree,5560
Mining,Entry,Master's Degree,8132
Real Estate,Senior,Master's Degree,7975
Mining,Mid,Master's Degree,8319
Fishing,Entry,High School,4530
Fishing,Mid,Bachelor's Degree,6890
Technology,Entry,Bachelor's Degree,6787
Real Estate,Entry,Bachelor's Degree,7678
Logistics,Entry,Master's Degree,9044
Media,Mid,Bachelor's Degree,7695
Fishing,Entry,Master's Degree,6405
Logistics,Entry,High School,3820
Mining,Mid,Bachelor's Degree,5559
Government,Entry,Associate Degree,4627
Manufacturing,Entry,Bachelor's Degree,7845
Transportation,Mid,Associate Degree,4854
Logistics,Entry,Bachelor's Degree,6908
Manufacturing,Entry,High School,4304
Engineering,Mid,High School,4658
Education,Entry,Master's Degree,8826
Retail,Mid,Master's Degree,7646
Technology,Entry,Master's Degree,6870
Manufacturing,Mid,Bachelor's Degree,6741
Real Estate,Entry,High School,4561
Defense,Mid,Bachelor's Degree,7823
Engineering,Entry,High School,4410
Energy,Senior,Associate Degree,5601
Manufacturing,Mid,Master's Degree,7175
Manufacturing,Mid,Associate Degree,5250
Retail,Entry,Bachelor's Degree,7758
Finance,Entry,Master's Degree,7139
Mining,Entry,Associate Degree,4412
Fishing,Senior,Bachelor's Degree,6239
Engineering,Senior,High School,4753
Real Estate,Mid,Associate Degree,4678
Retail,Senior,Master's Degree,8622
Energy,Mid,Associate Degree,5114
Media,Entry,Bachelor's Degree,6748
Mining,Mid,Associate Degree,5354
Logistics,Mid,Associate Degree,5324
Manufacturing,Mid,Bachelor's Degree,5981
Transportation,Mid,Master's Degree,7068
Defense,Mid,Bachelor's Degree,6062
Healthcare,Entry,Bachelor's Degree,7879
Forestry,Entry,Master's Degree,8236
Agriculture,Entry,Associate Degree,4061
Agriculture,Entry,Associate Degree,5305
Agriculture,Senior,Master's Degree,9242
Transportation,Entry,High School,3560
Engineering,Senior,Bachelor's Degree,7075
Fishing,Mid,High School,3284
Manufacturing,Entry,Bachelor's Degree,5953
Logistics,Entry,Master's Degree,6458
Finance,Senior,High School,3551
Engineering,Mid,High School,4278
Engineering,Entry,Master's Degree,9099
Media,Mid,Associate Degree,3947
Retail,Mid,Master's Degree,7253
Legal,Senior,Bachelor's Degree,6709
Fishing,Entry,Master's Degree,8944
Legal,Mid,High School,3604
Government,Entry,High School,3794
Finance,Mid,Master's Degree,8088
Forestry,Entry,Master's Degree,9274
Logistics,Entry,Master's Degree,9409
Agriculture,Mid,Bachelor's Degree,7632
Healthcare,Mid,Bachelor's Degree,5399
Agriculture,Mid,Master's Degree,8691
Healthcare,Mid,Bachelor's Degree,7048
Education,Senior,Master's Degree,7013
Mining,Mid,Master's Degree,8625
Legal,Senior,Bachelor's Degree,5513
Government,Entry,Master's Degree,9116
Healthcare,Mid,Bachelor's Degree,7116
Logistics,Mid,Bachelor's Degree,6395
Healthcare,Entry,Master's Degree,9193
Mining,Mid,PhD,9797
Manufacturing,Entry,High School,4157
Manufacturing,Mid,High School,3990
Retail,Mid,Associate Degree,4633
Fishing,Entry,Bachelor's Degree,5786
Retail,Entry,Master's Degree,8404
Healthcare,Entry,Associate Degree,5345
Finance,Entry,Associate Degree,3905
Manufacturing,Senior,Master's Degree,7791
Construction,Entry,High School,3799
Logistics,Entry,Associate Degree,5685
Engineering,Senior,Master's Degree,9342
Mining,Mid,High School,3428
Engineering,Entry,Associate Degree,5459
Manufacturing,Entry,High School,4363
Construction,Senior,Bachelor's Degree,5531
Media,Mid,Bachelor's Degree,5888
Media,Senior,Master's Degree,7965
Technology,Mid,Master's Degree,6927
Defense,Mid,Master's Degree,8080
Agriculture,Entry,Bachelor's Degree,7350
Media,Mid,Bachelor's Degree,6260
Fishing,Senior,High School,4333
Healthcare,Entry,Master's Degree,7844
Technology,Mid,High School,3925
Agriculture,Mid,Bachelor's Degree,6094
Retail,Senior,High School,4677
Finance,Mid,Bachelor's Degree,7283
Retail,Mid,Master's Degree,8764
Technology,Senior,Master's Degree,6383
Finance,Entry,Associate Degree,4074
Media,Entry,Master's Degree,8744
Retail,Entry,Bachelor's Degree,6524
Media,Mid,Bachelor's Degree,7069
Healthcare,Senior,Bachelor's Degree,6774
Education,Entry,Bachelor's Degree,6681
Legal,Senior,Bachelor's Degree,6238
Education,Entry,Associate Degree,4246
Real Estate,Entry,Bachelor's Degree,6770
Transportation,Mid,High School,3707
Mining,Mid,Bachelor's Degree,6675
Logistics,Entry,Master's Degree,6612
Defense,Entry,High School,3255
Forestry,Mid,Associate Degree,3857
Retail,Mid,Master's Degree,9240
Defense,Mid,Bachelor's Degree,6782
Engineering,Entry,Associate Degree,4302
Defense,Senior,Bachelor's Degree,6994
Transportation,Entry,Bachelor's Degree,5858
Engineering,Entry,Master's Degree,8223
Healthcare,Senior,High School,3636
Transportation,Mid,Master's Degree,8427
Logistics,Entry,Master's Degree,9154
Defense,Entry,Associate Degree,4466
Mining,Entry,Bachelor's Degree,6475
Forestry,Senior,Associate Degree,4762
Education,Senior,High School,4373
Manufacturing,Entry,High School,4131
Fishing,Entry,Bachelor's Degree,5864
Real Estate,Mid,Bachelor's Degree,5981
Logistics,Senior,High School,4498
Defense,Senior,Bachelor's Degree,6971
Energy,Mid,Associate Degree,4357
Education,Mid,Bachelor's Degree,5900
Agriculture,Mid,Associate Degree,5138
Education,Mid,Bachelor's Degree,5709
Agriculture,Mid,Bachelor's Degree,6637
Legal,Mid,High School,4262
Construction,Entry,High School,4121
Manufacturing,Mid,Bachelor's Degree,6894
Engineering,Senior,PhD,8846
Finance,Mid,Associate Degree,4053
Forestry,Entry,Bachelor's Degree,7954
Retail,Senior,Associate Degree,3810
Real Estate,Mid,Bachelor's Degree,5921
Healthcare,Senior,High School,4624
Education,Entry,Associate Degree,4054
Energy,Entry,Bachelor's Degree,6907
Logistics,Mid,Master's Degree,8541
Logistics,Senior,Master's Degree,6514
Legal,Entry,Master's Degree,8121
Agriculture,Senior,Master's Degree,7700
Agriculture,Mid,Associate Degree,5378
Transportation,Entry,Bachelor's Degree,7800
Retail,Mid,Associate Degree,4054
Technology,Senior,Associate Degree,5277
Defense,Mid,Associate Degree,5481
Logistics,Senior,Bachelor's Degree,6675
Technology,Entry,Bachelor's Degree,6839
Real Estate,Entry,Bachelor's Degree,5861
Legal,Entry,High School,4371
Forestry,Senior,Bachelor's Degree,6070
Energy,Senior,Bachelor's Degree,7409
Engineering,Mid,High School,3945
Finance,Senior,Associate Degree,3950
Forestry,Senior,Master's Degree,9088
Media,Senior,Master's Degree,7660
Technology,Entry,Bachelor's Degree,7562
Transportation,Mid,Bachelor's Degree,5431
Logistics,Entry,PhD,11417
Real Estate,Mid,Bachelor's Degree,7628
Media,Senior,Master's Degree,7271
Agriculture,Entry,Master's Degree,7488
Mining,Mid,Associate Degree,5014
Logistics,Entry,Master's Degree,7405
Construction,Senior,Bachelor's Degree,7237
Mining,Entry,Associate Degree,5275
Construction,Senior,High School,4652
Healthcare,Mid,Bachelor's Degree,5956
Agriculture,Entry,High School,3490
Media,Senior,High School,3308
Defense,Entry,Master's Degree,8758
Construction,Senior,Associate Degree,4125
Real Estate,Entry,Associate Degree,5188
Defense,Entry,Bachelor's Degree,5471
Government,Entry,Master's Degree,8347
Retail,Mid,Master's Degree,9016
Defense,Mid,Master's Degree,8319
Legal,Entry,Bachelor's Degree,7867
Government,Entry,Bachelor's Degree,6310
Finance,Mid,Bachelor's Degree,6184
Agriculture,Mid,Master's Degree,6705
Technology,Entry,Associate Degree,4138
Mining,Mid,Bachelor's Degree,6567
Forestry,Entry,Associate Degree,4945
Government,Entry,High School,3555
Fishing,Mid,Bachelor's Degree,7223
Energy,Senior,PhD,11170
Transportation,Entry,Bachelor's Degree,6693
Engineering,Mid,High School,3632
Government,Mid,Bachelor's Degree,5584
Education,Mid,High School,4781
Agriculture,Entry,Associate Degree,5584
Education,Mid,High School,4826
Education,Mid,Bachelor's Degree,6880
Defense,Entry,High School,3808
Energy,Entry,Bachelor's Degree,7471
Retail,Senior,Bachelor's Degree,6551
Forestry,Entry,High School,3369
Legal,Senior,Associate Degree,3839
Finance,Entry,Bachelor's Degree,6329
Media,Mid,Bachelor's Degree,6266
Healthcare,Mid,Associate Degree,4451
Manufacturing,Mid,Associate Degree,5705
Fishing,Mid,High School,3477
Media,Senior,Master's Degree,9094
Education,Mid,Bachelor's Degree,6357
Legal,Senior,Associate Degree,5549
Energy,Entry,Associate Degree,4647
Defense,Entry,Associate Degree,3820
Real Estate,Mid,Associate Degree,4231
Finance,Mid,Bachelor's Degree,7856
Legal,Entry,High School,3285
Engineering,Mid,Associate Degree,4812
Transportation,Entry,High School,4035
Fishing,Mid,PhD,8175
Technology,Mid,High School,3919
Government,Senior,Associate Degree,5580
Healthcare,Entry,Bachelor's Degree,6627
Education,Entry,High School,4547
Defense,Senior,Associate Degree,3936
Transportation,Mid,High School,4674
Energy,Mid,Associate Degree,3841
Media,Mid,Bachelor's Degree,6476
Agriculture,Entry,High School,4011
Transportation,Mid,Associate Degree,5508
Logistics,Entry,Bachelor's Degree,5823
Forestry,Entry,Associate Degree,4566
Government,Entry,High School,3444
Mining,Mid,Master's Degree,9029
Construction,Entry,Master's Degree,9398
Legal,Entry,Bachelor's Degree,7167
Media,Entry,Bachelor's Degree,6788
Manufacturing,Mid,Master's Degree,7371
Forestry,Senior,High School,4238
Finance,Senior,Bachelor's Degree,6108
Transportation,Entry,Associate Degree,4830
Finance,Mid,Associate Degree,3944
Forestry,Mid,Bachelor's Degree,6429
Transportation,Senior,Associate Degree,5315
Real Estate,Mid,Bachelor's Degree,5382
Legal,Mid,Bachelor's Degree,5859
Mining,Mid,Associate Degree,5595
Healthcare,Entry,High School,4549
Forestry,Entry,Master's Degree,9152
Retail,Mid,Bachelor's Degree,5429
Manufacturing,Senior,Bachelor's Degree,5646
Technology,Senior,Associate Degree,4780
Transportation,Senior,Master's Degree,7117
Logistics,Entry,Master's Degree,9463
Construction,Mid,Associate Degree,5308
Education,Entry,PhD,11226
Retail,Entry,Associate Degree,5283
Forestry,Entry,Associate Degree,5714
Retail,Entry,Associate Degree,5664
Technology,Senior,Master's Degree,8575
Legal,Entry,Associate Degree,4425
Agriculture,Entry,Master's Degree,8948
Government,Entry,High School,4333
Retail,Senior,High School,4141
Agriculture,Mid,Associate Degree,4527
Construction,Senior,Associate Degree,5471
Engineering,Entry,Associate Degree,4791
Finance,Entry,Bachelor's Degree,6001
Legal,Senior,Bachelor's Degree,6187
Education,Entry,Bachelor's Degree,5364
Defense,Mid,Master's Degree,6553
Healthcare,Entry,High School,4521
Legal,Mid,Associate Degree,5467
Logistics,Mid,Associate Degree,4242
Transportation,Entry,Bachelor's Degree,6886
Construction,Senior,Bachelor's Degree,7620
Energy,Senior,High School,3838
Energy,Mid,Associate Degree,5280
Technology,Mid,PhD,11303
Agriculture,Senior,Bachelor's Degree,6150
Healthcare,Mid,Master's Degree,6555
Forestry,Mid,Master's Degree,7071
Engineering,Senior,Master's Degree,6737
Government,Entry,PhD,10018
Logistics,Mid,High School,4772
Healthcare,Mid,High School,3732
Mining,Mid,Master's Degree,6982
Fishing,Mid,Master's Degree,7549
Government,Senior,Master's Degree,6427
Government,Entry,Bachelor's Degree,5401
Finance,Entry,Associate Degree,4376
Media,Mid,High School,4026
Fishing,Senior,Associate Degree,5470
Manufacturing,Entry,High School,4660
Fishing,Entry,Bachelor's Degree,5820
Logistics,Mid,Associate Degree,4308
Technology,Senior,High School,4188
Retail,Mid,Associate Degree,5710
Logistics,Mid,Associate Degree,5020
Transportation,Entry,Bachelor's Degree,6484
Construction,Entry,High School,4270
Technology,Senior,High School,4709
Defense,Mid,High School,4115
Manufacturing,Entry,Bachelor's Degree,7067
Finance,Mid,Associate Degree,5513
Legal,Senior,Bachelor's Degree,7754
Manufacturing,Mid,Bachelor's Degree,6488
Logistics,Mid,Master's Degree,7589
Retail,Senior,Associate Degree,4920
Mining,Senior,High School,3665
Government,Senior,Bachelor's Degree,7287
Forestry,Mid,Master's Degree,6647
Manufacturing,Entry,Associate Degree,4825
Agriculture,Mid,Bachelor's Degree,7351
Logistics,Entry,Bachelor's Degree,6799
Media,Entry,Bachelor's Degree,6075
Retail,Senior,Bachelor's Degree,6547
Transportation,Mid,Bachelor's Degree,6539
Retail,Entry,Bachelor's Degree,5735
Logistics,Entry,Master's Degree,7358
Agriculture,Entry,Bachelor's Degree,6179
Forestry,Mid,High School,3430
Government,Mid,Associate Degree,5350
Construction,Mid,Associate Degree,5185
Education,Entry,Bachelor's Degree,5866
Logistics,Mid,Associate Degree,3831
Technology,Mid,Master's Degree,6380
Logistics,Mid,Master's Degree,7198
Logistics,Mid,Master's Degree,8046
Fishing,Senior,Master's Degree,8372
Technology,Entry,Master's Degree,7342
Government,Entry,Bachelor's Degree,7162
Technology,Senior,Master's Degree,7766
Construction,Entry,Associate Degree,5229
Fishing,Entry,Bachelor's Degree,6699
Real Estate,Entry,Bachelor's Degree,7993
Energy,Senior,Associate Degree,5462
Construction,Entry,PhD,10098
Mining,Entry,High School,3973
Technology,Mid,Bachelor's Degree,7074
Construction,Mid,High School,3307
Finance,Senior,Master's Degree,8573
Media,Entry,High School,4499
Mining,Entry,Bachelor's Degree,7797
Manufacturing,Entry,Master's Degree,8698
Defense,Senior,Associate Degree,5329
Energy,Entry,High School,4209
Energy,Mid,Bachelor's Degree,7593
Energy,Entry,Associate Degree,3850
Government,Entry,High School,3638
Real Estate,Senior,Associate Degree,4036
Manufacturing,Entry,Associate Degree,4244
Defense,Entry,Bachelor's Degree,7234
Retail,Senior,Bachelor's Degree,7134
Media,Entry,Bachelor's Degree,5864
Manufacturing,Mid,High School,3704
Forestry,Entry,Associate Degree,5421
Engineering,Senior,Master's Degree,7500
Fishing,Entry,Master's Degree,8871
Media,Mid,Bachelor's Degree,7297
Construction,Senior,Master's Degree,7339
Retail,Mid,Bachelor's Degree,7200
Legal,Entry,Bachelor's Degree,5582
Mining,Entry,Associate Degree,5535
Legal,Mid,Master's Degree,9281
Legal,Senior,Associate Degree,4441
Agriculture,Mid,PhD,11152
Energy,Senior,Master's Degree,7063
Defense,Entry,High School,4162
Energy,Entry,High School,3678
Transportation,Mid,Associate Degree,5498
Engineering,Senior,Associate Degree,4237
Education,Entry,Master's Degree,8321
Media,Senior,Associate Degree,4913
Real Estate,Mid,Associate Degree,5632
Legal,Entry,High School,4470
Construction,Mid,High School,3379
Forestry,Mid,Master's Degree,7971
Defense,Entry,Bachelor's Degree,7503
Defense,Entry,Bachelor's Degree,6102
Education,Senior,Master's Degree,9237
Media,Senior,Master's Degree,8589
Education,Mid,High School,3240
Logistics,Senior,High School,4522
Energy,Mid,Bachelor's Degree,5492
Manufacturing,Entry,Bachelor's Degree,5735
Construction,Entry,High School,4483
Energy,Entry,Bachelor's Degree,7254
Agriculture,Entry,Bachelor's Degree,7802
Construction,Entry,Bachelor's Degree,7148
Retail,Mid,Associate Degree,5114
Media,Entry,Master's Degree,6630
Education,Mid,Bachelor's Degree,5873
Construction,Mid,Associate Degree,4259
Education,Entry,Associate Degree,4200
Technology,Mid,Bachelor's Degree,7225
Technology,Mid,Bachelor's Degree,7817
Healthcare,Entry,Associate Degree,5091
Government,Mid,Associate Degree,4237
Fishing,Entry,Associate Degree,4301
Technology,Mid,High School,3673
Forestry,Entry,Associate Degree,5110
Healthcare,Entry,Master's Degree,7331
Logistics,Senior,High School,4180
Defense,Senior,Bachelor's Degree,5706
Legal,Entry,High School,4524
Construction,Mid,High School,4265
Fishing,Senior,Bachelor's Degree,5726
Fishing,Senior,Associate Degree,4224
Government,Mid,High School,4325
Government,Senior,PhD,7926
Healthcare,Entry,Master's Degree,8978
Education,Entry,Associate Degree,5444
Mining,Mid,Bachelor's Degree,5921
Transportation,Entry,Master's Degree,7298
Media,Mid,Master's Degree,9333
Manufacturing,Mid,Associate Degree,5471
Agriculture,Entry,Associate Degree,4752
Defense,Mid,Associate Degree,4587
Legal,Mid,High School,4830
Technology,Entry,Master's Degree,9112
Technology,Entry,Master's Degree,6724
Finance,Mid,Bachelor's Degree,6427
Energy,Entry,Bachelor's Degree,5402
Defense,Mid,High School,4326
Agriculture,Mid,Associate Degree,5269
Defense,Mid,Master's Degree,6490
Agriculture,Entry,Associate Degree,5582
Fishing,Senior,High School,4671
Technology,Entry,PhD,9221
Energy,Entry,High School,4741
Government,Mid,Master's Degree,7337
Healthcare,Entry,PhD,10602
Mining,Entry,Bachelor's Degree,7881
Media,Entry,PhD,9970
Finance,Senior,High School,3322
Finance,Mid,High School,3337
Forestry,Mid,Bachelor's Degree,7297
Logistics,Entry,Associate Degree,4055
Media,Mid,Master's Degree,7223
Transportation,Entry,Master's Degree,7038
Legal,Mid,High School,3744
Engineering,Senior,Bachelor's Degree,7488
Healthcare,Senior,Master's Degree,8938
Agriculture,Senior,Bachelor's Degree,6574
Transportation,Mid,Bachelor's Degree,7680
Energy,Mid,Master's Degree,7848
Real Estate,Mid,High School,4399
Healthcare,Entry,Bachelor's Degree,6794
Mining,Mid,Bachelor's Degree,5688
Forestry,Entry,Bachelor's Degree,7888
Logistics,Entry,Bachelor's Degree,6388
Education,Entry,Master's Degree,8282
Manufacturing,Entry,Master's Degree,6553
Defense,Mid,Bachelor's Degree,6515
Logistics,Mid,Associate Degree,3908
Mining,Senior,Bachelor's Degree,7026
Finance,Mid,Bachelor's Degree,7391
Healthcare,Mid,Master's Degree,6627
Finance,Mid,Associate Degree,5660
Mining,Senior,Master's Degree,6733
Healthcare,Mid,Associate Degree,3902
Logistics,Mid,Bachelor's Degree,6653
Real Estate,Mid,Bachelor's Degree,6654
Healthcare,Mid,High School,3725
Engineering,Entry,Master's Degree,6974
Education,Mid,Master's Degree,6413
Manufacturing,Entry,Bachelor's Degree,7402
Finance,Entry,Master's Degree,6610
Media,Mid,Bachelor's Degree,7081
Media,Entry,High School,3407
Real Estate,Mid,Bachelor's Degree,6251
Technology,Mid,Master's Degree,8242
Media,Entry,Associate Degree,5319
Retail,Entry,Associate Degree,5710
Government,Entry,Associate Degree,4548
Agriculture,Mid,Associate Degree,4119
Legal,Entry,High School,3632
Media,Entry,Associate Degree,5714
Defense,Senior,Bachelor's Degree,6708
Finance,Mid,Master's Degree,7519
Forestry,Entry,Master's Degree,8924
Manufacturing,Entry,Associate Degree,4437
Real Estate,Senior,Associate Degree,4622
Transportation,Mid,Master's Degree,7482
Media,Mid,Master's Degree,9100
Forestry,Mid,Master's Degree,7303
Agriculture,Entry,Bachelor's Degree,5578
Construction,Mid,Associate Degree,4361
Government,Senior,Associate Degree,4072
Engineering,Entry,Bachelor's Degree,6565
Transportation,Entry,Master's Degree,6861
Logistics,Entry,Associate Degree,4859
Transportation,Entry,Associate Degree,5642
Fishing,Entry,Master's Degree,8920
Healthcare,Mid,Bachelor's Degree,6749
Media,Senior,PhD,10994
Agriculture,Mid,Bachelor's Degree,6799
Agriculture,Entry,PhD,11279
Transportation,Mid,Master's Degree,6511
Mining,Mid,Bachelor's Degree,6278
Agriculture,Mid,High School,3718
Retail,Senior,Bachelor's Degree,7537
Real Estate,Entry,Associate Degree,4861
Media,Mid,Bachelor's Degree,7621
Engineering,Entry,Associate Degree,5424
Agriculture,Senior,Associate Degree,4817
Fishing,Senior,Bachelor's Degree,6143
Technology,Mid,Bachelor's Degree,5643
Technology,Mid,Bachelor's Degree,7691
Engineering,Mid,High School,4469
Energy,Entry,Bachelor's Degree,7578
Healthcare,Entry,Bachelor's Degree,6964
Real Estate,Mid,Associate Degree,4837
Healthcare,Entry,Master's Degree,8842
Construction,Mid,Bachelor's Degree,7470
Manufacturing,Mid,Bachelor's Degree,6656
Forestry,Senior,Bachelor's Degree,7937
Finance,Senior,Bachelor's Degree,7204
Real Estate,Entry,Bachelor's Degree,6321
Defense,Entry,Bachelor's Degree,5477
Energy,Senior,Bachelor's Degree,7558
Forestry,Mid,High School,3744
Finance,Mid,High School,3968
Manufacturing,Mid,Master's Degree,6425
Energy,Entry,Associate Degree,4092
Energy,Mid,PhD,9963
Technology,Mid,Bachelor's Degree,5927
Media,Entry,Master's Degree,8978
Finance,Mid,High School,3349
Fishing,Mid,PhD,8789
Technology,Mid,Bachelor's Degree,6454
Manufacturing,Entry,Master's Degree,7518
Education,Mid,Master's Degree,7916
Legal,Entry,Bachelor's Degree,7650
Energy,Entry,Bachelor's Degree,6175
Fishing,Mid,High School,4441
Transportation,Entry,Master's Degree,8493
Legal,Entry,High School,4173
Healthcare,Entry,Master's Degree,7154
Healthcare,Mid,Master's Degree,6640
Construction,Mid,Master's Degree,9524
Legal,Senior,Bachelor's Degree,7510
Forestry,Mid,High School,4608
Defense,Mid,High School,3273
Construction,Entry,High School,4396
Legal,Mid,Master's Degree,7823
Transportation,Entry,Bachelor's Degree,7171
Education,Entry,Bachelor's Degree,6713
Legal,Entry,High School,3831
Healthcare,Mid,High School,3778
Logistics,Entry,High School,4695
Mining,Senior,Master's Degree,7761
Fishing,Senior,Associate Degree,4824
Government,Senior,Bachelor's Degree,7106
Construction,Entry,Bachelor's Degree,6137
Transportation,Entry,Associate Degree,5123
Fishing,Mid,Master's Degree,8576
Mining,Senior,Master's Degree,9074
Engineering,Senior,Master's Degree,8210
Logistics,Entry,High School,4387
Logistics,Entry,Master's Degree,7596
Engineering,Entry,High School,3245
Agriculture,Entry,PhD,8767
Engineering,Mid,Associate Degree,5166
Forestry,Mid,Associate Degree,4822
Engineering,Entry,Associate Degree,5707
Fishing,Entry,Bachelor's Degree,5685
Energy,Entry,Associate Degree,5323
Legal,Mid,Associate Degree,5642
Transportation,Mid,PhD,9367
Manufacturing,Mid,Associate Degree,5472
Legal,Entry,Bachelor's Degree,6522
Transportation,Entry,Master's Degree,9163
Manufacturing,Entry,Associate Degree,5630
Agriculture,Mid,Bachelor's Degree,7437
Retail,Mid,Associate Degree,5644
Mining,Senior,Bachelor's Degree,7577
Mining,Entry,Associate Degree,4879
Retail,Entry,Bachelor's Degree,6278
Logistics,Entry,Bachelor's Degree,7734
Agriculture,Entry,Associate Degree,4278
Legal,Entry,High School,4346
Energy,Senior,Bachelor's Degree,7386
Engineering,Entry,Bachelor's Degree,6877
Legal,Mid,Master's Degree,8421
Agriculture,Senior,Associate Degree,5541
Legal,Mid,PhD,8056
Defense,Mid,Bachelor's Degree,7196
Defense,Entry,Bachelor's Degree,8004
Fishing,Senior,Bachelor's Degree,7288
Mining,Mid,Associate Degree,4922
Technology,Entry,PhD,8616
Construction,Entry,Bachelor's Degree,7752
Mining,Senior,Bachelor's Degree,7166
Energy,Entry,High School,3760
Technology,Entry,High School,4160
Technology,Mid,Master's Degree,6610
Energy,Mid,High School,3716
Defense,Senior,Bachelor's Degree,7209
Mining,Entry,Master's Degree,9429
Education,Senior,Master's Degree,7857
Energy,Mid,PhD,11822
Retail,Mid,Master's Degree,8163
Manufacturing,Senior,Associate Degree,4628
Legal,Entry,PhD,11381
Education,Entry,High School,3887
Agriculture,Mid,Associate Degree,4001
Engineering,Entry,High School,3603
Real Estate,Entry,High School,3340
Technology,Senior,Associate Degree,3932
Government,Entry,Associate Degree,4888
Transportation,Mid,Master's Degree,8166
Agriculture,Mid,Bachelor's Degree,5610
Legal,Entry,Associate Degree,4373
Media,Mid,Bachelor's Degree,6436
Energy,Senior,Master's Degree,8868
Media,Senior,High School,4540
Logistics,Senior,Bachelor's Degree,7799
Government,Entry,Bachelor's Degree,5705
Construction,Senior,High School,4498
Legal,Entry,Associate Degree,5473
Transportation,Entry,Master's Degree,8918
Engineering,Entry,Bachelor's Degree,6747
Media,Mid,High School,4397
Manufacturing,Mid,Master's Degree,8188
Transportation,Mid,Master's Degree,7201
Legal,Entry,Bachelor's Degree,6686
Finance,Entry,Bachelor's Degree,5511
Defense,Mid,Associate Degree,4028
Media,Mid,High School,3959
Mining,Mid,Master's Degree,8040
Healthcare,Senior,Master's Degree,8137
Finance,Mid,Bachelor's Degree,7590
Healthcare,Mid,Bachelor's Degree,7506
Agriculture,Mid,High School,4376
Technology,Senior,High School,3884
Real Estate,Mid,Bachelor's Degree,7093
Healthcare,Entry,Master's Degree,8553
Transportation,Entry,Associate Degree,4601
Engineering,Entry,Bachelor's Degree,7043
Logistics,Mid,Bachelor's Degree,7017
Government,Mid,Master's Degree,8915
Agriculture,Senior,Associate Degree,4895
Healthcare,Mid,Associate Degree,4729
Education,Entry,Bachelor's Degree,7395
Fishing,Senior,Master's Degree,6598
Construction,Senior,High School,3779
Engineering,Mid,Associate Degree,4283
Education,Mid,High School,4279
Defense,Mid,High School,3589
Fishing,Mid,Master's Degree,6700
Energy,Entry,Master's Degree,9077
Forestry,Entry,Associate Degree,4333
Energy,Mid,High School,3887
Fishing,Entry,Bachelor's Degree,6716
Finance,Senior,Master's Degree,8606
Manufacturing,Senior,High School,4742
Energy,Senior,Master's Degree,6569
Energy,Entry,Associate Degree,4441
Agriculture,Mid,Associate Degree,4104
Education,Senior,Bachelor's Degree,6025
Construction,Mid,High School,4313
Retail,Mid,Bachelor's Degree,5557
Retail,Entry,Master's Degree,6463
Legal,Mid,Associate Degree,4746
Agriculture,Senior,Bachelor's Degree,5581
Energy,Senior,Associate Degree,5358
Engineering,Entry,High School,4339
Agriculture,Mid,Associate Degree,4488
Retail,Mid,Associate Degree,4344
Education,Mid,Bachelor's Degree,6896
Technology,Entry,Associate Degree,5130
Real Estate,Mid,High School,3875
Government,Entry,Bachelor's Degree,7696
Media,Mid,Associate Degree,4580
Defense,Mid,PhD,10724
Fishing,Entry,High School,4505
Finance,Senior,High School,3623
Logistics,Mid,Associate Degree,5612
Construction,Senior,Bachelor's Degree,6025
Agriculture,Senior,Bachelor's Degree,6408
Engineering,Senior,High School,4358
Finance,Senior,Bachelor's Degree,7777
Mining,Mid,Bachelor's Degree,6352
Legal,Mid,Bachelor's Degree,7409
Agriculture,Senior,Associate Degree,5506
Media,Mid,Master's Degree,7395
Real Estate,Mid,Bachelor's Degree,7056
Finance,Mid,Bachelor's Degree,6327
Government,Mid,Associate Degree,4333
Defense,Senior,Associate Degree,5210
Finance,Senior,Bachelor's Degree,7452
Forestry,Mid,Bachelor's Degree,7764
Real Estate,Entry,PhD,9032
Technology,Entry,High School,3425
Defense,Entry,High School,3267
Legal,Entry,Master's Degree,6633
Engineering,Mid,Bachelor's Degree,7427
Education,Senior,Master's Degree,8408
Government,Mid,Master's Degree,7984
Engineering,Entry,Bachelor's Degree,7723
Healthcare,Mid,Bachelor's Degree,6021
Government,Entry,Master's Degree,7966
Government,Entry,Master's Degree,7620
Transportation,Entry,Associate Degree,5584
Fishing,Mid,PhD,9363
Education,Entry,Bachelor's Degree,7698
Logistics,Entry,Bachelor's Degree,6880
Media,Entry,Associate Degree,5198
Transportation,Entry,Associate Degree,5706
Media,Mid,High School,4334
Government,Entry,Master's Degree,7963
Fishing,Mid,Bachelor's Degree,5988
Defense,Mid,Master's Degree,8240
Energy,Senior,Associate Degree,4145
Fishing,Entry,Associate Degree,3915
Education,Entry,Bachelor's Degree,6737
Real Estate,Mid,PhD,11212
Fishing,Senior,Master's Degree,7379
Energy,Entry,Master's Degree,6431
Finance,Entry,Master's Degree,8637
Retail,Entry,High School,3836
Fishing,Mid,Associate Degree,5257
Finance,Mid,High School,3921
Logistics,Mid,Bachelor's Degree,6448
Defense,Mid,Bachelor's Degree,5944
Finance,Mid,Bachelor's Degree,6756
Engineering,Entry,Bachelor's Degree,5797
Technology,Mid,Bachelor's Degree,7447
Finance,Entry,High School,4655
Fishing,Senior,Bachelor's Degree,6684
Engineering,Senior,Associate Degree,5044
Manufacturing,Mid,Master's Degree,7574
Finance,Mid,Master's Degree,7202
Energy,Entry,Master's Degree,7295
Legal,Entry,PhD,10046
Legal,Entry,Associate Degree,3943
Transportation,Entry,Bachelor's Degree,7600
Fishing,Mid,High School,4274
Manufacturing,Mid,Bachelor's Degree,7595
Fishing,Mid,High School,3432
Retail,Entry,High School,4019
Manufacturing,Mid,Associate Degree,4330
Manufacturing,Entry,Master's Degree,9553
Finance,Mid,Master's Degree,7436
Logistics,Mid,High School,3923
Logistics,Mid,Bachelor's Degree,7992
Forestry,Mid,Master's Degree,8042
Engineering,Entry,Associate Degree,4237
Media,Mid,Master's Degree,8561
Legal,Mid,Master's Degree,6768
Defense,Mid,Associate Degree,4257
Forestry,Senior,Master's Degree,8912
Energy,Senior,High School,4551
Media,Mid,Bachelor's Degree,7770
Government,Mid,High School,4073
Mining,Mid,Bachelor's Degree,7944
Media,Senior,High School,3311
Manufacturing,Mid,Master's Degree,8969
Construction,Entry,High School,4425
Legal,Mid,Bachelor's Degree,7620
Retail,Mid,Master's Degree,9487
Technology,Mid,Associate Degree,5267
Agriculture,Mid,Associate Degree,4077
Forestry,Mid,Bachelor's Degree,7516
Defense,Mid,Associate Degree,4523
Healthcare,Senior,Master's Degree,9369
Government,Entry,Associate Degree,5256
Retail,Entry,Associate Degree,3968
Media,Senior,PhD,8871
Agriculture,Mid,High School,3442
Media,Mid,Bachelor's Degree,6758
Construction,Mid,Associate Degree,3905
Media,Entry,Bachelor's Degree,6144
Media,Mid,Bachelor's Degree,6292
Fishing,Senior,High School,3478
Forestry,Entry,Master's Degree,7956
Logistics,Mid,Bachelor's Degree,5896
Fishing,Entry,High School,4833
Legal,Mid,High School,4484
Education,Entry,Associate Degree,5352
Mining,Mid,Associate Degree,4296
Finance,Mid,Master's Degree,7910
Mining,Entry,Master's Degree,9130
Government,Mid,Associate Degree,5657
Transportation,Senior,Bachelor's Degree,7562
Real Estate,Mid,Associate Degree,4009
Media,Entry,High School,3243
Mining,Senior,Bachelor's Degree,6897
Agriculture,Entry,Associate Degree,5683
Forestry,Mid,High School,4265
Retail,Mid,Master's Degree,9021
Mining,Entry,Master's Degree,7871
Defense,Entry,High School,3856
Finance,Entry,Bachelor's Degree,6170
Construction,Mid,High School,4178
Real Estate,Entry,Associate Degree,4103
Forestry,Mid,Associate Degree,3986
Mining,Mid,Associate Degree,5033
Forestry,Entry,Associate Degree,4187
Finance,Mid,High School,3500
Energy,Entry,Bachelor's Degree,5720
Construction,Mid,Master's Degree,8162
Construction,Mid,Master's Degree,6958
Real Estate,Senior,Master's Degree,6976
Agriculture,Entry,High School,3325
Media,Senior,High School,3303
Mining,Entry,Associate Degree,5514
Energy,Entry,PhD,9288
Mining,Mid,Bachelor's Degree,7053
Education,Senior,PhD,9495
Manufacturing,Entry,Master's Degree,7106
Engineering,Entry,Associate Degree,5514
Construction,Entry,Associate Degree,4364
Construction,Mid,Bachelor's Degree,7436
Logistics,Senior,High School,3936
Construction,Mid,Associate Degree,4340
Mining,Senior,Associate Degree,3839
Forestry,Senior,Master's Degree,9337
Defense,Mid,Bachelor's Degree,7830
Retail,Entry,Associate Degree,5647
Logistics,Senior,Associate Degree,5010
Construction,Senior,Associate Degree,4307
Forestry,Mid,High School,4401
Transportation,Senior,High School,4574
Engineering,Mid,High School,4002
Real Estate,Mid,Master's Degree,7937
Government,Entry,Associate Degree,4130
Forestry,Entry,Master's Degree,7925
Retail,Entry,High School,3492
Transportation,Senior,PhD,9833
Legal,Entry,High School,4612
Logistics,Mid,Bachelor's Degree,7365
Education,Entry,High School,3996
Manufacturing,Entry,Associate Degree,4990
Legal,Mid,Master's Degree,8834
Education,Mid,PhD,9301
Government,Senior,Master's Degree,9036
Real Estate,Mid,High School,4560
Education,Mid,Master's Degree,8929
Healthcare,Entry,Associate Degree,4051
Energy,Mid,Bachelor's Degree,5632
Logistics,Mid,High School,4010
Defense,Mid,Bachelor's Degree,6779
Defense,Entry,Associate Degree,5344
Mining,Senior,Associate Degree,4180
Technology,Senior,High School,4511
Energy,Mid,High School,4057
Fishing,Mid,High School,3404
Retail,Senior,Master's Degree,7828
Government,Mid,Master's Degree,7876
Mining,Senior,Master's Degree,6756
Legal,Mid,Associate Degree,5709
Legal,Entry,Associate Degree,5063
Manufacturing,Mid,High School,3847
Defense,Mid,Associate Degree,3856
Engineering,Senior,High School,3871
Defense,Senior,Master's Degree,8910
Media,Mid,High School,4465
Manufacturing,Entry,High School,4192
Real Estate,Entry,Bachelor's Degree,7408
Forestry,Senior,Master's Degree,8590
Government,Mid,Associate Degree,4290
Education,Entry,Bachelor's Degree,6837
Education,Entry,Associate Degree,5106
Manufacturing,Senior,Associate Degree,4564
Agriculture,Entry,Bachelor's Degree,7081
Legal,Entry,Bachelor's Degree,7722
Fishing,Entry,High School,4301
Defense,Senior,Associate Degree,4924
Transportation,Mid,Bachelor's Degree,5772
Education,Mid,High School,4376
Logistics,Entry,Bachelor's Degree,5478
Mining,Mid,PhD,11562
Construction,Entry,Associate Degree,5097
Transportation,Entry,Master's Degree,8610
Agriculture,Senior,Master's Degree,8921
Finance,Mid,Associate Degree,5176
Technology,Mid,Bachelor's Degree,5389
Engineering,Mid,Associate Degree,4417
Mining,Mid,Associate Degree,4331
Legal,Entry,Associate Degree,4020
Finance,Mid,High School,3995
Fishing,Mid,Associate Degree,5130
Retail,Senior,High School,4344
Mining,Senior,PhD,8248
Education,Mid,High School,4496
Fishing,Senior,Associate Degree,3943
Legal,Senior,Bachelor's Degree,5617
Healthcare,Mid,Master's Degree,7394
Education,Mid,Master's Degree,7565
Energy,Entry,High School,3894
Finance,Entry,Bachelor's Degree,7815
Healthcare,Entry,Associate Degree,4302
Technology,Entry,Bachelor's Degree,7563
Energy,Mid,Master's Degree,8161
Manufacturing,Mid,Master's Degree,8825
Forestry,Mid,Bachelor's Degree,5919
Real Estate,Mid,PhD,8018
Government,Entry,Bachelor's Degree,7998
Government,Mid,High School,4064
Technology,Entry,Bachelor's Degree,7572
Healthcare,Mid,Associate Degree,4339
Mining,Mid,Master's Degree,9377
Logistics,Mid,Bachelor's Degree,5777
Energy,Senior,Associate Degree,5299
Real Estate,Senior,Bachelor's Degree,6239
Education,Senior,Associate Degree,4434
Healthcare,Mid,High School,3675
Education,Mid,High School,3566
Fishing,Mid,High School,4728
Fishing,Mid,Bachelor's Degree,7089
Agriculture,Entry,Associate Degree,4572
Energy,Entry,Bachelor's Degree,7272
Education,Entry,Bachelor's Degree,5404
Media,Entry,Associate Degree,4936
Mining,Entry,High School,3739
Mining,Mid,Associate Degree,4351
Finance,Entry,Master's Degree,8227
Retail,Entry,High School,4435
Logistics,Entry,Associate Degree,4483
Fishing,Entry,Associate Degree,5280
Real Estate,Senior,High School,3952
Transportation,Senior,Bachelor's Degree,5525
Technology,Entry,PhD,9972
Fishing,Mid,Bachelor's Degree,7697
Manufacturing,Entry,High School,3579
Fishing,Senior,Associate Degree,3933
Logistics,Entry,Master's Degree,8630
Construction,Mid,Bachelor's Degree,6940
Construction,Entry,PhD,10105
Defense,Senior,High School,4103
Agriculture,Mid,Bachelor's Degree,6534
Legal,Mid,Bachelor's Degree,7390
Media,Entry,High School,3325
Government,Mid,Master's Degree,9433
Government,Mid,Bachelor's Degree,7094
Energy,Senior,Master's Degree,8708
Defense,Senior,Master's Degree,8568
Defense,Entry,Associate Degree,4638
Defense,Mid,Associate Degree,5297
Healthcare,Mid,Master's Degree,6832
Technology,Senior,Associate Degree,4768
Fishing,Entry,High School,3691
Government,Senior,High School,4641
Defense,Mid,Master's Degree,8489
Engineering,Entry,High School,4779
Media,Mid,Bachelor's Degree,6497
Healthcare,Entry,Bachelor's Degree,7435
Technology,Mid,Master's Degree,6671
Manufacturing,Entry,Bachelor's Degree,6455
Transportation,Entry,Master's Degree,6587
Transportation,Senior,Associate Degree,3978
Finance,Mid,Associate Degree,5320
Forestry,Senior,Bachelor's Degree,5597
Media,Senior,High School,4332
Legal,Senior,Master's Degree,8803
Technology,Entry,PhD,11512
Finance,Entry,PhD,8571
Technology,Mid,Associate Degree,4350
Finance,Mid,High School,4605
Government,Entry,High School,3608
Defense,Mid,Associate Degree,4979
Real Estate,Mid,Associate Degree,5416
Education,Mid,Associate Degree,5184
Transportation,Mid,High School,3865
Legal,Mid,Associate Degree,5417
Energy,Senior,Associate Degree,4657
Finance,Entry,High School,3800
Real Estate,Mid,Associate Degree,5255
Healthcare,Entry,Associate Degree,4606
Finance,Entry,Associate Degree,4176
Logistics,Mid,Master's Degree,8877
Legal,Mid,High School,4504
Healthcare,Entry,Bachelor's Degree,6643
Mining,Senior,High School,3791
Defense,Mid,Associate Degree,4454
Logistics,Mid,Bachelor's Degree,7124
Construction,Senior,Bachelor's Degree,6287
Education,Entry,Master's Degree,9519
Agriculture,Mid,High School,4631
Defense,Entry,Master's Degree,7256
Government,Mid,High School,4606
Transportation,Mid,PhD,11058
Energy,Entry,Bachelor's Degree,5684
Real Estate,Entry,Bachelor's Degree,6046
Government,Mid,Bachelor's Degree,6867
Retail,Entry,Master's Degree,8656
Defense,Senior,High School,4763
Government,Entry,High School,4075
Mining,Mid,Master's Degree,8589
Agriculture,Entry,Bachelor's Degree,7895
Government,Mid,Master's Degree,8777
Technology,Entry,High School,3791
Real Estate,Mid,High School,3398
Technology,Entry,High School,4347
Finance,Mid,Bachelor's Degree,7170
Engineering,Mid,High School,4793
Government,Entry,Associate Degree,5376
Real Estate,Entry,Associate Degree,4187
Agriculture,Mid,Master's Degree,9319
Transportation,Entry,Bachelor's Degree,6667
Media,Mid,Master's Degree,7365
Agriculture,Senior,High School,3754
Defense,Mid,Associate Degree,5512
Legal,Mid,High School,4466
Finance,Entry,High School,3238
Forestry,Mid,PhD,10492
Transportation,Senior,High School,4389
Construction,Entry,High School,4129
Real Estate,Mid,Master's Degree,9022
Real Estate,Senior,Associate Degree,4088
Manufacturing,Mid,PhD,8290
Healthcare,Mid,Master's Degree,7896
Engineering,Senior,Associate Degree,4791
Media,Mid,Master's Degree,8667
Media,Entry,Associate Degree,4075
Manufacturing,Entry,Associate Degree,5273
Energy,Entry,Bachelor's Degree,5929
Transportation,Senior,Master's Degree,9126
Construction,Entry,Associate Degree,5145
Technology,Mid,High School,3931
Retail,Mid,High School,3714
Manufacturing,Entry,High School,4539
Retail,Senior,PhD,8869
Technology,Mid,Bachelor's Degree,6335
Mining,Entry,High School,3601
Transportation,Mid,Bachelor's Degree,5771
Mining,Senior,High School,4094
Construction,Entry,High School,3744
Legal,Entry,Master's Degree,7441
Transportation,Entry,Master's Degree,6661
Retail,Senior,Bachelor's Degree,5634
Legal,Senior,Associate Degree,4890
Fishing,Senior,Bachelor's Degree,6989
Agriculture,Mid,High School,4268
Media,Entry,Bachelor's Degree,7871
Media,Entry,Master's Degree,9426
Government,Mid,Master's Degree,6712
Forestry,Mid,Bachelor's Degree,7759
Healthcare,Entry,Bachelor's Degree,5944
Transportation,Mid,High School,4349
Government,Mid,Bachelor's Degree,6215
Manufacturing,Mid,Associate Degree,5694
Engineering,Entry,Associate Degree,4277
Energy,Entry,Bachelor's Degree,6035
Forestry,Mid,Associate Degree,5131
Technology,Senior,Bachelor's Degree,7758
Education,Mid,Bachelor's Degree,7316
Transportation,Entry,High School,4571
Technology,Entry,Master's Degree,7720
Healthcare,Mid,Associate Degree,4480
Retail,Mid,Master's Degree,8925
Defense,Mid,Bachelor's Degree,7731
Healthcare,Mid,Bachelor's Degree,5925
Real Estate,Entry,Bachelor's Degree,5374
Forestry,Senior,High School,4362
Defense,Mid,Bachelor's Degree,5871
Construction,Entry,PhD,9727
Retail,Mid,High School,4366
Government,Senior,PhD,11137
Forestry,Mid,PhD,9765
Government,Entry,Associate Degree,5466
Forestry,Mid,High School,4047
Agriculture,Mid,Bachelor's Degree,6622
Finance,Senior,High School,4069
Retail,Senior,High School,3937
Retail,Entry,High School,4821
Fishing,Entry,Bachelor's Degree,7042
Media,Mid,PhD,11382
Legal,Mid,Bachelor's Degree,7183
Healthcare,Entry,Associate Degree,4179
Legal,Mid,Associate Degree,3979
Manufacturing,Entry,Master's Degree,8479
Legal,Entry,Bachelor's Degree,7103
Government,Mid,Bachelor's Degree,7856
Engineering,Entry,High School,4333
Healthcare,Entry,Associate Degree,4171
Education,Mid,Master's Degree,8682
Agriculture,Mid,High School,3240
Logistics,Senior,Associate Degree,5289
Transportation,Entry,Bachelor's Degree,5542
Engineering,Senior,High School,4658
Construction,Mid,Master's Degree,7562
Media,Entry,High School,3541
Media,Mid,Associate Degree,3995
Engineering,Entry,PhD,10234
Forestry,Senior,Master's Degree,8840
Logistics,Entry,Bachelor's Degree,6885
Government,Mid,Master's Degree,8755
Education,Entry,Master's Degree,8763
Construction,Mid,Master's Degree,8886
Fishing,Mid,Bachelor's Degree,7917
Finance,Entry,Associate Degree,4393
Legal,Entry,Bachelor's Degree,6071
Transportation,Senior,High School,4742
Technology,Entry,Associate Degree,5319
Media,Entry,Bachelor's Degree,7556
Agriculture,Entry,Bachelor's Degree,7397
Mining,Senior,Bachelor's Degree,5459
Technology,Mid,Master's Degree,7112
Healthcare,Mid,Bachelor's Degree,7705
Energy,Mid,Bachelor's Degree,5828
Media,Senior,Bachelor's Degree,6873
Education,Senior,Master's Degree,6890
Construction,Senior,Associate Degree,3895
Retail,Entry,Master's Degree,8526
Agriculture,Senior,PhD,7905
Logistics,Entry,Bachelor's Degree,6722
Mining,Senior,Bachelor's Degree,5600
Fishing,Mid,Associate Degree,3810
Retail,Mid,High School,4296
Technology,Mid,Bachelor's Degree,6485
Agriculture,Senior,Bachelor's Degree,6740
Energy,Entry,Bachelor's Degree,7234
Legal,Entry,Bachelor's Degree,5952
Education,Entry,Bachelor's Degree,5831
Construction,Mid,Bachelor's Degree,7028
Forestry,Entry,High School,3602
Manufacturing,Mid,High School,4430
Transportation,Mid,Master's Degree,9463
Media,Entry,Associate Degree,5673
Education,Entry,High School,3937
Energy,Mid,Master's Degree,7966
Energy,Entry,Bachelor's Degree,7877
Retail,Entry,High School,4646
Agriculture,Entry,High School,4356
Finance,Senior,High School,3878
Real Estate,Mid,PhD,11146
Engineering,Mid,Associate Degree,4519
Engineering,Entry,PhD,7968
Finance,Entry,Bachelor's Degree,7013
Logistics,Entry,Associate Degree,5045
Retail,Entry,Associate Degree,5702
Transportation,Entry,High School,3588
Fishing,Senior,Bachelor's Degree,7900
Retail,Mid,Associate Degree,3942
Government,Entry,High School,3938
Technology,Senior,High School,4823
Fishing,Entry,High School,3312
Legal,Entry,Associate Degree,4081
Engineering,Senior,Bachelor's Degree,6621
Retail,Entry,Master's Degree,7787
Legal,Senior,Bachelor's Degree,6915
Government,Entry,Associate Degree,4646
Logistics,Entry,High School,4024
Manufacturing,Mid,Bachelor's Degree,6821
Construction,Mid,High School,3257
Transportation,Mid,High School,3338
Engineering,Senior,Associate Degree,4237
Mining,Mid,Bachelor's Degree,6574
Construction,Entry,Bachelor's Degree,6414
Education,Entry,Bachelor's Degree,6276
Education,Mid,Bachelor's Degree,6640
Agriculture,Entry,High School,4028
Technology,Mid,High School,4510
Transportation,Senior,Associate Degree,3898
Healthcare,Entry,High School,3796
Logistics,Senior,Bachelor's Degree,7412
Logistics,Mid,PhD,10447
Logistics,Mid,Master's Degree,8355
Finance,Entry,Associate Degree,4542
Energy,Senior,Associate Degree,4158
Logistics,Mid,Associate Degree,4662
Real Estate,Senior,Associate Degree,4587
Healthcare,Senior,Master's Degree,7193
Logistics,Mid,Associate Degree,4462
Construction,Mid,Master's Degree,7280
Finance,Entry,Bachelor's Degree,6739
Construction,Senior,Master's Degree,9550
Media,Mid,Associate Degree,4133
Technology,Mid,Associate Degree,3827
Healthcare,Senior,High School,4779
Construction,Entry,Master's Degree,8235
Mining,Senior,Bachelor's Degree,6597
Mining,Mid,Associate Degree,4543
Logistics,Senior,High School,4420
Finance,Entry,High School,3809
Technology,Senior,Bachelor's Degree,5584
Government,Senior,Associate Degree,5427
Legal,Entry,High School,3915
Forestry,Mid,Master's Degree,8738
Retail,Mid,Bachelor's Degree,6702
Finance,Entry,Associate Degree,4029
Government,Senior,High School,3254
Media,Senior,Associate Degree,5611
Construction,Entry,Master's Degree,8795
Transportation,Entry,High School,3960
Media,Entry,High School,4834
Mining,Mid,Master's Degree,7335
Defense,Senior,High School,4309
Fishing,Mid,Associate Degree,5392
Energy,Senior,PhD,8245
Government,Entry,Bachelor's Degree,6921
Real Estate,Entry,Master's Degree,8249
Energy,Mid,Associate Degree,5554
Energy,Senior,Master's Degree,6915
Transportation,Entry,Bachelor's Degree,7795
Retail,Senior,High School,3965
Mining,Senior,Master's Degree,7052
Government,Entry,Bachelor's Degree,7739
Government,Entry,Bachelor's Degree,6375
Education,Entry,High School,4371
Technology,Senior,High School,3606
Legal,Senior,High School,3964
Forestry,Mid,Associate Degree,5146
Real Estate,Entry,Bachelor's Degree,5990
Real Estate,Senior,Associate Degree,4510
Engineering,Senior,Associate Degree,4079
Finance,Mid,High School,3633
Retail,Mid,High School,4410
Healthcare,Entry,Bachelor's Degree,5667
Real Estate,Senior,High School,3254
Agriculture,Entry,Master's Degree,8750
Logistics,Mid,High School,3789
Government,Senior,Associate Degree,4843
Mining,Senior,Master's Degree,8119
Logistics,Entry,Associate Degree,5504
Engineering,Entry,Associate Degree,4207
Mining,Entry,Associate Degree,4756
Agriculture,Senior,High School,4774
Fishing,Mid,Bachelor's Degree,6537
Real Estate,Mid,Master's Degree,7764
Legal,Entry,Bachelor's Degree,7453
Technology,Entry,PhD,11471
Agriculture,Entry,Master's Degree,9217
Manufacturing,Mid,Bachelor's Degree,5841
Real Estate,Entry,Associate Degree,4633
Mining,Mid,Master's Degree,8868
Retail,Entry,Associate Degree,4542
Logistics,Entry,Master's Degree,8277
Legal,Mid,Bachelor's Degree,6501
Forestry,Entry,Master's Degree,7760
Defense,Entry,Associate Degree,3859
Manufacturing,Mid,Bachelor's Degree,7958
Construction,Entry,Bachelor's Degree,5518
Defense,Senior,PhD,9055
Finance,Entry,Bachelor's Degree,7892
Finance,Senior,High School,3652
Retail,Senior,High School,4199
Government,Mid,Associate Degree,5296
Retail,Mid,Bachelor's Degree,6637
Agriculture,Entry,High School,3250
Government,Entry,Associate Degree,4059
Manufacturing,Senior,Bachelor's Degree,7873
Energy,Entry,High School,3962
Agriculture,Senior,Bachelor's Degree,5361
Transportation,Senior,High School,3398
Engineering,Mid,High School,4333
Legal,Entry,High School,3417
Forestry,Mid,Bachelor's Degree,7548
Media,Entry,Associate Degree,4560
Construction,Entry,Master's Degree,8358
Engineering,Mid,High School,3987
Engineering,Senior,Associate Degree,4793
Retail,Senior,Associate Degree,4660
Manufacturing,Entry,Master's Degree,7028
Mining,Senior,Associate Degree,4937
Mining,Mid,Master's Degree,6826
Retail,Mid,Associate Degree,4847
Real Estate,Senior,Bachelor's Degree,6649
Agriculture,Mid,Master's Degree,9137
Manufacturing,Entry,Bachelor's Degree,6623
Agriculture,Senior,Master's Degree,8020
Construction,Senior,High School,3486
Finance,Entry,Master's Degree,6948
Education,Mid,Bachelor's Degree,6576
Media,Mid,Master's Degree,9120
Transportation,Mid,Associate Degree,4872
Manufacturing,Mid,Bachelor's Degree,6073
Agriculture,Senior,Associate Degree,5459
Forestry,Mid,Associate Degree,4578
Real Estate,Mid,Master's Degree,9155
Retail,Mid,Associate Degree,5319
Logistics,Senior,Associate Degree,4395
Engineering,Mid,Bachelor's Degree,6077
Healthcare,Mid,Master's Degree,9229
Construction,Entry,Associate Degree,3829
Real Estate,Entry,Bachelor's Degree,7361
Mining,Senior,Master's Degree,9552
Logistics,Senior,High School,4035
Energy,Senior,Bachelor's Degree,7481
Healthcare,Entry,Associate Degree,5182
Government,Mid,Bachelor's Degree,5569
Logistics,Senior,Master's Degree,9313
Retail,Entry,Master's Degree,8367
Fishing,Entry,Bachelor's Degree,7278
Mining,Mid,PhD,9169
Transportation,Entry,Associate Degree,5570
Energy,Entry,Associate Degree,5433
Healthcare,Mid,PhD,8783
Engineering,Mid,High School,3518
Healthcare,Entry,Associate Degree,4879
Fishing,Entry,Bachelor's Degree,5923
Real Estate,Entry,PhD,9684
Construction,Mid,PhD,8597
Forestry,Mid,Bachelor's Degree,5859
Fishing,Mid,PhD,11010
Defense,Senior,Master's Degree,7475
Logistics,Entry,Bachelor's Degree,6469
Mining,Senior,Bachelor's Degree,6258
Defense,Senior,High School,3571
Construction,Senior,High School,4604
Education,Mid,Bachelor's Degree,7337
Agriculture,Mid,High School,4489
Defense,Mid,Bachelor's Degree,5593
Logistics,Senior,Bachelor's Degree,5882
Agriculture,Senior,Bachelor's Degree,5734
Real Estate,Senior,Bachelor's Degree,7986
Logistics,Entry,PhD,11393
Logistics,Entry,PhD,9859
Energy,Mid,Bachelor's Degree,5663
Finance,Senior,High School,3379
Technology,Senior,Bachelor's Degree,5660
Defense,Senior,High School,3536
Education,Entry,Associate Degree,4603
Retail,Mid,Master's Degree,8344
Real Estate,Entry,Associate Degree,5163
Defense,Entry,Associate Degree,5167
Mining,Senior,Associate Degree,5100
Education,Entry,High School,3826
Real Estate,Entry,Master's Degree,6819
Manufacturing,Mid,Master's Degree,9556
Legal,Entry,High School,3734
Fishing,Mid,Master's Degree,6663
Transportation,Senior,Bachelor's Degree,6171
Retail,Mid,High School,3825
Manufacturing,Mid,Associate Degree,5532
Construction,Senior,High School,3237
Transportation,Entry,Associate Degree,5098
Manufacturing,Mid,High School,3557
Construction,Senior,High School,4617
Government,Mid,Bachelor's Degree,5785
Transportation,Mid,Bachelor's Degree,7161
Healthcare,Mid,Master's Degree,7024
Healthcare,Mid,Master's Degree,7938
Engineering,Entry,Associate Degree,4498
Legal,Mid,Bachelor's Degree,7891
Healthcare,Mid,Associate Degree,4359
Manufacturing,Mid,Master's Degree,7335
Retail,Entry,Associate Degree,4340
Education,Entry,Master's Degree,6420
Energy,Entry,High School,3758
Defense,Senior,High School,3799
Real Estate,Senior,Master's Degree,8228
Legal,Mid,Associate Degree,4976
Manufacturing,Entry,Bachelor's Degree,7798
Technology,Mid,High School,4703
Retail,Mid,Master's Degree,9274
Transportation,Mid,Master's Degree,7950
Forestry,Mid,Associate Degree,4670
Technology,Entry,Associate Degree,3963
Mining,Senior,Master's Degree,6727
Transportation,Mid,Master's Degree,7870
Manufacturing,Mid,High School,3664
Legal,Entry,High School,3248
Real Estate,Mid,Bachelor's Degree,6726
Mining,Mid,High School,4742
Engineering,Senior,Master's Degree,9091
Defense,Entry,Associate Degree,4585
Mining,Mid,Bachelor's Degree,5498
Energy,Mid,High School,3505
Technology,Mid,Master's Degree,9490
Defense,Entry,High School,4686
Defense,Entry,Master's Degree,9013
Government,Mid,Associate Degree,5603
Engineering,Mid,Master's Degree,6764
Manufacturing,Mid,Master's Degree,6741
Engineering,Senior,Bachelor's Degree,5756
Media,Senior,High School,3633
Real Estate,Senior,Master's Degree,7462
Healthcare,Mid,Associate Degree,5340
Finance,Entry,High School,4796
Technology,Entry,Master's Degree,9517
Construction,Mid,High School,4141
Logistics,Mid,PhD,9263
Real Estate,Entry,Bachelor's Degree,7782
Logistics,Senior,Associate Degree,5443
Technology,Entry,High School,4048
Mining,Mid,Bachelor's Degree,7470
Media,Mid,Bachelor's Degree,5596
Healthcare,Entry,Bachelor's Degree,6515
Government,Mid,Associate Degree,4189
Transportation,Entry,Bachelor's Degree,7172
Media,Senior,Bachelor's Degree,5459
Engineering,Mid,Master's Degree,9023
Media,Entry,Master's Degree,8445
Defense,Mid,Master's Degree,7426
Legal,Entry,Master's Degree,7920
Legal,Mid,High School,4654
Retail,Entry,High School,4135
Government,Entry,Associate Degree,5538
Logistics,Entry,Master's Degree,7682
Retail,Entry,High School,3473
Defense,Entry,Bachelor's Degree,6014
Construction,Senior,Bachelor's Degree,6052
Retail,Senior,Master's Degree,8444
Manufacturing,Entry,Master's Degree,8402
Healthcare,Senior,Bachelor's Degree,6471
Finance,Entry,PhD,10272
Technology,Mid,Associate Degree,3987
Real Estate,Entry,Master's Degree,8779
Energy,Senior,Associate Degree,5065
Agriculture,Senior,High School,3438
Logistics,Senior,Bachelor's Degree,6869
Real Estate,Mid,Bachelor's Degree,6749
Construction,Entry,Associate Degree,4871
Real Estate,Mid,High School,4122
Real Estate,Entry,High School,3954
Logistics,Entry,High School,4054
Logistics,Mid,Master's Degree,7353
Fishing,Mid,Bachelor's Degree,6958
Manufacturing,Senior,Bachelor's Degree,5419
Technology,Entry,High School,3799
Finance,Entry,High School,3723
Finance,Entry,Master's Degree,8997
Healthcare,Mid,High School,4332
Transportation,Mid,High School,3748
Finance,Senior,Bachelor's Degree,6759
Education,Mid,Bachelor's Degree,6564
Government,Mid,Master's Degree,9563
Energy,Entry,Bachelor's Degree,7262
Defense,Entry,High School,4691
Construction,Entry,High School,3506
Defense,Entry,High School,4482
Government,Mid,Bachelor's Degree,6388
Government,Entry,Master's Degree,7331
Education,Mid,High School,4330
Media,Senior,Bachelor's Degree,7515
Fishing,Entry,High School,4500
Engineering,Mid,Associate Degree,4413
Retail,Entry,High School,3460
Retail,Senior,Associate Degree,5220
Mining,Mid,High School,3966
Media,Mid,Bachelor's Degree,6225
Retail,Entry,Bachelor's Degree,5809
Real Estate,Entry,Associate Degree,5598
Forestry,Entry,Master's Degree,7564
Fishing,Mid,Master's Degree,6902
Government,Entry,Associate Degree,4917
Real Estate,Mid,Bachelor's Degree,7644
Technology,Entry,High School,4172
Forestry,Entry,High School,4676
Logistics,Entry,Bachelor's Degree,7682
Construction,Mid,Associate Degree,5075
Construction,Entry,Bachelor's Degree,6508
Media,Entry,Bachelor's Degree,7751
Construction,Entry,Associate Degree,5111
Engineering,Mid,Bachelor's Degree,7224
Government,Mid,Bachelor's Degree,5664
Engineering,Mid,Master's Degree,7803
Engineering,Mid,High School,4108
Media,Senior,Bachelor's Degree,6167
Legal,Senior,Master's Degree,6464
Healthcare,Mid,Associate Degree,5289
Healthcare,Entry,High School,3507
Defense,Senior,Associate Degree,3941
Transportation,Mid,Bachelor's Degree,5600
Manufacturing,Mid,Associate Degree,4206
Defense,Entry,Bachelor's Degree,6168
Fishing,Mid,Master's Degree,8723
Media,Entry,Master's Degree,8270
Retail,Entry,High School,4230
Manufacturing,Entry,High School,3603
Healthcare,Mid,Bachelor's Degree,6080
Forestry,Mid,Associate Degree,3947
Engineering,Senior,High School,3896
Mining,Entry,Associate Degree,5135
Defense,Mid,Associate Degree,4798
Agriculture,Mid,Associate Degree,4030
Transportation,Senior,Master's Degree,9531
Government,Mid,Master's Degree,7948
Fishing,Senior,Bachelor's Degree,6009
Finance,Senior,Bachelor's Degree,7933
Education,Mid,Associate Degree,5217
Media,Entry,Master's Degree,6691
Logistics,Entry,Master's Degree,6798
Fishing,Entry,Master's Degree,8836
Education,Mid,Bachelor's Degree,6558
Technology,Entry,Associate Degree,4248
Agriculture,Entry,Master's Degree,9051
Real Estate,Mid,Associate Degree,4913
Fishing,Senior,Master's Degree,7412
Agriculture,Mid,PhD,9050
Manufacturing,Senior,Associate Degree,5470
Transportation,Senior,PhD,11487
Government,Mid,Master's Degree,8137
Mining,Entry,Master's Degree,9125
Agriculture,Mid,Bachelor's Degree,5830
Technology,Entry,Master's Degree,8774
Technology,Senior,High School,3598
Finance,Mid,Associate Degree,4926
Manufacturing,Mid,Bachelor's Degree,7835
Healthcare,Mid,Bachelor's Degree,5956
Fishing,Mid,Master's Degree,9296
Forestry,Entry,Master's Degree,6480
Construction,Mid,Bachelor's Degree,7321
Agriculture,Senior,Bachelor's Degree,7423
Construction,Entry,PhD,9576
Fishing,Mid,Master's Degree,9034
Mining,Entry,High School,4727
Mining,Entry,Associate Degree,5139
Finance,Mid,High School,3314
Finance,Mid,Bachelor's Degree,6066
Media,Entry,Bachelor's Degree,6773
Manufacturing,Mid,Bachelor's Degree,5670
Transportation,Entry,Associate Degree,4342
Healthcare,Entry,Bachelor's Degree,5857
Construction,Mid,Master's Degree,7173
Fishing,Mid,Master's Degree,7427
Manufacturing,Entry,High School,4651
Government,Senior,Associate Degree,5293
Education,Mid,High School,4428
Education,Mid,Bachelor's Degree,7901
Logistics,Mid,Bachelor's Degree,6944
Construction,Senior,Bachelor's Degree,5987
Construction,Entry,Master's Degree,8700
Technology,Entry,Bachelor's Degree,6629
Legal,Mid,High School,3709
Legal,Senior,Associate Degree,5258
Energy,Senior,Bachelor's Degree,7912
Real Estate,Mid,Bachelor's Degree,6778
Finance,Entry,PhD,8746
Fishing,Entry,Associate Degree,5214
Forestry,Senior,Associate Degree,3958
Agriculture,Senior,Master's Degree,7491
Defense,Entry,Associate Degree,3993
Mining,Mid,Associate Degree,4555
Legal,Senior,Associate Degree,4839
Logistics,Entry,High School,4710
Technology,Mid,Bachelor's Degree,7340
Legal,Senior,Associate Degree,3812
Transportation,Entry,Associate Degree,5700
Government,Mid,Bachelor's Degree,6000
Energy,Entry,PhD,10530
Technology,Entry,Bachelor's Degree,7522
Transportation,Senior,Associate Degree,3953
Transportation,Mid,Associate Degree,4588
Media,Mid,Bachelor's Degree,6439
Logistics,Mid,Master's Degree,8345
Forestry,Mid,Bachelor's Degree,6060
Engineering,Senior,Master's Degree,7589
Manufacturing,Entry,Master's Degree,9279
Transportation,Mid,Bachelor's Degree,5492
Legal,Senior,Bachelor's Degree,7859
Agriculture,Mid,Associate Degree,5354
Education,Mid,Master's Degree,6797
Logistics,Mid,Bachelor's Degree,7888
Technology,Mid,High School,3589
Technology,Mid,Bachelor's Degree,7163
Technology,Mid,PhD,9866
Manufacturing,Senior,Associate Degree,4102
Agriculture,Entry,Master's Degree,7800
Logistics,Mid,Associate Degree,4948
Energy,Entry,Master's Degree,7853
Retail,Entry,Master's Degree,6553
Fishing,Mid,Master's Degree,8257
Agriculture,Senior,Master's Degree,9416
Retail,Mid,Master's Degree,8946
Defense,Senior,High School,4648
Fishing,Entry,Master's Degree,7041
Healthcare,Mid,Bachelor's Degree,6357
Construction,Entry,Associate Degree,5695
Finance,Mid,Bachelor's Degree,7344
Construction,Mid,High School,3483
Legal,Mid,Bachelor's Degree,6860
Technology,Entry,Master's Degree,6894
Forestry,Senior,Master's Degree,8575
Media,Entry,Master's Degree,9445
Media,Entry,Bachelor's Degree,5983
Logistics,Senior,Associate Degree,4517
Legal,Mid,Master's Degree,8949
Media,Senior,High School,4120
Transportation,Mid,Associate Degree,5563
Legal,Entry,Associate Degree,4912
Engineering,Entry,Master's Degree,9538
Finance,Entry,Bachelor's Degree,7288
Energy,Entry,Bachelor's Degree,6392
Education,Entry,Bachelor's Degree,7915
Logistics,Entry,High School,3609
Real Estate,Mid,Bachelor's Degree,7529
Mining,Mid,Bachelor's Degree,6425
Real Estate,Mid,Bachelor's Degree,5814
Real Estate,Entry,Bachelor's Degree,7204
Education,Mid,Associate Degree,5122
Engineering,Senior,High School,4383
Healthcare,Mid,Associate Degree,4239
Real Estate,Entry,Master's Degree,7690
Government,Entry,Bachelor's Degree,6065
Media,Mid,Bachelor's Degree,5842
Media,Entry,Associate Degree,4670
Technology,Mid,Associate Degree,4177
Retail,Entry,Bachelor's Degree,7039
Mining,Senior,Bachelor's Degree,6726
Agriculture,Mid,High School,4164
Retail,Mid,Master's Degree,7480
Education,Mid,High School,4357
Transportation,Entry,Associate Degree,5087
Engineering,Senior,Bachelor's Degree,7700
Logistics,Senior,Associate Degree,3844
Real Estate,Senior,Master's Degree,8458
Finance,Entry,Master's Degree,6510
Defense,Mid,Bachelor's Degree,6822
Logistics,Mid,Bachelor's Degree,6480
Transportation,Mid,Bachelor's Degree,7976
Mining,Entry,High School,3587
Education,Entry,Bachelor's Degree,7584
Construction,Entry,High School,3797
Real Estate,Senior,Bachelor's Degree,6589
Agriculture,Mid,Associate Degree,5230
Defense,Entry,Bachelor's Degree,6676
Education,Entry,Master's Degree,9145
Transportation,Entry,Associate Degree,5577
Manufacturing,Entry,Associate Degree,4740
Agriculture,Entry,Bachelor's Degree,6847
Engineering,Senior,High School,3422
Transportation,Entry,Associate Degree,4884
Engineering,Senior,Bachelor's Degree,5455
Manufacturing,Entry,Master's Degree,8994
Defense,Entry,Bachelor's Degree,6215
Logistics,Entry,Bachelor's Degree,6801
Forestry,Mid,Associate Degree,4429
Fishing,Entry,Bachelor's Degree,6614
Construction,Entry,Bachelor's Degree,5410
Legal,Entry,Bachelor's Degree,7802
Mining,Mid,Bachelor's Degree,7025
Logistics,Entry,Associate Degree,5479
Energy,Entry,Associate Degree,5618
Government,Mid,Bachelor's Degree,7544
Finance,Mid,Bachelor's Degree,7295
Legal,Entry,Bachelor's Degree,7230
Government,Mid,Bachelor's Degree,7049
Media,Mid,High School,4017
Government,Mid,Associate Degree,4301
Forestry,Mid,PhD,9692
Energy,Mid,PhD,8377
Education,Senior,Master's Degree,8186
Healthcare,Senior,PhD,9471
Finance,Senior,Bachelor's Degree,6825
Retail,Entry,Associate Degree,5683
Mining,Senior,High School,3271
Real Estate,Senior,Bachelor's Degree,5801
Manufacturing,Entry,Master's Degree,8925
Finance,Senior,Bachelor's Degree,5839
Manufacturing,Entry,High School,4298
Technology,Senior,Bachelor's Degree,6391
Retail,Mid,Bachelor's Degree,5799
Construction,Senior,PhD,11535
Engineering,Entry,Associate Degree,5596
Agriculture,Entry,High School,4387
Legal,Entry,Bachelor's Degree,5404
Fishing,Entry,Bachelor's Degree,6543
Construction,Entry,Master's Degree,7318
Logistics,Mid,High School,4353
Legal,Mid,Associate Degree,5426
Legal,Entry,Associate Degree,4519
Finance,Entry,Bachelor's Degree,6332
Retail,Mid,Bachelor's Degree,7048
Finance,Entry,PhD,10342
Healthcare,Mid,High School,4582
Mining,Mid,High School,3608
Manufacturing,Entry,Associate Degree,4302
Engineering,Entry,Bachelor's Degree,5822
Technology,Entry,Bachelor's Degree,6699
Engineering,Senior,High School,4026
Forestry,Mid,High School,3587
Finance,Entry,High School,3718
Fishing,Mid,Master's Degree,8780
Real Estate,Senior,Bachelor's Degree,5892
Transportation,Mid,Bachelor's Degree,6014
Technology,Senior,High School,4740
Finance,Senior,High School,4761
Forestry,Entry,Bachelor's Degree,7706
Fishing,Senior,Master's Degree,9121
Retail,Entry,High School,3347
Forestry,Mid,PhD,9668
Technology,Entry,Bachelor's Degree,5648
Manufacturing,Entry,Bachelor's Degree,5607
Education,Mid,PhD,10014
Agriculture,Mid,High School,4020
Fishing,Senior,High School,4273
Energy,Mid,Master's Degree,8848
Fishing,Entry,Master's Degree,7511
Real Estate,Entry,Bachelor's Degree,5810
Mining,Senior,Associate Degree,4493
Finance,Entry,Master's Degree,7117
Logistics,Entry,Associate Degree,4995
Mining,Mid,Bachelor's Degree,6774
Manufacturing,Mid,Master's Degree,6747
Mining,Mid,Associate Degree,4596
Transportation,Entry,Master's Degree,8190
Legal,Entry,Bachelor's Degree,5905
Mining,Senior,Master's Degree,9555
Real Estate,Senior,Bachelor's Degree,7690
Finance,Entry,High School,4031
Legal,Senior,Associate Degree,5491
Defense,Senior,High School,4029
Logistics,Senior,Bachelor's Degree,5500
Media,Senior,High School,4157
Media,Entry,Bachelor's Degree,5690
Real Estate,Entry,High School,3532
Transportation,Entry,High School,3563
Legal,Entry,Bachelor's Degree,6944
Mining,Entry,High School,4314
Real Estate,Mid,Bachelor's Degree,6454
Defense,Senior,Associate Degree,3952
Government,Entry,Associate Degree,4117
Real Estate,Entry,Bachelor's Degree,6202
Defense,Senior,Master's Degree,8052
Transportation,Senior,Bachelor's Degree,5611
Mining,Mid,PhD,10976
Fishing,Mid,Master's Degree,8936
Defense,Senior,Master's Degree,7088
Retail,Entry,Associate Degree,4623
Fishing,Senior,Bachelor's Degree,5511
Construction,Mid,Associate Degree,5619
Legal,Entry,Associate Degree,4361
Agriculture,Entry,Master's Degree,7324
Agriculture,Entry,Associate Degree,5688
Agriculture,Mid,Bachelor's Degree,7540
Logistics,Senior,Bachelor's Degree,5357
Forestry,Entry,Associate Degree,5414
Legal,Entry,Associate Degree,5282
Engineering,Entry,High School,4795
Legal,Mid,Associate Degree,4211
Legal,Mid,Associate Degree,4292
Healthcare,Entry,PhD,9389
Construction,Mid,Master's Degree,8644
Finance,Mid,Bachelor's Degree,6039
Media,Entry,Master's Degree,8815
Media,Senior,Bachelor's Degree,7336
Transportation,Entry,Bachelor's Degree,6188
Education,Mid,Bachelor's Degree,6940
Real Estate,Entry,Bachelor's Degree,6197
Legal,Entry,Bachelor's Degree,7688
Forestry,Entry,Master's Degree,6723
Legal,Mid,Bachelor's Degree,6038
Agriculture,Entry,High School,3937
Media,Entry,Associate Degree,5390
Fishing,Entry,Bachelor's Degree,6547
Construction,Mid,High School,3835
Engineering,Senior,Associate Degree,3952
Transportation,Mid,Bachelor's Degree,6643
Technology,Entry,Bachelor's Degree,7344
Healthcare,Entry,Master's Degree,9288
Transportation,Entry,High School,4147
Retail,Entry,Bachelor's Degree,7976
Media,Senior,Master's Degree,8684
Legal,Entry,Master's Degree,7055
Mining,Senior,Master's Degree,9011
Agriculture,Mid,Master's Degree,6903
Energy,Mid,Bachelor's Degree,6702
Education,Entry,High School,3341
Legal,Senior,Master's Degree,9085
Mining,Mid,High School,3329
Healthcare,Entry,Master's Degree,9331
Healthcare,Mid,High School,3782
Finance,Entry,Master's Degree,6955
Manufacturing,Entry,Associate Degree,5616
Engineering,Entry,High School,3315
Agriculture,Entry,High School,4458
Logistics,Entry,Master's Degree,6863
Finance,Senior,High School,3720
Media,Mid,Master's Degree,6931
Logistics,Mid,Bachelor's Degree,6875
Agriculture,Entry,Associate Degree,4377
Transportation,Mid,Master's Degree,7723
Healthcare,Entry,Master's Degree,7754
Government,Entry,PhD,10248
Healthcare,Mid,Bachelor's Degree,6440
Government,Senior,Master's Degree,8260
Legal,Mid,High School,3802
Government,Entry,Master's Degree,8556
Finance,Mid,Associate Degree,4369
Finance,Mid,PhD,11451
Government,Senior,High School,3811
Agriculture,Mid,Associate Degree,5230
Transportation,Senior,Associate Degree,5569
Forestry,Senior,Bachelor's Degree,7412
Education,Mid,Bachelor's Degree,7992
Media,Entry,Associate Degree,3931
Real Estate,Senior,Bachelor's Degree,8003
Government,Mid,Associate Degree,4799
Forestry,Mid,Master's Degree,9353
Education,Mid,Associate Degree,4225
Logistics,Mid,PhD,8841
Mining,Mid,Bachelor's Degree,7339
Finance,Mid,Bachelor's Degree,7892
Agriculture,Senior,Master's Degree,7952
Transportation,Entry,Associate Degree,5666
Real Estate,Entry,Bachelor's Degree,5693
Finance,Senior,Associate Degree,5446
Forestry,Senior,PhD,9979
Government,Mid,Master's Degree,6512
Healthcare,Senior,Associate Degree,4369
Engineering,Entry,Master's Degree,9484
Agriculture,Entry,High School,4605
Real Estate,Senior,Bachelor's Degree,6448
Fishing,Senior,Bachelor's Degree,6231
Defense,Entry,Associate Degree,4731
Logistics,Entry,High School,4610
Manufacturing,Mid,Associate Degree,4053
Retail,Mid,Bachelor's Degree,6267
Construction,Senior,Bachelor's Degree,7010
Manufacturing,Entry,Associate Degree,4912
Mining,Entry,PhD,11762
Agriculture,Senior,Bachelor's Degree,7755
Transportation,Senior,Master's Degree,6675
Retail,Entry,Associate Degree,4089
Government,Entry,High School,4825
Education,Entry,High School,4662
Real Estate,Entry,Bachelor's Degree,5469
Education,Entry,Bachelor's Degree,5526
Healthcare,Mid,Bachelor's Degree,7447
Mining,Mid,Bachelor's Degree,7905
Defense,Senior,PhD,8967
Technology,Entry,Associate Degree,4537
Energy,Mid,Bachelor's Degree,6898
Transportation,Senior,Associate Degree,4995
Real Estate,Entry,Bachelor's Degree,5562
Energy,Entry,Associate Degree,4723
Real Estate,Entry,Bachelor's Degree,7792
Finance,Entry,Master's Degree,6523
Government,Mid,Associate Degree,4818
Forestry,Mid,Bachelor's Degree,5831
Construction,Entry,Associate Degree,5314
Engineering,Mid,Bachelor's Degree,6474
Media,Mid,Associate Degree,5237
Real Estate,Entry,Bachelor's Degree,6559
Forestry,Mid,Master's Degree,8064
Retail,Mid,Master's Degree,6865
Defense,Entry,High School,4049
Education,Entry,Bachelor's Degree,5567
Fishing,Entry,Master's Degree,8462
Fishing,Mid,Master's Degree,6756
Retail,Mid,Bachelor's Degree,7635
Education,Mid,Master's Degree,8524
Agriculture,Mid,Bachelor's Degree,6800
Education,Mid,Master's Degree,7400
Defense,Entry,Bachelor's Degree,7789
Construction,Entry,Associate Degree,4780
Technology,Mid,Master's Degree,6825
Education,Mid,Associate Degree,5485
Government,Mid,Master's Degree,9191
Technology,Entry,Bachelor's Degree,6407
Engineering,Mid,Associate Degree,5327
Education,Mid,High School,4372
Legal,Entry,Master's Degree,6753
Defense,Entry,PhD,8890
Technology,Senior,Bachelor's Degree,6847
Media,Entry,Bachelor's Degree,7701
Transportation,Entry,Bachelor's Degree,7188
Defense,Senior,High School,4353
Forestry,Senior,Associate Degree,5407
Legal,Mid,High School,3429
Energy,Entry,Associate Degree,5666
Defense,Entry,High School,4032
Retail,Senior,Bachelor's Degree,7913
Forestry,Mid,High School,4356
Forestry,Mid,Bachelor's Degree,5635
Logistics,Senior,Bachelor's Degree,6274
Finance,Mid,Associate Degree,3885
Retail,Senior,High School,3864
Retail,Mid,Associate Degree,5687
Technology,Mid,Bachelor's Degree,6409
Fishing,Senior,Bachelor's Degree,7339
Mining,Mid,Bachelor's Degree,6914
Manufacturing,Senior,PhD,9411
Engineering,Mid,Master's Degree,9446
Education,Entry,Associate Degree,4279
Fishing,Senior,Master's Degree,6388
Government,Entry,High School,3498
Fishing,Mid,High School,4128
Mining,Mid,Associate Degree,4567
Forestry,Mid,Master's Degree,9342
Transportation,Mid,Master's Degree,7376
Finance,Mid,Master's Degree,6822
Forestry,Entry,Associate Degree,4484
Legal,Senior,Master's Degree,7775
Logistics,Senior,Bachelor's Degree,5692
Media,Mid,Associate Degree,5226
Education,Entry,High School,3739
Transportation,Entry,High School,4178
Defense,Entry,Associate Degree,5334
Transportation,Mid,Associate Degree,3878
Manufacturing,Mid,Bachelor's Degree,7871
Manufacturing,Senior,Bachelor's Degree,7687
Logistics,Mid,Bachelor's Degree,5595
Logistics,Mid,Associate Degree,5185
Healthcare,Entry,Associate Degree,5627
Forestry,Entry,High School,4266
Healthcare,Mid,Associate Degree,4163
Logistics,Mid,Bachelor's Degree,7375
Engineering,Mid,Bachelor's Degree,5478
Real Estate,Mid,Bachelor's Degree,7609
Government,Senior,PhD,10434
Transportation,Mid,PhD,11032
Energy,Senior,Bachelor's Degree,7727
Engineering,Mid,Associate Degree,5456
Technology,Mid,Master's Degree,8376
Construction,Senior,Bachelor's Degree,5511
Manufacturing,Entry,High School,3480
Transportation,Mid,Associate Degree,5635
Legal,Entry,Associate Degree,5692
Media,Mid,Associate Degree,5493
Retail,Mid,Associate Degree,5683
Technology,Senior,Bachelor's Degree,6239
Education,Mid,High School,3855
Defense,Entry,High School,4602
Manufacturing,Mid,Associate Degree,3852
Retail,Senior,PhD,9996
Real Estate,Entry,Master's Degree,8017
Mining,Mid,Bachelor's Degree,7493
Transportation,Mid,Bachelor's Degree,7747
Energy,Mid,High School,4464
Defense,Entry,Associate Degree,5409
Energy,Mid,Bachelor's Degree,7690
Manufacturing,Senior,Associate Degree,5690
Manufacturing,Entry,Bachelor's Degree,6949
Energy,Senior,High School,4666
Transportation,Mid,Master's Degree,9504
Legal,Entry,Associate Degree,4344
Logistics,Senior,Bachelor's Degree,6731
Media,Senior,Master's Degree,7919
Logistics,Mid,Master's Degree,8112
Media,Entry,Associate Degree,4618
Real Estate,Entry,Bachelor's Degree,5923
Energy,Senior,High School,3924
Finance,Entry,Bachelor's Degree,5695
Fishing,Mid,High School,4162
Government,Mid,Bachelor's Degree,7560
Energy,Entry,Bachelor's Degree,7487
Energy,Entry,High School,3641
Real Estate,Mid,High School,3944
Energy,Senior,Bachelor's Degree,6733
Defense,Mid,Master's Degree,6412
Agriculture,Mid,Master's Degree,8542
Fishing,Entry,Associate Degree,4268
Construction,Entry,Bachelor's Degree,7028
Retail,Senior,Associate Degree,4170
Healthcare,Mid,Master's Degree,6637
Finance,Entry,Bachelor's Degree,5509
Legal,Entry,Master's Degree,9025
Logistics,Entry,Bachelor's Degree,6942
Engineering,Mid,Master's Degree,7638
Education,Entry,Associate Degree,5364
Engineering,Entry,Master's Degree,9072
Energy,Entry,Bachelor's Degree,5784
Healthcare,Mid,Associate Degree,5032
Forestry,Entry,Master's Degree,6765
Legal,Mid,Bachelor's Degree,7287
Agriculture,Entry,Master's Degree,8729
Technology,Senior,Associate Degree,5218
Manufacturing,Mid,Associate Degree,4867
Technology,Entry,High School,3788
Logistics,Senior,Associate Degree,4201
Agriculture,Entry,Bachelor's Degree,7436
Real Estate,Mid,Bachelor's Degree,6902
Healthcare,Mid,Bachelor's Degree,6575
Manufacturing,Mid,Bachelor's Degree,6800
Legal,Entry,Associate Degree,5076
Logistics,Entry,High School,3383
Legal,Entry,High School,4003
Agriculture,Senior,Bachelor's Degree,7878
Transportation,Entry,High School,4568
Healthcare,Mid,Bachelor's Degree,6756
Healthcare,Senior,Associate Degree,4921
Fishing,Mid,Bachelor's Degree,7208
Transportation,Mid,Bachelor's Degree,6091
Logistics,Entry,Master's Degree,6653
Forestry,Mid,Associate Degree,4189
Media,Senior,Master's Degree,7328
Retail,Mid,High School,3694
Finance,Senior,Master's Degree,7193
Legal,Mid,PhD,9583
Manufacturing,Entry,Associate Degree,4118
Logistics,Entry,Bachelor's Degree,6909
Logistics,Mid,Bachelor's Degree,6378
Technology,Mid,Associate Degree,4589
Healthcare,Mid,High School,3606
Mining,Mid,Bachelor's Degree,6361
Forestry,Mid,Master's Degree,6969
Agriculture,Senior,Bachelor's Degree,6582
Manufacturing,Entry,Bachelor's Degree,6927
Retail,Entry,Master's Degree,7540
Education,Mid,Master's Degree,6615
Logistics,Senior,Master's Degree,6981
Technology,Mid,Associate Degree,5121
Legal,Mid,Associate Degree,5544
Technology,Mid,Bachelor's Degree,6471
Media,Senior,High School,3841
Legal,Entry,Associate Degree,3960
Retail,Entry,High School,3621
Forestry,Entry,Bachelor's Degree,7661
Mining,Mid,Associate Degree,5605
Engineering,Entry,Associate Degree,4583
Retail,Senior,Bachelor's Degree,7687
Government,Entry,Bachelor's Degree,7555
Finance,Entry,Associate Degree,5622
Energy,Senior,Bachelor's Degree,6862
Fishing,Mid,Associate Degree,4375
Manufacturing,Entry,Bachelor's Degree,7049
Education,Entry,Bachelor's Degree,6356
Manufacturing,Entry,Bachelor's Degree,5925
Education,Entry,Bachelor's Degree,7361
Education,Mid,Bachelor's Degree,7680
Energy,Senior,Associate Degree,4025
Legal,Entry,High School,3775
Engineering,Mid,Associate Degree,5339
Defense,Entry,Associate Degree,5250
Real Estate,Mid,Associate Degree,3893
Retail,Entry,Bachelor's Degree,7902
Transportation,Mid,Bachelor's Degree,5624
Logistics,Mid,Bachelor's Degree,6847
Defense,Mid,Bachelor's Degree,7244
Manufacturing,Entry,Master's Degree,8169
Fishing,Mid,Associate Degree,4060
Fishing,Mid,Associate Degree,5289
Mining,Senior,Associate Degree,4921
Transportation,Mid,Bachelor's Degree,7669
Finance,Senior,Bachelor's Degree,7422
Defense,Senior,Associate Degree,5609
Transportation,Senior,Bachelor's Degree,7284
Logistics,Entry,Bachelor's Degree,6510
Mining,Mid,Master's Degree,6817
Agriculture,Entry,Associate Degree,4400
Agriculture,Entry,High School,3810
Retail,Entry,High School,4119
Retail,Senior,Associate Degree,5470
Healthcare,Entry,Master's Degree,7220
Logistics,Entry,Associate Degree,5287
Finance,Senior,Master's Degree,8066
Real Estate,Entry,Master's Degree,6984
Healthcare,Mid,Associate Degree,4277
Retail,Entry,Bachelor's Degree,5730
Technology,Mid,Associate Degree,4023
Finance,Mid,Bachelor's Degree,7870
Government,Mid,Associate Degree,5713
Transportation,Entry,Master's Degree,8722
Defense,Mid,High School,3382
Construction,Entry,Associate Degree,3876
Manufacturing,Entry,High School,4060
Energy,Mid,High School,3227
Agriculture,Mid,Bachelor's Degree,7322
Education,Mid,High School,3436
Mining,Mid,Associate Degree,4687
Energy,Mid,Master's Degree,8843
Forestry,Entry,Associate Degree,4689
Engineering,Senior,Bachelor's Degree,7713
Forestry,Entry,Bachelor's Degree,7211
Finance,Mid,High School,4136
Government,Mid,Master's Degree,8151
Transportation,Senior,Bachelor's Degree,7774
Retail,Senior,Associate Degree,4519
Healthcare,Mid,Bachelor's Degree,7064
Construction,Entry,Master's Degree,7855
Energy,Entry,Master's Degree,8805
Real Estate,Entry,High School,4606
Transportation,Entry,Master's Degree,7944
Defense,Entry,Bachelor's Degree,5887
Agriculture,Mid,Associate Degree,3973
Construction,Mid,Bachelor's Degree,7535
Transportation,Mid,PhD,8648
Transportation,Senior,Bachelor's Degree,6632
Defense,Mid,PhD,11065
Technology,Entry,Bachelor's Degree,5624
Forestry,Mid,Associate Degree,5228
Retail,Entry,High School,4155
Legal,Mid,High School,4002
Agriculture,Mid,Bachelor's Degree,7685
Finance,Mid,High School,4183
Fishing,Mid,Associate Degree,5457
Retail,Mid,Bachelor's Degree,5410
Legal,Entry,Bachelor's Degree,6272
Government,Senior,Bachelor's Degree,5367
Engineering,Mid,PhD,8263
Energy,Entry,High School,4833
Defense,Entry,PhD,11722
Legal,Entry,Bachelor's Degree,6912
Logistics,Senior,Bachelor's Degree,6328
Technology,Entry,PhD,9059
Healthcare,Mid,Master's Degree,9081
Defense,Mid,High School,3629
Agriculture,Mid,High School,3847
Real Estate,Senior,High School,4302
Education,Senior,Bachelor's Degree,6306
Technology,Senior,Master's Degree,6663
Fishing,Mid,Bachelor's Degree,6947
Mining,Senior,Master's Degree,8493
Legal,Senior,Bachelor's Degree,6692
Energy,Entry,Master's Degree,9277
Construction,Mid,Master's Degree,7337
Fishing,Mid,Associate Degree,4142
Energy,Entry,Associate Degree,5015
Forestry,Mid,Master's Degree,8007
Energy,Mid,High School,4119
Retail,Mid,Bachelor's Degree,7836
Construction,Senior,Associate Degree,3889
Agriculture,Entry,Bachelor's Degree,5363
Technology,Entry,Master's Degree,8899
Transportation,Mid,Associate Degree,4703
Transportation,Senior,Bachelor's Degree,5770
Media,Entry,High School,3588
Construction,Entry,Bachelor's Degree,6521
Healthcare,Entry,Bachelor's Degree,6601
Healthcare,Senior,PhD,8050
Finance,Mid,Bachelor's Degree,6655
Real Estate,Entry,High School,4826
Government,Entry,Associate Degree,5684
Construction,Mid,Associate Degree,4083
Energy,Mid,Bachelor's Degree,6698
Education,Senior,Associate Degree,3977
Retail,Mid,High School,3552
Forestry,Mid,Associate Degree,4644
Retail,Entry,Master's Degree,9475
Energy,Entry,Bachelor's Degree,6361
Retail,Entry,Bachelor's Degree,6613
Finance,Mid,High School,3952
Retail,Mid,Master's Degree,9473
Healthcare,Entry,Associate Degree,5048
Agriculture,Mid,Master's Degree,8710
Technology,Senior,High School,4016
Technology,Mid,Bachelor's Degree,5407
Education,Senior,High School,3844
Education,Mid,High School,3969
Energy,Senior,Master's Degree,8155
Forestry,Mid,High School,3575
Healthcare,Entry,High School,3245
Real Estate,Entry,Associate Degree,4949
Mining,Entry,Bachelor's Degree,6513
Education,Senior,Associate Degree,4000
Forestry,Entry,PhD,10902
Logistics,Senior,Associate Degree,4757
Finance,Mid,High School,3571
Education,Entry,Associate Degree,4493
Finance,Entry,Associate Degree,5424
Media,Senior,PhD,11375
Construction,Senior,Associate Degree,4329
Agriculture,Entry,Associate Degree,4556
Mining,Entry,Master's Degree,9172
Manufacturing,Senior,Bachelor's Degree,7227
Transportation,Mid,Master's Degree,6929
Retail,Senior,Bachelor's Degree,5972
Fishing,Senior,Master's Degree,6953
Transportation,Mid,Master's Degree,9172
Healthcare,Mid,High School,3717
Real Estate,Senior,Master's Degree,9274
Retail,Entry,Bachelor's Degree,5998
Legal,Entry,Master's Degree,8114
Forestry,Entry,Master's Degree,8970
Real Estate,Entry,Associate Degree,4313
Media,Entry,Associate Degree,5391
Construction,Mid,High School,3655
Mining,Senior,Master's Degree,6806
Media,Senior,Master's Degree,8119
Education,Mid,PhD,11190
Media,Entry,High School,3492
Mining,Senior,Bachelor's Degree,7381
Engineering,Mid,Associate Degree,4289
Construction,Mid,Associate Degree,5128
Energy,Mid,Bachelor's Degree,5886
Defense,Entry,Associate Degree,5093
Fishing,Mid,Bachelor's Degree,5859
Healthcare,Mid,High School,4730
Agriculture,Mid,Bachelor's Degree,5570
Fishing,Entry,High School,3742
Education,Senior,Associate Degree,5410
Transportation,Senior,Bachelor's Degree,7069
Defense,Mid,Master's Degree,6477
Media,Entry,Master's Degree,8162
Defense,Entry,PhD,11453
Real Estate,Entry,PhD,11730
Manufacturing,Mid,Bachelor's Degree,7043
Agriculture,Entry,High School,4391
Agriculture,Senior,PhD,11173
Retail,Entry,High School,4483
Technology,Mid,Bachelor's Degree,5884
Logistics,Mid,Master's Degree,9511
Manufacturing,Mid,High School,3771
Legal,Mid,High School,3981
Fishing,Entry,Bachelor's Degree,6484
Logistics,Mid,High School,3700
Legal,Entry,Bachelor's Degree,7361
Media,Entry,Bachelor's Degree,7632
Legal,Senior,High School,4818
Agriculture,Mid,Bachelor's Degree,7578
Real Estate,Mid,Bachelor's Degree,7045
Finance,Entry,High School,3654
Engineering,Senior,Bachelor's Degree,7029
Healthcare,Entry,Bachelor's Degree,7013
Mining,Mid,Associate Degree,4908
Forestry,Mid,Bachelor's Degree,6666
Defense,Senior,Bachelor's Degree,6187
Education,Senior,Bachelor's Degree,7503
Transportation,Mid,High School,3588
Government,Entry,Master's Degree,8867
Construction,Senior,Bachelor's Degree,7697
Manufacturing,Senior,High School,4211
Construction,Senior,Master's Degree,8422
Logistics,Mid,Master's Degree,9098
Legal,Mid,High School,3847
Manufacturing,Mid,Associate Degree,4021
Government,Entry,High School,4718
Forestry,Mid,Master's Degree,6714
Logistics,Mid,Bachelor's Degree,7008
Healthcare,Entry,Bachelor's Degree,6300
Fishing,Entry,Master's Degree,6651
Manufacturing,Entry,Bachelor's Degree,5991
Healthcare,Mid,Bachelor's Degree,7820
Legal,Senior,Bachelor's Degree,7171
Fishing,Entry,Bachelor's Degree,6794
Engineering,Entry,Associate Degree,3840
Healthcare,Mid,Master's Degree,6737
Government,Entry,Bachelor's Degree,6896
Agriculture,Senior,High School,3511
Agriculture,Mid,Associate Degree,5292
Manufacturing,Mid,Bachelor's Degree,6040
Education,Entry,Bachelor's Degree,6462
Mining,Entry,Associate Degree,4468
Healthcare,Mid,Bachelor's Degree,6748
Technology,Senior,Master's Degree,8337
Healthcare,Senior,Master's Degree,7807
Logistics,Mid,Bachelor's Degree,6472
Finance,Entry,PhD,11288
Mining,Mid,Bachelor's Degree,6671
Logistics,Entry,Bachelor's Degree,7791
Retail,Mid,Associate Degree,5412
Defense,Senior,Associate Degree,3965
Defense,Entry,Bachelor's Degree,7418
Manufacturing,Entry,Master's Degree,7832
Agriculture,Senior,Master's Degree,7113
Logistics,Mid,Bachelor's Degree,6607
Technology,Mid,Master's Degree,8643
Retail,Mid,High School,3989
Mining,Senior,Bachelor's Degree,6405
Agriculture,Entry,High School,3547
Real Estate,Entry,Bachelor's Degree,6898
Energy,Senior,Associate Degree,4445
Education,Mid,Associate Degree,5074
Logistics,Mid,Associate Degree,4977
Logistics,Senior,PhD,9878
Manufacturing,Entry,Associate Degree,5332
Manufacturing,Entry,Bachelor's Degree,6087
Government,Mid,Bachelor's Degree,6663
Finance,Entry,Bachelor's Degree,7346
Transportation,Mid,High School,3946
Transportation,Mid,High School,3272
Logistics,Mid,Master's Degree,8916
Mining,Entry,Bachelor's Degree,5518
Healthcare,Entry,Associate Degree,4072
Government,Senior,Associate Degree,3848
Technology,Mid,Associate Degree,5281
Agriculture,Senior,Bachelor's Degree,6501
Transportation,Entry,Master's Degree,6704
Real Estate,Mid,High School,3226
Construction,Senior,Bachelor's Degree,7918
Healthcare,Mid,Bachelor's Degree,6778
Forestry,Entry,Master's Degree,8054
Manufacturing,Mid,Bachelor's Degree,6690
Transportation,Senior,Bachelor's Degree,6593
Mining,Entry,Bachelor's Degree,5715
Transportation,Mid,Master's Degree,8004
Real Estate,Mid,Master's Degree,8050
Legal,Mid,Master's Degree,7704
Media,Entry,Master's Degree,9280
Media,Senior,Master's Degree,8592
Retail,Senior,High School,4210
Forestry,Mid,Associate Degree,4819
Logistics,Entry,Bachelor's Degree,7933
Defense,Mid,Bachelor's Degree,6776
Engineering,Mid,Associate Degree,4313
Manufacturing,Entry,Master's Degree,6388
Media,Entry,Master's Degree,7455
Mining,Entry,PhD,9778
Transportation,Mid,Bachelor's Degree,6713
Agriculture,Mid,Master's Degree,8909
Education,Mid,Associate Degree,3871
Logistics,Mid,Master's Degree,6988
Manufacturing,Entry,Master's Degree,7588
Manufacturing,Senior,Master's Degree,8463
Construction,Entry,Master's Degree,8220
Education,Mid,Associate Degree,5442
Legal,Senior,Bachelor's Degree,7777
Forestry,Mid,Associate Degree,4923
Forestry,Senior,High School,4213
Transportation,Entry,PhD,9064
Logistics,Entry,Associate Degree,5535
Retail,Entry,High School,4146
Real Estate,Mid,Associate Degree,4699
Mining,Entry,Bachelor's Degree,6683
Forestry,Mid,Bachelor's Degree,6353
Defense,Entry,Master's Degree,6570
Engineering,Mid,Associate Degree,4596
Mining,Entry,Master's Degree,8260
Logistics,Entry,Bachelor's Degree,5910
Retail,Entry,Bachelor's Degree,7780
Real Estate,Senior,Associate Degree,4070
Construction,Mid,Associate Degree,4931
Retail,Mid,Bachelor's Degree,6330
Media,Senior,High School,3395
Forestry,Mid,Associate Degree,4471
Forestry,Entry,Master's Degree,8089
Energy,Entry,Bachelor's Degree,7398
Real Estate,Mid,High School,4732
Agriculture,Mid,Associate Degree,4111
Healthcare,Entry,Bachelor's Degree,7280
Construction,Mid,PhD,10379
Mining,Entry,Associate Degree,5336
Healthcare,Entry,Associate Degree,4607
Energy,Mid,Master's Degree,8247
Healthcare,Mid,High School,3801
Energy,Mid,Bachelor's Degree,7997
Legal,Entry,Associate Degree,3824
Defense,Entry,Associate Degree,4828
Government,Entry,Associate Degree,4810
Government,Mid,Associate Degree,4601
Mining,Entry,Associate Degree,4149
Agriculture,Entry,Master's Degree,7216
Mining,Entry,Bachelor's Degree,6860
Government,Entry,Bachelor's Degree,7842
Transportation,Mid,Associate Degree,4341
Transportation,Entry,Master's Degree,7261
Logistics,Mid,Bachelor's Degree,6345
Retail,Entry,Associate Degree,4144
Technology,Mid,Master's Degree,8222
Engineering,Entry,Master's Degree,7384
Energy,Entry,High School,3742
Fishing,Mid,High School,4809
Defense,Entry,Bachelor's Degree,6857
Defense,Mid,Master's Degree,6781
Technology,Senior,Master's Degree,9379
Engineering,Entry,Master's Degree,9452
Legal,Mid,Bachelor's Degree,6218
Mining,Entry,High School,4066
Retail,Mid,Bachelor's Degree,7276
Real Estate,Mid,Bachelor's Degree,5900
Media,Senior,High School,4669
Construction,Entry,Master's Degree,6859
Agriculture,Senior,High School,4060
Engineering,Mid,Associate Degree,4983
Retail,Entry,High School,3384
Real Estate,Entry,Bachelor's Degree,7820
Technology,Mid,Bachelor's Degree,6153
Finance,Senior,High School,3299
Agriculture,Entry,Master's Degree,6809
Education,Senior,Master's Degree,7897
Healthcare,Entry,Bachelor's Degree,6150
Forestry,Mid,Master's Degree,7435
Manufacturing,Entry,Bachelor's Degree,6671
Retail,Mid,Master's Degree,9489
Agriculture,Entry,High School,4204
Legal,Mid,Bachelor's Degree,7920
Fishing,Mid,Bachelor's Degree,7214
Defense,Senior,PhD,8663
Finance,Mid,Master's Degree,7914
Retail,Entry,PhD,11823
Healthcare,Entry,High School,4465
Retail,Entry,Associate Degree,5539
Retail,Mid,Associate Degree,4459
Technology,Mid,Master's Degree,6736
Defense,Mid,Associate Degree,4947
Agriculture,Senior,Bachelor's Degree,6420
Education,Mid,Master's Degree,8017
Construction,Mid,Master's Degree,6675
Media,Entry,Master's Degree,8904
Engineering,Entry,Master's Degree,6995
Defense,Entry,Master's Degree,6386
Agriculture,Senior,Bachelor's Degree,5519
Logistics,Mid,High School,3445
Defense,Mid,Master's Degree,9193
Forestry,Mid,Bachelor's Degree,7529
Fishing,Mid,Master's Degree,7542
Engineering,Mid,Master's Degree,8171
Forestry,Entry,High School,3396
Education,Entry,Associate Degree,4314
Retail,Mid,Associate Degree,5649
Transportation,Entry,High School,3453
Education,Entry,Bachelor's Degree,6866
Fishing,Entry,Master's Degree,8008
Finance,Entry,Bachelor's Degree,5727
Retail,Mid,Bachelor's Degree,7918
Retail,Mid,Master's Degree,9315
Construction,Mid,Bachelor's Degree,5711
Education,Senior,PhD,11506
Legal,Entry,Associate Degree,5497
Media,Mid,High School,3937
Defense,Senior,Bachelor's Degree,5720
Real Estate,Senior,Bachelor's Degree,5586
Media,Entry,Associate Degree,5051
Technology,Senior,Master's Degree,8086
Legal,Mid,Master's Degree,9319
Engineering,Mid,Associate Degree,4695
Agriculture,Entry,Master's Degree,7795
Finance,Entry,Bachelor's Degree,6757
Logistics,Entry,Bachelor's Degree,7067
Retail,Entry,Bachelor's Degree,7792
Fishing,Entry,Bachelor's Degree,6794
Engineering,Entry,Bachelor's Degree,7961
Engineering,Mid,Bachelor's Degree,5565
Mining,Entry,High School,3400
Legal,Entry,Master's Degree,8634
Energy,Senior,Master's Degree,7734
Media,Mid,High School,3910
Logistics,Mid,Bachelor's Degree,6878
Agriculture,Mid,Bachelor's Degree,6766
Energy,Mid,Bachelor's Degree,6927
Mining,Mid,Master's Degree,8410
Forestry,Senior,High School,4140
Mining,Mid,Associate Degree,4548
Construction,Mid,High School,3781
Media,Entry,Bachelor's Degree,7636
Agriculture,Entry,Bachelor's Degree,5653
Agriculture,Entry,High School,3712
Technology,Entry,Bachelor's Degree,6154
Healthcare,Entry,Master's Degree,7928
Forestry,Entry,Master's Degree,7405
Retail,Mid,High School,3569
Agriculture,Entry,Bachelor's Degree,7098
Healthcare,Entry,Associate Degree,4501
Construction,Mid,Associate Degree,5543
Finance,Mid,Bachelor's Degree,7365
Transportation,Entry,Master's Degree,8327
Forestry,Mid,Bachelor's Degree,7432
Logistics,Mid,Master's Degree,7544
Government,Senior,Bachelor's Degree,7713
Construction,Mid,High School,4674
Mining,Entry,Bachelor's Degree,7192
Agriculture,Entry,Bachelor's Degree,6089
Manufacturing,Entry,Master's Degree,6552
Finance,Senior,Bachelor's Degree,6159
Transportation,Mid,Master's Degree,6418
Manufacturing,Mid,Bachelor's Degree,6707
Retail,Entry,Master's Degree,8288
Mining,Entry,Associate Degree,3835
Mining,Mid,High School,4091
Logistics,Entry,Master's Degree,9450
Real Estate,Entry,Master's Degree,7589
Manufacturing,Mid,Master's Degree,8986
Legal,Entry,Bachelor's Degree,7903
Legal,Entry,Associate Degree,4325
Engineering,Entry,Associate Degree,3948
Defense,Mid,Bachelor's Degree,7302
Transportation,Entry,Associate Degree,5026
Education,Entry,PhD,8041
Mining,Entry,PhD,10152
Mining,Senior,Associate Degree,4284
Media,Senior,Bachelor's Degree,5940
Fishing,Entry,Associate Degree,4094
Fishing,Senior,High School,3623
Technology,Senior,Master's Degree,6381
Real Estate,Entry,Master's Degree,7475
Transportation,Mid,Associate Degree,4527
Retail,Entry,Associate Degree,4573
Energy,Entry,Associate Degree,5670
Manufacturing,Senior,High School,3609
Real Estate,Entry,PhD,10919
Finance,Entry,Associate Degree,4348
Real Estate,Entry,Bachelor's Degree,7657
Fishing,Mid,Master's Degree,8872
Finance,Entry,Master's Degree,9452
Manufacturing,Mid,Master's Degree,8118
Mining,Mid,Bachelor's Degree,7610
Transportation,Senior,PhD,9580
Education,Mid,Bachelor's Degree,5706
Transportation,Entry,Associate Degree,5213
Legal,Mid,High School,4772
Transportation,Mid,PhD,11261
Education,Mid,Bachelor's Degree,6001
Government,Entry,Master's Degree,7323
Engineering,Mid,Associate Degree,4358
Agriculture,Mid,Bachelor's Degree,6197
Fishing,Entry,Bachelor's Degree,7563
Finance,Entry,Associate Degree,4171
Engineering,Mid,Bachelor's Degree,7406
Energy,Mid,Master's Degree,7037
Media,Entry,High School,3856
Engineering,Mid,PhD,8422
Legal,Mid,PhD,10611
Energy,Mid,Bachelor's Degree,7293
Real Estate,Mid,Bachelor's Degree,6183
Engineering,Mid,Bachelor's Degree,7909
Government,Entry,Bachelor's Degree,7973
Engineering,Mid,Master's Degree,8790
Forestry,Entry,Bachelor's Degree,6189
Healthcare,Senior,High School,3333
Engineering,Entry,Bachelor's Degree,5528
Government,Mid,Associate Degree,3934
Government,Mid,High School,3816
Defense,Entry,Associate Degree,4944
Government,Entry,High School,4553
Engineering,Entry,High School,4181
Forestry,Mid,Bachelor's Degree,7292
Transportation,Mid,Master's Degree,8903
Real Estate,Entry,Bachelor's Degree,6201
Legal,Entry,Bachelor's Degree,7858
Construction,Mid,Bachelor's Degree,7667
Finance,Entry,Bachelor's Degree,6674
Logistics,Senior,Associate Degree,4661
Energy,Senior,High School,3916
Mining,Mid,Bachelor's Degree,7699
Energy,Entry,Bachelor's Degree,7466
Forestry,Mid,High School,3744
Real Estate,Entry,Bachelor's Degree,5789
Fishing,Entry,Bachelor's Degree,7352
Mining,Mid,Associate Degree,4727
Engineering,Entry,Associate Degree,5260
Government,Mid,High School,3298
Forestry,Senior,Bachelor's Degree,6440
Media,Senior,Associate Degree,4137
Real Estate,Entry,PhD,9707
Defense,Mid,High School,4379
Media,Entry,Associate Degree,4803
Manufacturing,Mid,Associate Degree,5072
Technology,Entry,High School,4227
Fishing,Mid,Master's Degree,6408
Real Estate,Mid,High School,4290
Legal,Mid,Associate Degree,5282
Transportation,Senior,Bachelor's Degree,7124
Healthcare,Entry,Associate Degree,4675
Finance,Entry,Associate Degree,5424
Construction,Entry,Associate Degree,4510
Education,Mid,Associate Degree,5109
Manufacturing,Senior,Master's Degree,9452
Government,Mid,High School,4275
Fishing,Senior,Associate Degree,4989
Manufacturing,Mid,Master's Degree,6930
Healthcare,Mid,Master's Degree,9501
Finance,Entry,Associate Degree,5475
Construction,Entry,Master's Degree,6509
Forestry,Entry,High School,4629
Healthcare,Senior,Bachelor's Degree,7648
Fishing,Entry,Master's Degree,7106
Transportation,Mid,Associate Degree,4816
Manufacturing,Entry,Master's Degree,6949
Technology,Senior,Bachelor's Degree,6165
Engineering,Senior,PhD,10377
Fishing,Entry,Associate Degree,4904
Construction,Mid,Associate Degree,5692
Defense,Entry,Bachelor's Degree,7086
Forestry,Entry,Bachelor's Degree,7552
Fishing,Entry,High School,4398
Real Estate,Mid,Associate Degree,4945
Engineering,Entry,Master's Degree,6394
Forestry,Mid,High School,4700
Transportation,Entry,Bachelor's Degree,5550
Technology,Mid,Associate Degree,4706
Energy,Mid,High School,4109
Legal,Mid,Associate Degree,5311
Real Estate,Senior,Bachelor's Degree,5794
Media,Mid,Master's Degree,7836
Media,Mid,Master's Degree,7333
Transportation,Mid,Bachelor's Degree,5584
Healthcare,Senior,PhD,9307
Retail,Senior,Bachelor's Degree,7736
Manufacturing,Mid,Master's Degree,8241
Legal,Entry,Bachelor's Degree,7038
Education,Entry,Bachelor's Degree,5926
Forestry,Entry,Bachelor's Degree,7101
Agriculture,Mid,Master's Degree,6868
Legal,Mid,Master's Degree,6728
Defense,Mid,Bachelor's Degree,6069
Legal,Senior,High School,3972
Healthcare,Mid,Master's Degree,6779
Forestry,Mid,Associate Degree,4246
Energy,Entry,High School,4564
Engineering,Entry,Associate Degree,4291
Media,Mid,Associate Degree,5090
Agriculture,Mid,Bachelor's Degree,7579
Manufacturing,Mid,Associate Degree,4857
Logistics,Mid,Bachelor's Degree,6309
Retail,Entry,Bachelor's Degree,6531
Forestry,Entry,Bachelor's Degree,7342
Legal,Entry,PhD,11712
Technology,Mid,High School,3683
Engineering,Senior,Associate Degree,4377
Manufacturing,Mid,Associate Degree,5552
Agriculture,Entry,Bachelor's Degree,7167
Fishing,Mid,Associate Degree,5625
Forestry,Mid,Bachelor's Degree,5645
Forestry,Entry,Bachelor's Degree,7017
Media,Entry,Master's Degree,8695
Mining,Mid,Associate Degree,4252
Technology,Mid,Associate Degree,5522
Mining,Mid,Associate Degree,4455
Healthcare,Senior,Associate Degree,4340
Healthcare,Entry,Master's Degree,8416
Healthcare,Entry,High School,4764
Construction,Entry,Bachelor's Degree,5807
Healthcare,Mid,Associate Degree,5207
Defense,Mid,Master's Degree,7670
Real Estate,Entry,High School,4829
Government,Mid,Bachelor's Degree,7890
Government,Senior,High School,4483
Fishing,Entry,Bachelor's Degree,6593
Education,Mid,Bachelor's Degree,6045
Finance,Entry,High School,4685
Construction,Entry,Master's Degree,7631
Logistics,Entry,Associate Degree,4944
Legal,Entry,Associate Degree,5030
Logistics,Entry,Associate Degree,4479
Forestry,Entry,PhD,8051
Agriculture,Entry,Bachelor's Degree,5412
Healthcare,Entry,High School,4286
Education,Senior,High School,3665
Transportation,Entry,Associate Degree,5510
Energy,Entry,Master's Degree,6833
Real Estate,Senior,Bachelor's Degree,5377
Healthcare,Entry,Bachelor's Degree,7647
Real Estate,Entry,High School,3570
Healthcare,Mid,Bachelor's Degree,5908
Media,Entry,Bachelor's Degree,7824
Mining,Senior,Associate Degree,5053
Defense,Entry,Bachelor's Degree,6788
Retail,Mid,Bachelor's Degree,7040
Fishing,Entry,Associate Degree,5395
Logistics,Entry,High School,3458
Mining,Mid,Associate Degree,4086
Transportation,Entry,Associate Degree,5513
Legal,Mid,Associate Degree,4444
Technology,Senior,Bachelor's Degree,6567
Legal,Entry,Associate Degree,3893
Manufacturing,Entry,Master's Degree,8240
Government,Mid,High School,3857
Forestry,Mid,Associate Degree,4789
Technology,Mid,Bachelor's Degree,7629
Education,Entry,Bachelor's Degree,6263
Technology,Entry,Bachelor's Degree,6461
Construction,Entry,Bachelor's Degree,5584
Technology,Entry,Associate Degree,5124
Media,Mid,Associate Degree,4492
Healthcare,Senior,Master's Degree,9111
Manufacturing,Mid,High School,4443
Healthcare,Mid,High School,3803
Legal,Entry,Bachelor's Degree,7498
Media,Mid,Bachelor's Degree,6156
Fishing,Mid,Bachelor's Degree,6304
Construction,Mid,Bachelor's Degree,5507
Education,Entry,Master's Degree,8335
Forestry,Entry,Associate Degree,4331
Real Estate,Senior,Associate Degree,5001
Government,Mid,Master's Degree,6650
Media,Mid,Associate Degree,4390
Engineering,Entry,Bachelor's Degree,6231
Agriculture,Mid,PhD,11705
Energy,Senior,Bachelor's Degree,7133
Real Estate,Entry,Master's Degree,7932
Defense,Mid,Associate Degree,4113
Construction,Entry,Master's Degree,7960
Healthcare,Entry,High School,4215
Healthcare,Senior,Bachelor's Degree,6654
Education,Mid,Master's Degree,7139
Logistics,Entry,Bachelor's Degree,5831
Logistics,Mid,High School,3778
Government,Mid,Bachelor's Degree,7256
Transportation,Entry,Associate Degree,4089
Transportation,Entry,Bachelor's Degree,6641
Construction,Mid,High School,3825
Transportation,Mid,Associate Degree,4554
Finance,Senior,Bachelor's Degree,6823
Legal,Entry,Associate Degree,4118
Mining,Senior,Bachelor's Degree,7939
Retail,Entry,Associate Degree,4918
Construction,Mid,Associate Degree,4390
Energy,Mid,Bachelor's Degree,6207
Energy,Mid,High School,3752
Healthcare,Entry,Bachelor's Degree,7969
Education,Mid,PhD,8137
Fishing,Entry,Bachelor's Degree,6612
Mining,Mid,PhD,10419
Finance,Entry,Bachelor's Degree,6372
Fishing,Entry,Associate Degree,5634
Real Estate,Mid,Associate Degree,5573
Construction,Entry,Master's Degree,7651
Defense,Entry,High School,4618
Real Estate,Mid,Associate Degree,4063
Transportation,Entry,Bachelor's Degree,6232
Logistics,Mid,Bachelor's Degree,5911
Manufacturing,Entry,Bachelor's Degree,5645
Education,Entry,Bachelor's Degree,6134
Finance,Senior,Master's Degree,7712
Fishing,Entry,Associate Degree,3945
Media,Mid,Bachelor's Degree,6101
Education,Mid,High School,3231
Technology,Mid,Master's Degree,8171
Engineering,Entry,Master's Degree,8081
Retail,Senior,Bachelor's Degree,5585
Fishing,Entry,Associate Degree,5524
Education,Mid,Associate Degree,4217
Energy,Mid,PhD,9390
Engineering,Entry,PhD,8045
Technology,Senior,Bachelor's Degree,5904
Transportation,Entry,High School,3698
Defense,Mid,Master's Degree,8395
Fishing,Entry,Bachelor's Degree,7662
Government,Mid,Master's Degree,8210
Retail,Senior,High School,3579
Real Estate,Entry,Bachelor's Degree,6140
Mining,Senior,Associate Degree,4503
Media,Entry,Master's Degree,7183
Engineering,Mid,Associate Degree,4891
Healthcare,Mid,Bachelor's Degree,6681
Transportation,Entry,Bachelor's Degree,6692
Education,Mid,Associate Degree,4396
Construction,Entry,Associate Degree,4901
Construction,Entry,Associate Degree,4019
Retail,Mid,Associate Degree,4011
Transportation,Mid,Bachelor's Degree,5586
Logistics,Mid,Bachelor's Degree,7609
Defense,Entry,High School,3327
Construction,Senior,Master's Degree,7409
Education,Entry,Associate Degree,4999
Mining,Entry,Master's Degree,6659
Real Estate,Entry,Master's Degree,8590
Logistics,Entry,Associate Degree,5073
Real Estate,Mid,Master's Degree,6706
Finance,Mid,Master's Degree,6766
Healthcare,Entry,High School,3494
Mining,Senior,Associate Degree,4802
Defense,Mid,Bachelor's Degree,5676
Logistics,Senior,Bachelor's Degree,8010
Retail,Senior,Bachelor's Degree,6178
Transportation,Mid,Master's Degree,8418
Engineering,Entry,Associate Degree,4750
Logistics,Entry,Associate Degree,4205
Construction,Mid,Bachelor's Degree,7529
Transportation,Mid,Bachelor's Degree,6508
Engineering,Mid,Bachelor's Degree,5900
Transportation,Mid,Bachelor's Degree,7301
Technology,Mid,Bachelor's Degree,6005
Forestry,Mid,Associate Degree,4081
Real Estate,Entry,High School,4041
Engineering,Entry,High School,4668
Construction,Entry,Bachelor's Degree,6292
Healthcare,Entry,PhD,10177
Retail,Entry,Associate Degree,5529
Mining,Entry,Bachelor's Degree,7671
Government,Entry,Associate Degree,4877
Defense,Mid,Bachelor's Degree,7813
Energy,Senior,Bachelor's Degree,7816
Forestry,Mid,Bachelor's Degree,7104
Legal,Mid,Associate Degree,4648
Real Estate,Entry,Master's Degree,7792
Healthcare,Senior,Master's Degree,6983
Legal,Mid,Associate Degree,4947
Agriculture,Entry,Associate Degree,5517
Defense,Mid,Associate Degree,4645
Technology,Mid,High School,4142
Education,Mid,Associate Degree,5273
Defense,Mid,PhD,10520
Engineering,Mid,Bachelor's Degree,6648
Real Estate,Mid,Associate Degree,5627
Manufacturing,Senior,Bachelor's Degree,6906
Mining,Mid,Bachelor's Degree,6862
Energy,Mid,Master's Degree,8411
Manufacturing,Mid,Bachelor's Degree,6626
Logistics,Senior,Associate Degree,5407
Agriculture,Senior,Bachelor's Degree,6418
Transportation,Senior,Bachelor's Degree,7068
Healthcare,Mid,Master's Degree,7446
Media,Senior,Associate Degree,4127
Forestry,Entry,Associate Degree,4579
Fishing,Mid,Bachelor's Degree,7284
Technology,Entry,Bachelor's Degree,7736
Technology,Entry,Associate Degree,3989
Media,Mid,Associate Degree,5356
Technology,Senior,PhD,8007
Technology,Mid,Associate Degree,4345
Healthcare,Mid,Master's Degree,6451
Defense,Entry,Bachelor's Degree,5362
Mining,Mid,Master's Degree,8741
Finance,Entry,High School,4546
Mining,Entry,Associate Degree,4491
Education,Mid,Bachelor's Degree,7264
Forestry,Entry,Associate Degree,4931
Retail,Mid,Associate Degree,4729
Defense,Senior,Associate Degree,5195
Logistics,Entry,Bachelor's Degree,7569
Government,Senior,Associate Degree,5358
Manufacturing,Entry,High School,4669
Manufacturing,Entry,Bachelor's Degree,6635
Legal,Entry,Associate Degree,4551
Defense,Mid,Associate Degree,3958
Real Estate,Entry,Bachelor's Degree,5676
Education,Senior,Associate Degree,4702
Mining,Mid,Master's Degree,6597
Media,Mid,Associate Degree,5313
Forestry,Senior,Bachelor's Degree,6103
Technology,Entry,Master's Degree,7997
Mining,Entry,Associate Degree,5606
Mining,Entry,PhD,10414
Transportation,Entry,Associate Degree,4421
Media,Entry,Master's Degree,7211
Healthcare,Entry,Associate Degree,4066
Forestry,Mid,Bachelor's Degree,6810
Media,Entry,High School,4667
Energy,Mid,Associate Degree,4252
Government,Entry,Associate Degree,4672
Legal,Mid,PhD,9863
Finance,Senior,Associate Degree,5614
Retail,Mid,Master's Degree,7608
Healthcare,Mid,High School,3845
Government,Entry,Bachelor's Degree,5692
Retail,Entry,Bachelor's Degree,6775
Mining,Mid,Associate Degree,4869
Manufacturing,Mid,Bachelor's Degree,6604
Government,Senior,PhD,10245
Energy,Entry,Bachelor's Degree,6382
Construction,Mid,Bachelor's Degree,7073
Agriculture,Entry,Master's Degree,7870
Mining,Entry,High School,3279
Retail,Senior,Bachelor's Degree,7125
Real Estate,Entry,High School,3322
Forestry,Entry,High School,3882
Technology,Mid,Master's Degree,7784
Defense,Mid,High School,3814
Construction,Entry,High School,4402
Fishing,Senior,Associate Degree,4070
Legal,Senior,Bachelor's Degree,6484
Real Estate,Entry,Master's Degree,9067
Transportation,Mid,High School,3430
Technology,Entry,Associate Degree,4612
Mining,Senior,High School,3753
Energy,Entry,High School,3323
Agriculture,Entry,Associate Degree,3983
Healthcare,Senior,Bachelor's Degree,5714
Engineering,Senior,Associate Degree,5165
Agriculture,Mid,Bachelor's Degree,5862
Forestry,Entry,Associate Degree,4881
Retail,Entry,Associate Degree,4958
Logistics,Mid,High School,4310
Retail,Mid,Bachelor's Degree,7316
Technology,Senior,Bachelor's Degree,7940
Technology,Entry,High School,4405
Technology,Mid,Associate Degree,4499
Agriculture,Entry,Bachelor's Degree,7088
Transportation,Entry,Master's Degree,8905
Healthcare,Mid,Bachelor's Degree,6424
Agriculture,Mid,Master's Degree,8362
Education,Senior,Associate Degree,4155
Mining,Entry,Bachelor's Degree,7671
Manufacturing,Mid,Bachelor's Degree,5496
Education,Senior,Master's Degree,6841
Technology,Senior,Bachelor's Degree,5999
Government,Mid,High School,3668
Agriculture,Senior,High School,4613
Fishing,Mid,High School,4205
Logistics,Entry,Associate Degree,4208
Media,Senior,Bachelor's Degree,7261
Defense,Senior,Master's Degree,8421
Legal,Mid,Master's Degree,7349
Real Estate,Senior,PhD,9570
Defense,Mid,Bachelor's Degree,5933
Legal,Entry,High School,4599
Media,Mid,Bachelor's Degree,5865
Mining,Mid,Associate Degree,5347
Retail,Entry,Associate Degree,4668
Media,Mid,Bachelor's Degree,6387
Forestry,Entry,Associate Degree,3873
Forestry,Entry,Bachelor's Degree,6795
Government,Entry,Associate Degree,5710
Media,Mid,Bachelor's Degree,6107
Real Estate,Entry,Bachelor's Degree,7237
Defense,Senior,Master's Degree,7322
Manufacturing,Mid,High School,4458
Agriculture,Senior,Associate Degree,4607
Legal,Entry,Bachelor's Degree,7207
Technology,Mid,Associate Degree,4165
Finance,Entry,Bachelor's Degree,7524
Logistics,Mid,Associate Degree,5468
Energy,Entry,Master's Degree,6402
Real Estate,Entry,Associate Degree,4868
Finance,Entry,Bachelor's Degree,5831
Defense,Senior,Associate Degree,3991
Mining,Entry,Associate Degree,4239
Education,Entry,Bachelor's Degree,7748
Transportation,Mid,PhD,11789
Media,Entry,PhD,10066
Media,Entry,Master's Degree,6669
Agriculture,Entry,High School,3361
Engineering,Mid,Associate Degree,3915
Legal,Entry,High School,4212
Education,Senior,Bachelor's Degree,5870
Logistics,Entry,High School,3338
Transportation,Mid,Associate Degree,4864
Retail,Entry,Bachelor's Degree,5494
Defense,Mid,Bachelor's Degree,6273
Real Estate,Senior,Bachelor's Degree,6783
Real Estate,Mid,High School,4111
Technology,Entry,Master's Degree,8109
Defense,Entry,Associate Degree,4068
Finance,Senior,Master's Degree,6845
Finance,Mid,High School,3856
Government,Mid,High School,3288
Forestry,Senior,PhD,10100
Healthcare,Mid,Associate Degree,5296
Defense,Entry,Bachelor's Degree,6627
Engineering,Mid,High School,3942
Transportation,Entry,PhD,9080
Retail,Senior,Bachelor's Degree,7424
Retail,Entry,Master's Degree,8929
Healthcare,Mid,High School,4721
Finance,Mid,High School,4219
Engineering,Mid,Associate Degree,3961
Technology,Entry,Bachelor's Degree,7939
Forestry,Senior,Associate Degree,3842
Fishing,Senior,Bachelor's Degree,5713
Manufacturing,Mid,High School,3847
Defense,Mid,Associate Degree,5174
Legal,Mid,Associate Degree,5244
Fishing,Senior,Master's Degree,9163
Defense,Entry,Master's Degree,6632
Fishing,Mid,Bachelor's Degree,7237
Manufacturing,Entry,Associate Degree,4069
Technology,Entry,Bachelor's Degree,5791
Manufacturing,Mid,Bachelor's Degree,5435
Fishing,Senior,High School,4532
Construction,Mid,High School,4711
Finance,Entry,Associate Degree,4412
Finance,Entry,Bachelor's Degree,5867
Engineering,Mid,Bachelor's Degree,7969
Defense,Entry,High School,4153
Logistics,Senior,Associate Degree,4882
Technology,Entry,Master's Degree,8476
Mining,Entry,Master's Degree,9272
Agriculture,Entry,Associate Degree,4782
Real Estate,Entry,Bachelor's Degree,7993
Agriculture,Mid,PhD,8978
Fishing,Senior,Bachelor's Degree,7176
Manufacturing,Mid,PhD,7951
Engineering,Entry,Associate Degree,4138
Education,Entry,Bachelor's Degree,6362
Agriculture,Entry,Associate Degree,4174
Retail,Entry,Associate Degree,4711
Media,Senior,Master's Degree,6418
Transportation,Mid,Associate Degree,3954
Government,Mid,High School,4495
Healthcare,Mid,High School,3412
Media,Entry,Associate Degree,4988
Legal,Senior,Bachelor's Degree,6224
Manufacturing,Mid,Bachelor's Degree,7732
Mining,Entry,Associate Degree,4571
Media,Mid,PhD,11804
Forestry,Mid,High School,3654
Transportation,Senior,Master's Degree,6967
Construction,Mid,High School,4391
Construction,Mid,Associate Degree,3917
Retail,Senior,Bachelor's Degree,5796
Media,Entry,High School,3609
Media,Entry,Bachelor's Degree,7681
Logistics,Entry,Associate Degree,5007
Healthcare,Entry,Associate Degree,5153
Energy,Mid,PhD,10823
Finance,Mid,Associate Degree,3928
Energy,Senior,Bachelor's Degree,5476
Education,Senior,Bachelor's Degree,5835
Engineering,Senior,High School,4623
Defense,Senior,Master's Degree,9372
Defense,Mid,Bachelor's Degree,6776
Engineering,Entry,PhD,9373
Energy,Mid,Bachelor's Degree,6279
Energy,Mid,Master's Degree,9126
Healthcare,Entry,Master's Degree,8534
Real Estate,Senior,Associate Degree,5569
Media,Senior,Master's Degree,6386
Fishing,Senior,High School,4153
Legal,Entry,High School,3687
Defense,Entry,Associate Degree,5159
Finance,Mid,Bachelor's Degree,7757
Finance,Entry,High School,4098
Retail,Mid,Master's Degree,7138
Media,Senior,Bachelor's Degree,7737
Defense,Senior,High School,4709
Agriculture,Entry,Bachelor's Degree,7742
Education,Senior,Master's Degree,6818
Energy,Entry,High School,4674
Healthcare,Senior,PhD,9253
Government,Senior,Master's Degree,9269
Engineering,Entry,Bachelor's Degree,6384
Education,Entry,Associate Degree,5000
Real Estate,Mid,Associate Degree,4348
Media,Senior,High School,3458
Government,Mid,Bachelor's Degree,6180
Mining,Entry,Master's Degree,6394
Education,Mid,Bachelor's Degree,7638
Legal,Entry,High School,3874
Agriculture,Senior,High School,3517
Manufacturing,Mid,PhD,8694
Healthcare,Entry,High School,3418
Real Estate,Mid,Bachelor's Degree,5674
Engineering,Entry,Associate Degree,5189
Mining,Senior,Associate Degree,4239
Finance,Entry,Associate Degree,5340
Fishing,Entry,High School,4746
Media,Entry,High School,3557
Forestry,Entry,Associate Degree,5577
Logistics,Mid,Bachelor's Degree,7522
Agriculture,Entry,Bachelor's Degree,5626
Retail,Entry,Master's Degree,7999
Retail,Senior,Bachelor's Degree,5788
Real Estate,Entry,Bachelor's Degree,5525
Education,Mid,Master's Degree,7936
Transportation,Senior,Bachelor's Degree,7376
Healthcare,Mid,Bachelor's Degree,7401
Legal,Mid,Master's Degree,8553
Retail,Entry,Bachelor's Degree,6687
Defense,Entry,Bachelor's Degree,6945
Logistics,Senior,Bachelor's Degree,6092
Manufacturing,Mid,PhD,11122
Forestry,Entry,High School,4003
Construction,Mid,Associate Degree,4193
Engineering,Entry,Master's Degree,7545
Technology,Entry,Bachelor's Degree,7092
Engineering,Mid,Bachelor's Degree,6720
Real Estate,Mid,Bachelor's Degree,7660
Agriculture,Mid,PhD,11826
Transportation,Entry,Master's Degree,6671
Finance,Entry,High School,4823
Education,Entry,Associate Degree,5086
Energy,Entry,Associate Degree,5313
Healthcare,Mid,Associate Degree,5536
Engineering,Mid,Master's Degree,6640
Energy,Mid,PhD,8847
Legal,Entry,High School,3844
Engineering,Senior,Bachelor's Degree,6980
Retail,Mid,Bachelor's Degree,5663
Legal,Entry,Master's Degree,6403
Technology,Mid,Bachelor's Degree,7918
Finance,Mid,Bachelor's Degree,5497
Mining,Entry,Master's Degree,8725
Agriculture,Senior,Bachelor's Degree,7859
Fishing,Mid,Associate Degree,4520
Finance,Senior,High School,3518
Media,Senior,Bachelor's Degree,5829
Education,Senior,Master's Degree,9149
Defense,Entry,Associate Degree,4370
Manufacturing,Mid,Master's Degree,7796
Construction,Entry,Master's Degree,7772
Defense,Mid,High School,4318
Manufacturing,Senior,Bachelor's Degree,7492
Manufacturing,Senior,High School,4476
Real Estate,Entry,Associate Degree,4443
Real Estate,Mid,Associate Degree,5206
Education,Entry,Master's Degree,8222
Real Estate,Entry,Bachelor's Degree,7732
Retail,Entry,Master's Degree,9383
Engineering,Entry,High School,4474
Mining,Mid,Bachelor's Degree,6963
Finance,Mid,Master's Degree,8649
Manufacturing,Senior,High School,4132
Agriculture,Entry,High School,4800
Fishing,Entry,Bachelor's Degree,6379
Government,Senior,Associate Degree,5352
Forestry,Mid,High School,4594
Mining,Senior,Master's Degree,8860
Transportation,Senior,Associate Degree,4302
Media,Senior,High School,3891
Media,Senior,High School,4645
Engineering,Entry,High School,4187
Engineering,Entry,Master's Degree,7972
Defense,Senior,Master's Degree,7747
Energy,Entry,Associate Degree,5297
Mining,Mid,Master's Degree,7294
Government,Entry,Master's Degree,8822
Retail,Mid,Bachelor's Degree,5961
Finance,Senior,Associate Degree,5162
Agriculture,Mid,Master's Degree,6442
Energy,Senior,Associate Degree,3938
Transportation,Mid,Bachelor's Degree,5824
Legal,Entry,Associate Degree,4530
Transportation,Senior,Bachelor's Degree,5683
Construction,Entry,Master's Degree,6634
Healthcare,Entry,Bachelor's Degree,6295
Legal,Senior,Bachelor's Degree,7153
Legal,Mid,High School,4337
Healthcare,Senior,High School,4810
Mining,Senior,Associate Degree,5094
Transportation,Entry,Master's Degree,8317
Real Estate,Mid,Bachelor's Degree,7149
Construction,Senior,PhD,8990
Energy,Entry,Bachelor's Degree,7551
Construction,Mid,Bachelor's Degree,6743
Healthcare,Entry,High School,4475
Engineering,Entry,Associate Degree,4864
Real Estate,Mid,High School,3553
Government,Entry,PhD,8539
Legal,Senior,High School,4305
Construction,Mid,Bachelor's Degree,6552
Real Estate,Mid,Master's Degree,7769
Healthcare,Senior,Bachelor's Degree,6948
Legal,Mid,Bachelor's Degree,7562
Logistics,Mid,Associate Degree,4927
Healthcare,Entry,Associate Degree,5039
Technology,Mid,Bachelor's Degree,7530
Technology,Entry,Bachelor's Degree,7923
Logistics,Mid,High School,4770
Fishing,Entry,Associate Degree,5143
Education,Mid,High School,3442
Legal,Senior,Bachelor's Degree,7691
Fishing,Entry,Associate Degree,4801
Logistics,Mid,Associate Degree,5423
Manufacturing,Entry,Bachelor's Degree,6885
Technology,Mid,Associate Degree,5303
Transportation,Entry,High School,4741
Technology,Senior,Master's Degree,6879
Engineering,Entry,High School,3587
Finance,Mid,Associate Degree,5559
Transportation,Senior,Master's Degree,8406
Government,Mid,PhD,11671
Defense,Senior,Associate Degree,4603
Real Estate,Entry,Master's Degree,7321
Logistics,Entry,Associate Degree,4080
Energy,Mid,Associate Degree,4009
Fishing,Entry,Associate Degree,4301
Legal,Senior,Associate Degree,5209
Agriculture,Senior,Master's Degree,6662
Energy,Entry,Associate Degree,5410
Agriculture,Entry,Bachelor's Degree,6006
Manufacturing,Mid,High School,4706
Agriculture,Entry,Bachelor's Degree,5837
